"","X","Country","Pop","TransitionID","Survived","NewPlant","StartBiomassIndex","EndBiomassIndex","EndFlowering","StartFlowering","StartSeedProduction","EndSeedProduction","Quadrat","logseed"
"1",1,"Norway","ardal","summer2022",TRUE,FALSE,14.3,15.6,FALSE,FALSE,NA,NA,1,NA
"2",2,"Norway","ardal","summer2022",TRUE,FALSE,NA,11.2,FALSE,TRUE,NA,NA,1,NA
"3",3,"Norway","ardal","summer2022",FALSE,NA,27.6,NA,NA,TRUE,NA,NA,1,NA
"4",4,"Norway","ardal","summer2022",TRUE,TRUE,NA,10,FALSE,NA,NA,NA,1,NA
"5",5,"Norway","ardal","summer2022",TRUE,TRUE,NA,49.4,FALSE,NA,NA,NA,1,NA
"6",6,"Norway","ardal","summer2022",TRUE,FALSE,156.8,245,TRUE,TRUE,NA,600.6,2,6.39792915554923
"7",7,"Norway","ardal","summer2022",TRUE,FALSE,82.8,258,TRUE,TRUE,NA,249.9,2,5.52106083784091
"8",8,"Norway","ardal","summer2022",TRUE,FALSE,98.8,114,FALSE,TRUE,NA,NA,2,NA
"9",9,"Norway","ardal","summer2022",TRUE,FALSE,95,408,TRUE,TRUE,NA,1047.2,2,6.95387521459569
"10",10,"Norway","ardal","summer2022",TRUE,FALSE,29.4,46.5,FALSE,FALSE,NA,NA,2,NA
"11",11,"Norway","ardal","summer2022",TRUE,FALSE,8,14.4,FALSE,FALSE,NA,NA,2,NA
"12",12,"Norway","ardal","summer2022",TRUE,FALSE,27,19.2,FALSE,FALSE,NA,NA,3,NA
"13",13,"Norway","ardal","summer2022",TRUE,FALSE,43.2,110.2,TRUE,TRUE,NA,NA,3,NA
"14",14,"Norway","ardal","summer2022",TRUE,TRUE,NA,44.2,TRUE,NA,NA,545.3,3,6.30133610193202
"15",15,"Norway","ardal","summer2022",TRUE,FALSE,143.5,103.6,TRUE,TRUE,NA,NA,4,NA
"16",16,"Norway","ardal","summer2022",TRUE,FALSE,4,14.4,FALSE,FALSE,NA,NA,4,NA
"17",17,"Norway","ardal","summer2022",TRUE,FALSE,6.4,37.5,FALSE,FALSE,NA,NA,4,NA
"18",18,"Norway","ardal","summer2022",TRUE,FALSE,197.6,176,TRUE,TRUE,NA,NA,4,NA
"19",19,"Norway","ardal","summer2022",TRUE,FALSE,18.2,27.2,FALSE,FALSE,NA,NA,4,NA
"20",20,"Norway","ardal","summer2022",TRUE,FALSE,33.6,39.2,FALSE,FALSE,NA,NA,4,NA
"21",21,"Norway","ardal","summer2022",TRUE,FALSE,56,9,TRUE,TRUE,NA,NA,4,NA
"22",22,"Norway","ardal","summer2022",TRUE,TRUE,NA,6.5,FALSE,NA,NA,NA,4,NA
"23",23,"Norway","ardal","summer2022",TRUE,TRUE,NA,21,FALSE,NA,NA,NA,4,NA
"24",24,"Norway","ardal","summer2022",TRUE,TRUE,NA,8,FALSE,NA,NA,NA,4,NA
"25",25,"Norway","ardal","summer2022",TRUE,TRUE,NA,16.8,FALSE,NA,NA,NA,4,NA
"26",26,"Norway","ardal","summer2022",TRUE,TRUE,NA,8.5,FALSE,NA,NA,NA,4,NA
"27",27,"Norway","ardal","summer2022",TRUE,FALSE,55.2,75,TRUE,TRUE,NA,186.2,5,5.22682136484297
"28",28,"Norway","ardal","summer2022",TRUE,FALSE,57,35.1,FALSE,TRUE,NA,NA,5,NA
"29",29,"Norway","ardal","summer2022",TRUE,FALSE,39,46.8,TRUE,FALSE,NA,NA,5,NA
"30",30,"Norway","ardal","summer2022",TRUE,FALSE,19.5,13.2,FALSE,FALSE,NA,NA,5,NA
"31",31,"Norway","ardal","summer2022",TRUE,FALSE,46.5,89.7,FALSE,FALSE,NA,NA,5,NA
"32",32,"Norway","ardal","summer2022",TRUE,FALSE,19.2,28,TRUE,TRUE,NA,NA,5,NA
"33",33,"Norway","ardal","summer2022",TRUE,FALSE,16.8,22.5,FALSE,FALSE,NA,NA,5,NA
"34",34,"Norway","ardal","summer2022",TRUE,FALSE,15,5.6,FALSE,FALSE,NA,NA,5,NA
"35",35,"Norway","ardal","summer2022",TRUE,FALSE,41.8,51.2,TRUE,FALSE,NA,NA,5,NA
"36",36,"Norway","ardal","summer2022",TRUE,TRUE,NA,5,FALSE,NA,NA,NA,5,NA
"37",37,"Norway","ardal","summer2022",TRUE,TRUE,NA,12,FALSE,NA,NA,NA,5,NA
"38",38,"Norway","ardal","summer2022",TRUE,FALSE,105.6,46.2,TRUE,TRUE,NA,94.5,6,4.5485998344997
"39",39,"Norway","ardal","summer2022",TRUE,FALSE,27.6,29.4,TRUE,TRUE,NA,226.8,6,5.4240685718536
"40",40,"Norway","ardal","summer2022",TRUE,FALSE,4.8,7,TRUE,TRUE,NA,NA,6,NA
"41",41,"Norway","ardal","summer2022",FALSE,NA,7.2,NA,NA,FALSE,NA,NA,6,NA
"42",42,"Norway","ardal","summer2022",TRUE,FALSE,46.4,49.3,TRUE,TRUE,NA,25.2,6,3.22684399451738
"43",43,"Norway","ardal","summer2022",TRUE,FALSE,4,17.6,FALSE,FALSE,NA,NA,6,NA
"44",44,"Norway","ardal","summer2022",TRUE,FALSE,157.5,59.8,TRUE,TRUE,NA,308,6,5.73009978297357
"45",45,"Norway","ardal","summer2022",TRUE,FALSE,21,26,TRUE,TRUE,NA,33.6,6,3.51452606696916
"46",46,"Norway","ardal","summer2022",TRUE,FALSE,4.9,5.6,FALSE,FALSE,NA,NA,6,NA
"47",47,"Norway","ardal","summer2022",TRUE,FALSE,12.1,7,FALSE,FALSE,NA,NA,6,NA
"48",48,"Norway","ardal","summer2022",TRUE,FALSE,26.4,37.4,FALSE,FALSE,NA,NA,6,NA
"49",49,"Norway","ardal","summer2022",TRUE,FALSE,74.2,74.1,TRUE,TRUE,NA,189,6,5.24174701505964
"50",50,"Norway","ardal","summer2022",TRUE,FALSE,15.4,5.5,FALSE,FALSE,NA,NA,6,NA
"51",51,"Norway","ardal","summer2022",TRUE,FALSE,38,36,TRUE,TRUE,NA,NA,6,NA
"52",52,"Norway","ardal","summer2022",TRUE,FALSE,42.9,13.5,TRUE,TRUE,NA,NA,6,NA
"53",53,"Norway","ardal","summer2022",TRUE,FALSE,30.8,14.4,FALSE,TRUE,NA,NA,6,NA
"54",54,"Norway","ardal","summer2022",TRUE,FALSE,19.2,84,TRUE,FALSE,NA,NA,6,NA
"55",55,"Norway","ardal","summer2022",FALSE,NA,4.2,NA,NA,FALSE,NA,NA,6,NA
"56",56,"Norway","ardal","summer2022",FALSE,NA,19.2,NA,NA,FALSE,NA,NA,6,NA
"57",57,"Norway","ardal","summer2022",TRUE,FALSE,63,59.8,TRUE,TRUE,NA,151.2,6,5.01860346374543
"58",58,"Norway","ardal","summer2022",TRUE,FALSE,14,7.8,FALSE,FALSE,NA,NA,6,NA
"59",59,"Norway","ardal","summer2022",TRUE,FALSE,16,47.6,TRUE,FALSE,NA,NA,6,NA
"60",60,"Norway","ardal","summer2022",TRUE,FALSE,16,11.9,TRUE,TRUE,NA,78.4,6,4.36182392735636
"61",61,"Norway","ardal","summer2022",TRUE,FALSE,30.6,19.8,TRUE,TRUE,NA,NA,6,NA
"62",62,"Norway","ardal","summer2022",FALSE,NA,24,NA,NA,FALSE,NA,NA,6,NA
"63",63,"Norway","ardal","summer2022",FALSE,NA,52.5,NA,NA,FALSE,NA,NA,6,NA
"64",64,"Norway","ardal","summer2022",FALSE,NA,30.4,NA,NA,TRUE,NA,NA,6,NA
"65",65,"Norway","ardal","summer2022",TRUE,FALSE,8.4,9.6,FALSE,FALSE,NA,NA,6,NA
"66",66,"Norway","ardal","summer2022",TRUE,FALSE,18.2,15,FALSE,FALSE,NA,NA,6,NA
"67",67,"Norway","ardal","summer2022",TRUE,FALSE,13.3,6,FALSE,FALSE,NA,NA,6,NA
"68",68,"Norway","ardal","summer2022",TRUE,FALSE,7.7,12,FALSE,TRUE,NA,NA,6,NA
"69",69,"Norway","ardal","summer2022",TRUE,FALSE,13.2,15.3,TRUE,TRUE,NA,100.8,6,4.61313835563727
"70",70,"Norway","ardal","summer2022",TRUE,FALSE,56,66,TRUE,TRUE,NA,67.2,6,4.2076732475291
"71",71,"Norway","ardal","summer2022",TRUE,TRUE,NA,0.6,FALSE,NA,NA,NA,6,NA
"72",72,"Norway","ardal","summer2022",TRUE,TRUE,NA,1.6,FALSE,NA,NA,NA,6,NA
"73",73,"Norway","ardal","summer2022",TRUE,TRUE,NA,2.1,FALSE,NA,NA,NA,6,NA
"74",74,"Norway","ardal","summer2022",TRUE,TRUE,NA,0.6,FALSE,NA,NA,NA,6,NA
"75",75,"Norway","ardal","summer2022",TRUE,TRUE,NA,4,FALSE,NA,NA,NA,6,NA
"76",76,"Norway","ardal","summer2022",TRUE,TRUE,NA,1.5,FALSE,NA,NA,NA,6,NA
"77",77,"Norway","ardal","summer2022",TRUE,TRUE,NA,2.4,FALSE,NA,NA,NA,6,NA
"78",78,"Norway","ardal","summer2022",TRUE,FALSE,37,21.6,TRUE,TRUE,NA,520.8,7,6.25536609089436
"79",79,"Norway","ardal","summer2022",TRUE,FALSE,9,27.5,FALSE,FALSE,NA,NA,7,NA
"80",80,"Norway","ardal","summer2022",TRUE,FALSE,151.2,234,TRUE,TRUE,NA,1470,7,7.29301767977278
"81",81,"Norway","ardal","summer2022",TRUE,TRUE,NA,10.8,FALSE,NA,NA,NA,7,NA
"82",82,"Norway","ardal","summer2022",TRUE,FALSE,14.3,19.2,FALSE,FALSE,NA,NA,8,NA
"83",83,"Norway","ardal","summer2022",TRUE,FALSE,22.5,33,TRUE,TRUE,NA,63.7,8,4.15418456257812
"84",84,"Norway","ardal","summer2022",TRUE,FALSE,83.6,114.8,TRUE,TRUE,NA,625.1,8,6.43791163693777
"85",85,"Norway","ardal","summer2022",TRUE,FALSE,15.6,48.3,FALSE,FALSE,NA,NA,8,NA
"86",86,"Norway","ardal","summer2022",TRUE,FALSE,115.2,299,TRUE,TRUE,NA,1690.5,8,7.43277962214794
"87",87,"Norway","ardal","summer2022",TRUE,FALSE,56.1,48,TRUE,TRUE,NA,378,8,5.93489419561959
"88",88,"Norway","ardal","summer2022",TRUE,TRUE,NA,12.8,FALSE,NA,NA,NA,8,NA
"89",89,"Norway","ardal","summer2022",TRUE,TRUE,NA,53.2,FALSE,NA,NA,NA,8,NA
"90",90,"Norway","bovra","summer2022",TRUE,FALSE,17.6,28.5,FALSE,FALSE,NA,NA,1,NA
"91",91,"Norway","bovra","summer2022",TRUE,FALSE,7.2,9.9,FALSE,FALSE,NA,NA,1,NA
"92",92,"Norway","bovra","summer2022",TRUE,FALSE,8.8,12,FALSE,FALSE,NA,NA,1,NA
"93",93,"Norway","bovra","summer2022",TRUE,FALSE,16.2,34.2,FALSE,FALSE,NA,NA,1,NA
"94",94,"Norway","bovra","summer2022",TRUE,FALSE,9.6,18.2,FALSE,FALSE,NA,NA,1,NA
"95",95,"Norway","bovra","summer2022",TRUE,FALSE,10.5,10,FALSE,FALSE,NA,NA,1,NA
"96",96,"Norway","bovra","summer2022",TRUE,FALSE,58.9,106.4,FALSE,FALSE,NA,NA,1,NA
"97",97,"Norway","bovra","summer2022",TRUE,FALSE,12,7.2,FALSE,FALSE,NA,NA,1,NA
"98",98,"Norway","bovra","summer2022",TRUE,FALSE,107.5,132,FALSE,FALSE,NA,NA,1,NA
"99",99,"Norway","bovra","summer2022",TRUE,FALSE,16.2,14.4,FALSE,FALSE,NA,NA,1,NA
"100",100,"Norway","bovra","summer2022",TRUE,FALSE,59.5,60.8,FALSE,FALSE,NA,NA,1,NA
"101",101,"Norway","bovra","summer2022",TRUE,FALSE,92,112,TRUE,FALSE,NA,200.9,1,5.30280727182089
"102",102,"Norway","bovra","summer2022",TRUE,FALSE,3.5,35.7,FALSE,FALSE,NA,NA,1,NA
"103",103,"Norway","bovra","summer2022",TRUE,FALSE,44.8,34.5,FALSE,FALSE,NA,NA,1,NA
"104",104,"Norway","bovra","summer2022",TRUE,FALSE,8,22,FALSE,FALSE,NA,NA,1,NA
"105",105,"Norway","bovra","summer2022",TRUE,FALSE,70.8,94.5,FALSE,TRUE,NA,NA,1,NA
"106",106,"Norway","bovra","summer2022",TRUE,FALSE,2.5,2.4,FALSE,TRUE,NA,NA,1,NA
"107",107,"Norway","bovra","summer2022",TRUE,FALSE,1.6,7.7,FALSE,FALSE,NA,NA,1,NA
"108",108,"Norway","bovra","summer2022",TRUE,FALSE,31.2,17.6,FALSE,FALSE,NA,NA,1,NA
"109",109,"Norway","bovra","summer2022",TRUE,FALSE,552,247.5,TRUE,TRUE,NA,2528.4,1,7.83534197059814
"110",110,"Norway","bovra","summer2022",FALSE,NA,8.4,NA,NA,FALSE,NA,NA,1,NA
"111",111,"Norway","bovra","summer2022",TRUE,FALSE,7.8,4.8,FALSE,FALSE,NA,NA,1,NA
"112",112,"Norway","bovra","summer2022",TRUE,FALSE,8.4,8.4,TRUE,FALSE,NA,NA,1,NA
"113",113,"Norway","bovra","summer2022",TRUE,FALSE,35.2,73.5,TRUE,FALSE,NA,229.6,1,5.43633866444541
"114",114,"Norway","bovra","summer2022",TRUE,FALSE,69.6,125.8,TRUE,TRUE,NA,455.7,1,6.12183469826984
"115",115,"Norway","bovra","summer2022",TRUE,FALSE,3,8,FALSE,FALSE,NA,NA,1,NA
"116",116,"Norway","bovra","summer2022",TRUE,FALSE,7.5,6.4,FALSE,FALSE,NA,NA,1,NA
"117",117,"Norway","bovra","summer2022",TRUE,FALSE,22.8,7.8,FALSE,TRUE,NA,NA,1,NA
"118",118,"Norway","bovra","summer2022",TRUE,FALSE,108.9,147.6,TRUE,TRUE,NA,84,1,4.43081679884331
"119",119,"Norway","bovra","summer2022",TRUE,FALSE,18,8.4,FALSE,TRUE,NA,NA,1,NA
"120",120,"Norway","bovra","summer2022",TRUE,FALSE,11.2,9.6,FALSE,FALSE,NA,NA,1,NA
"121",121,"Norway","bovra","summer2022",TRUE,FALSE,8.5,20.8,FALSE,FALSE,NA,NA,1,NA
"122",122,"Norway","bovra","summer2022",TRUE,FALSE,78,57.5,TRUE,FALSE,NA,5.6,1,1.7227665977411
"123",123,"Norway","bovra","summer2022",TRUE,TRUE,NA,1.2,FALSE,NA,NA,NA,1,NA
"124",124,"Norway","bovra","summer2022",TRUE,TRUE,NA,0.8,FALSE,NA,NA,NA,1,NA
"125",125,"Norway","bovra","summer2022",TRUE,TRUE,NA,2,FALSE,NA,NA,NA,1,NA
"126",126,"Norway","bovra","summer2022",TRUE,TRUE,NA,2.8,FALSE,NA,NA,NA,1,NA
"127",127,"Norway","bovra","summer2022",TRUE,TRUE,NA,3.2,FALSE,NA,NA,NA,1,NA
"128",128,"Norway","bovra","summer2022",TRUE,TRUE,NA,4,FALSE,NA,NA,NA,1,NA
"129",129,"Norway","bovra","summer2022",TRUE,TRUE,NA,4.8,FALSE,NA,NA,NA,1,NA
"130",130,"Norway","bovra","summer2022",TRUE,TRUE,NA,15,FALSE,NA,NA,NA,1,NA
"131",131,"Norway","bovra","summer2022",TRUE,TRUE,NA,9,FALSE,NA,NA,NA,1,NA
"132",132,"Norway","bovra","summer2022",TRUE,TRUE,NA,2.4,FALSE,NA,NA,NA,1,NA
"133",133,"Norway","bovra","summer2022",TRUE,FALSE,742,690,FALSE,TRUE,NA,NA,10,NA
"134",134,"Norway","bovra","summer2022",TRUE,FALSE,22,9.6,FALSE,FALSE,NA,NA,10,NA
"135",135,"Norway","bovra","summer2022",TRUE,FALSE,46.2,23.1,FALSE,TRUE,NA,NA,10,NA
"136",136,"Norway","bovra","summer2022",TRUE,FALSE,70.3,70.3,FALSE,TRUE,NA,NA,10,NA
"137",137,"Norway","bovra","summer2022",TRUE,FALSE,181.5,211.6,TRUE,TRUE,NA,372.4,10,5.91996854540291
"138",138,"Norway","bovra","summer2022",TRUE,FALSE,99,165,TRUE,TRUE,NA,300.3,10,5.70478197498928
"139",139,"Norway","bovra","summer2022",TRUE,FALSE,NA,5.6,FALSE,NA,NA,NA,11,NA
"140",140,"Norway","bovra","summer2022",TRUE,FALSE,NA,70.2,FALSE,NA,NA,NA,11,NA
"141",141,"Norway","bovra","summer2022",TRUE,FALSE,NA,48,FALSE,NA,NA,NA,11,NA
"142",142,"Norway","bovra","summer2022",TRUE,FALSE,NA,60.8,FALSE,NA,NA,NA,11,NA
"143",143,"Norway","bovra","summer2022",TRUE,FALSE,NA,46.2,TRUE,NA,NA,71.4,11,4.26829786934554
"144",144,"Norway","bovra","summer2022",TRUE,FALSE,NA,3.6,FALSE,NA,NA,NA,11,NA
"145",145,"Norway","bovra","summer2022",TRUE,FALSE,230,236.8,TRUE,TRUE,NA,853.3,2,6.74911118554254
"146",146,"Norway","bovra","summer2022",TRUE,FALSE,14.3,30.6,FALSE,FALSE,NA,NA,2,NA
"147",147,"Norway","bovra","summer2022",TRUE,TRUE,NA,4.2,FALSE,NA,NA,NA,2,NA
"148",148,"Norway","bovra","summer2022",TRUE,TRUE,NA,15,FALSE,NA,NA,NA,2,NA
"149",149,"Norway","bovra","summer2022",FALSE,NA,33.6,NA,NA,FALSE,NA,NA,3,NA
"150",150,"Norway","bovra","summer2022",FALSE,NA,9.1,NA,NA,FALSE,NA,NA,3,NA
"151",151,"Norway","bovra","summer2022",FALSE,NA,13.6,NA,NA,FALSE,NA,NA,3,NA
"152",152,"Norway","bovra","summer2022",FALSE,NA,10.8,NA,NA,FALSE,NA,NA,3,NA
"153",153,"Norway","bovra","summer2022",FALSE,NA,64.8,NA,NA,TRUE,NA,NA,3,NA
"154",154,"Norway","bovra","summer2022",FALSE,NA,18,NA,NA,FALSE,NA,NA,3,NA
"155",155,"Norway","bovra","summer2022",FALSE,NA,16.2,NA,NA,FALSE,NA,NA,3,NA
"156",156,"Norway","bovra","summer2022",FALSE,NA,14.3,NA,NA,FALSE,NA,NA,3,NA
"157",157,"Norway","bovra","summer2022",TRUE,FALSE,868,552,TRUE,TRUE,NA,NA,4,NA
"158",158,"Norway","bovra","summer2022",TRUE,FALSE,264,114,FALSE,TRUE,NA,NA,4,NA
"159",159,"Norway","bovra","summer2022",FALSE,NA,123.2,NA,NA,TRUE,NA,NA,4,NA
"160",160,"Norway","bovra","summer2022",TRUE,FALSE,33.6,35.7,FALSE,FALSE,NA,NA,4,NA
"161",161,"Norway","bovra","summer2022",TRUE,FALSE,26.6,32.2,FALSE,FALSE,NA,NA,4,NA
"162",162,"Norway","bovra","summer2022",TRUE,FALSE,19.8,24,FALSE,FALSE,NA,NA,4,NA
"163",163,"Norway","bovra","summer2022",TRUE,FALSE,70.2,64.5,TRUE,TRUE,NA,NA,4,NA
"164",164,"Norway","bovra","summer2022",TRUE,FALSE,17.1,25.2,FALSE,TRUE,NA,NA,4,NA
"165",165,"Norway","bovra","summer2022",TRUE,FALSE,50.4,48,TRUE,TRUE,NA,6.3,4,1.84054963339749
"166",166,"Norway","bovra","summer2022",TRUE,FALSE,50.4,46,FALSE,TRUE,NA,NA,4,NA
"167",167,"Norway","bovra","summer2022",TRUE,FALSE,64.6,49.4,FALSE,TRUE,NA,NA,4,NA
"168",168,"Norway","bovra","summer2022",TRUE,TRUE,NA,5.2,FALSE,NA,NA,NA,4,NA
"169",169,"Norway","bovra","summer2022",TRUE,FALSE,270,115.2,TRUE,TRUE,NA,10.5,5,2.35137525716348
"170",170,"Norway","bovra","summer2022",TRUE,FALSE,210,220,FALSE,TRUE,NA,NA,5,NA
"171",171,"Norway","bovra","summer2022",TRUE,FALSE,240,67.2,FALSE,TRUE,NA,NA,5,NA
"172",172,"Norway","bovra","summer2022",TRUE,FALSE,252,79.9,FALSE,TRUE,NA,NA,5,NA
"173",173,"Norway","bovra","summer2022",TRUE,FALSE,56,67.5,FALSE,TRUE,NA,NA,5,NA
"174",174,"Norway","bovra","summer2022",TRUE,FALSE,216,67.2,TRUE,TRUE,NA,NA,5,NA
"175",175,"Norway","bovra","summer2022",TRUE,FALSE,7.7,9.6,FALSE,TRUE,NA,NA,5,NA
"176",176,"Norway","bovra","summer2022",TRUE,FALSE,510,744,FALSE,TRUE,NA,NA,6,NA
"177",177,"Norway","bovra","summer2022",TRUE,FALSE,163.8,167.2,FALSE,TRUE,NA,NA,6,NA
"178",178,"Norway","bovra","summer2022",TRUE,FALSE,184.8,76.8,TRUE,TRUE,NA,186.2,6,5.22682136484297
"179",179,"Norway","bovra","summer2022",TRUE,FALSE,13.2,7.2,FALSE,TRUE,NA,NA,6,NA
"180",180,"Norway","bovra","summer2022",TRUE,FALSE,65,55.2,FALSE,TRUE,NA,NA,6,NA
"181",181,"Norway","bovra","summer2022",TRUE,FALSE,90.1,76,TRUE,TRUE,NA,NA,6,NA
"182",182,"Norway","bovra","summer2022",TRUE,FALSE,81.2,48,FALSE,TRUE,NA,NA,6,NA
"183",183,"Norway","bovra","summer2022",TRUE,FALSE,149.5,157.5,TRUE,TRUE,NA,200.2,6,5.29931686688112
"184",184,"Norway","bovra","summer2022",TRUE,FALSE,170,195,TRUE,TRUE,NA,661.5,7,6.49450998355501
"185",185,"Norway","bovra","summer2022",TRUE,FALSE,168,240.8,TRUE,TRUE,NA,1356.6,7,7.21273684851198
"186",186,"Norway","bovra","summer2022",TRUE,FALSE,91.8,154,TRUE,TRUE,NA,291.2,7,5.67401031632253
"187",187,"Norway","bovra","summer2022",TRUE,FALSE,276,420,TRUE,TRUE,NA,1685.6,7,7.42987686248998
"188",188,"Norway","bovra","summer2022",TRUE,FALSE,72.8,54,TRUE,TRUE,NA,215.6,7,5.37342483903484
"189",189,"Norway","bovra","summer2022",TRUE,FALSE,81.6,102,TRUE,TRUE,NA,156.8,8,5.05497110791631
"190",190,"Norway","bovra","summer2022",TRUE,FALSE,539,420,TRUE,TRUE,NA,2016,8,7.60887062919126
"191",191,"Norway","bovra","summer2022",TRUE,FALSE,249.9,342,TRUE,TRUE,NA,420,8,6.04025471127741
"192",192,"Norway","bovra","summer2022",TRUE,FALSE,25.2,22.1,TRUE,TRUE,NA,NA,8,NA
"193",193,"Norway","bovra","summer2022",TRUE,FALSE,7.2,12,FALSE,TRUE,NA,NA,8,NA
"194",194,"Norway","bovra","summer2022",TRUE,FALSE,7.2,12,FALSE,FALSE,NA,NA,8,NA
"195",195,"Norway","bovra","summer2022",TRUE,FALSE,18.2,12.8,FALSE,FALSE,NA,NA,8,NA
"196",196,"Norway","bovra","summer2022",TRUE,FALSE,4.8,2.2,FALSE,FALSE,NA,NA,8,NA
"197",197,"Norway","bovra","summer2022",TRUE,FALSE,360,840,TRUE,TRUE,NA,323.4,9,5.77888994714301
"198",198,"Norway","bovra","summer2022",TRUE,FALSE,116.1,378.2,TRUE,TRUE,NA,868,9,6.76619171466035
"199",199,"Norway","bovra","summer2022",TRUE,FALSE,60,135.3,TRUE,FALSE,NA,37.8,9,3.63230910262554
"200",200,"Norway","bovra","summer2022",TRUE,TRUE,NA,0,TRUE,NA,NA,380.8,9,5.94227430291721
"201",201,"Norway","helin","summer2022",TRUE,FALSE,41.6,35.2,TRUE,TRUE,NA,415.8,1,6.03020437542391
"202",202,"Norway","helin","summer2022",TRUE,FALSE,35.2,36.4,TRUE,TRUE,NA,151.2,1,5.01860346374543
"203",203,"Norway","helin","summer2022",TRUE,FALSE,31.2,20.8,TRUE,TRUE,NA,350,1,5.85793315448346
"204",204,"Norway","helin","summer2022",TRUE,FALSE,24.7,12.6,TRUE,TRUE,NA,156.8,1,5.05497110791631
"205",205,"Norway","helin","summer2022",TRUE,FALSE,21.6,23.1,TRUE,TRUE,NA,319.2,1,5.76581786557565
"206",206,"Norway","helin","summer2022",TRUE,FALSE,90.3,75,FALSE,FALSE,NA,NA,1,NA
"207",207,"Norway","helin","summer2022",TRUE,FALSE,39.6,33.6,FALSE,FALSE,NA,NA,1,NA
"208",208,"Norway","helin","summer2022",TRUE,FALSE,67.6,45.6,TRUE,TRUE,NA,186.2,1,5.22682136484297
"209",209,"Norway","helin","summer2022",TRUE,FALSE,61.2,41.4,TRUE,FALSE,NA,147,1,4.99043258677874
"210",210,"Norway","helin","summer2022",TRUE,FALSE,2.4,6,FALSE,FALSE,NA,NA,1,NA
"211",211,"Norway","helin","summer2022",TRUE,TRUE,NA,7,TRUE,NA,NA,NA,1,NA
"212",212,"Norway","helin","summer2022",TRUE,TRUE,NA,13,FALSE,NA,NA,NA,1,NA
"213",213,"Norway","helin","summer2022",TRUE,TRUE,NA,20.4,FALSE,NA,NA,NA,1,NA
"214",214,"Norway","helin","summer2022",TRUE,TRUE,NA,7.7,FALSE,NA,NA,NA,1,NA
"215",215,"Norway","helin","summer2022",TRUE,TRUE,NA,8,FALSE,NA,NA,NA,1,NA
"216",216,"Norway","helin","summer2022",TRUE,FALSE,70.5,86.8,TRUE,TRUE,NA,515.2,10,6.24455517479014
"217",217,"Norway","helin","summer2022",TRUE,FALSE,50.4,44,TRUE,TRUE,NA,226.1,10,5.42097737928392
"218",218,"Norway","helin","summer2022",TRUE,FALSE,9.6,17.6,TRUE,TRUE,NA,15.4,10,2.73436750941958
"219",219,"Norway","helin","summer2022",TRUE,FALSE,15.4,4.9,TRUE,TRUE,NA,16.8,10,2.82137888640921
"220",220,"Norway","helin","summer2022",TRUE,FALSE,68,46.8,TRUE,TRUE,NA,67.2,10,4.2076732475291
"221",221,"Norway","helin","summer2022",TRUE,FALSE,14.4,8.1,FALSE,FALSE,NA,NA,10,NA
"222",222,"Norway","helin","summer2022",TRUE,FALSE,41.8,18,TRUE,TRUE,NA,19.6,10,2.97552956623647
"223",223,"Norway","helin","summer2022",TRUE,FALSE,21,11.7,FALSE,FALSE,NA,NA,10,NA
"224",224,"Norway","helin","summer2022",TRUE,FALSE,30.4,28.5,FALSE,FALSE,NA,NA,10,NA
"225",225,"Norway","helin","summer2022",TRUE,FALSE,167.4,193.6,TRUE,TRUE,NA,437.5,10,6.08107670579767
"226",226,"Norway","helin","summer2022",TRUE,FALSE,30.4,27.3,TRUE,TRUE,NA,529.2,10,6.2713664322408
"227",227,"Norway","helin","summer2022",TRUE,FALSE,23.8,35.7,TRUE,TRUE,NA,201.6,10,5.30628553619721
"228",228,"Norway","helin","summer2022",TRUE,FALSE,62.7,45.6,TRUE,TRUE,NA,100.1,10,4.60616968632118
"229",229,"Norway","helin","summer2022",TRUE,TRUE,NA,40,TRUE,NA,NA,266,10,5.5834963087817
"230",230,"Norway","helin","summer2022",TRUE,TRUE,NA,13.2,FALSE,NA,NA,NA,10,NA
"231",231,"Norway","helin","summer2022",TRUE,TRUE,NA,8.4,FALSE,NA,NA,NA,10,NA
"232",232,"Norway","helin","summer2022",TRUE,TRUE,NA,9.8,FALSE,NA,NA,NA,10,NA
"233",233,"Norway","helin","summer2022",TRUE,TRUE,NA,8.5,FALSE,NA,NA,NA,10,NA
"234",234,"Norway","helin","summer2022",TRUE,TRUE,NA,80,TRUE,NA,NA,NA,10,NA
"235",235,"Norway","helin","summer2022",TRUE,TRUE,NA,26.4,FALSE,NA,NA,NA,10,NA
"236",236,"Norway","helin","summer2022",TRUE,FALSE,5.4,7.2,FALSE,FALSE,NA,NA,2,NA
"237",237,"Norway","helin","summer2022",TRUE,FALSE,17,12,TRUE,TRUE,NA,84,2,4.43081679884331
"238",238,"Norway","helin","summer2022",TRUE,FALSE,24,12,FALSE,FALSE,NA,NA,2,NA
"239",239,"Norway","helin","summer2022",TRUE,FALSE,5.2,7,FALSE,FALSE,NA,NA,2,NA
"240",240,"Norway","helin","summer2022",TRUE,FALSE,6,11.2,FALSE,FALSE,NA,NA,2,NA
"241",241,"Norway","helin","summer2022",TRUE,FALSE,9.6,5.6,FALSE,FALSE,NA,NA,2,NA
"242",242,"Norway","helin","summer2022",TRUE,FALSE,6.4,6.6,FALSE,FALSE,NA,NA,2,NA
"243",243,"Norway","helin","summer2022",TRUE,FALSE,117,136.5,TRUE,TRUE,NA,1058.4,2,6.96451361280075
"244",244,"Norway","helin","summer2022",TRUE,TRUE,NA,14.4,FALSE,NA,NA,NA,2,NA
"245",245,"Norway","helin","summer2022",TRUE,FALSE,115,125.4,TRUE,TRUE,NA,154.7,3,5.04148775757902
"246",246,"Norway","helin","summer2022",TRUE,FALSE,8,5.6,FALSE,FALSE,NA,NA,3,NA
"247",247,"Norway","helin","summer2022",TRUE,FALSE,51,35.2,TRUE,TRUE,NA,50.4,3,3.91999117507732
"248",248,"Norway","helin","summer2022",TRUE,FALSE,57.2,44.8,TRUE,TRUE,NA,47.6,3,3.86283276123737
"249",249,"Norway","helin","summer2022",TRUE,FALSE,3.5,8.4,FALSE,FALSE,NA,NA,3,NA
"250",250,"Norway","helin","summer2022",TRUE,FALSE,6.4,7.2,FALSE,FALSE,NA,NA,3,NA
"251",251,"Norway","helin","summer2022",TRUE,FALSE,2.8,4.2,FALSE,FALSE,NA,NA,3,NA
"252",252,"Norway","helin","summer2022",TRUE,FALSE,4.2,4,FALSE,FALSE,NA,NA,3,NA
"253",253,"Norway","helin","summer2022",TRUE,FALSE,10.8,22.8,FALSE,FALSE,NA,NA,3,NA
"254",254,"Norway","helin","summer2022",TRUE,FALSE,56,35,FALSE,TRUE,NA,NA,3,NA
"255",255,"Norway","helin","summer2022",TRUE,FALSE,118.8,105,FALSE,TRUE,NA,NA,3,NA
"256",256,"Norway","helin","summer2022",TRUE,FALSE,131.1,172.5,TRUE,TRUE,NA,261.8,3,5.5675808534758
"257",257,"Norway","helin","summer2022",TRUE,FALSE,25.2,24,TRUE,TRUE,NA,35.7,3,3.57515068878559
"258",258,"Norway","helin","summer2022",TRUE,FALSE,24,29.4,FALSE,FALSE,NA,NA,3,NA
"259",259,"Norway","helin","summer2022",TRUE,FALSE,94.4,105,TRUE,FALSE,NA,6.3,3,1.84054963339749
"260",260,"Norway","helin","summer2022",TRUE,FALSE,24,11.2,FALSE,FALSE,NA,NA,3,NA
"261",261,"Norway","helin","summer2022",TRUE,FALSE,3.5,10.5,FALSE,FALSE,NA,NA,3,NA
"262",262,"Norway","helin","summer2022",TRUE,FALSE,26.6,31.2,TRUE,TRUE,NA,113.4,3,4.73092139129365
"263",263,"Norway","helin","summer2022",TRUE,FALSE,4,6,FALSE,FALSE,NA,NA,3,NA
"264",264,"Norway","helin","summer2022",TRUE,TRUE,NA,12,FALSE,NA,NA,NA,3,NA
"265",265,"Norway","helin","summer2022",TRUE,TRUE,NA,15.2,FALSE,NA,NA,NA,3,NA
"266",266,"Norway","helin","summer2022",TRUE,TRUE,NA,2.8,FALSE,NA,NA,NA,3,NA
"267",267,"Norway","helin","summer2022",TRUE,FALSE,49.4,43.2,FALSE,FALSE,NA,NA,4,NA
"268",268,"Norway","helin","summer2022",TRUE,FALSE,51.2,91.2,TRUE,TRUE,NA,537.6,4,6.28711478920894
"269",269,"Norway","helin","summer2022",TRUE,FALSE,72,93.6,TRUE,TRUE,NA,63,4,4.14313472639153
"270",270,"Norway","helin","summer2022",TRUE,FALSE,73.6,64,TRUE,TRUE,NA,75.6,4,4.32545628318549
"271",271,"Norway","helin","summer2022",TRUE,FALSE,13.2,15.6,FALSE,FALSE,NA,NA,4,NA
"272",272,"Norway","helin","summer2022",TRUE,FALSE,3.5,5.2,FALSE,FALSE,NA,NA,4,NA
"273",273,"Norway","helin","summer2022",TRUE,FALSE,24,12,FALSE,FALSE,NA,NA,4,NA
"274",274,"Norway","helin","summer2022",TRUE,FALSE,25.2,22.8,TRUE,FALSE,NA,54.6,4,4.00003388275086
"275",275,"Norway","helin","summer2022",TRUE,FALSE,7.2,14.7,FALSE,FALSE,NA,NA,4,NA
"276",276,"Norway","helin","summer2022",TRUE,FALSE,23.8,19.2,FALSE,FALSE,NA,NA,4,NA
"277",277,"Norway","helin","summer2022",TRUE,FALSE,26.6,28.6,FALSE,FALSE,NA,NA,4,NA
"278",278,"Norway","helin","summer2022",TRUE,FALSE,18,24.7,FALSE,FALSE,NA,NA,4,NA
"279",279,"Norway","helin","summer2022",TRUE,FALSE,57.2,49.5,FALSE,FALSE,NA,NA,4,NA
"280",280,"Norway","helin","summer2022",TRUE,FALSE,18,18.7,FALSE,FALSE,NA,NA,4,NA
"281",281,"Norway","helin","summer2022",TRUE,FALSE,21.6,17.1,FALSE,FALSE,NA,NA,4,NA
"282",282,"Norway","helin","summer2022",TRUE,FALSE,12,21,FALSE,FALSE,NA,NA,4,NA
"283",283,"Norway","helin","summer2022",TRUE,FALSE,28.5,29.9,FALSE,FALSE,NA,NA,4,NA
"284",284,"Norway","helin","summer2022",TRUE,FALSE,5.6,5.6,FALSE,FALSE,NA,NA,4,NA
"285",285,"Norway","helin","summer2022",TRUE,FALSE,11.2,4.8,FALSE,FALSE,NA,NA,4,NA
"286",286,"Norway","helin","summer2022",TRUE,FALSE,21.6,21.6,FALSE,FALSE,NA,NA,4,NA
"287",287,"Norway","helin","summer2022",TRUE,FALSE,25.2,18,FALSE,TRUE,NA,NA,4,NA
"288",288,"Norway","helin","summer2022",TRUE,TRUE,NA,4.5,FALSE,NA,NA,NA,4,NA
"289",289,"Norway","helin","summer2022",TRUE,TRUE,NA,3,FALSE,NA,NA,NA,4,NA
"290",290,"Norway","helin","summer2022",TRUE,TRUE,NA,3,FALSE,NA,NA,NA,4,NA
"291",291,"Norway","helin","summer2022",TRUE,FALSE,52,19.8,FALSE,FALSE,NA,NA,5,NA
"292",292,"Norway","helin","summer2022",TRUE,FALSE,25.2,9.6,FALSE,FALSE,NA,NA,5,NA
"293",293,"Norway","helin","summer2022",TRUE,FALSE,18,41.4,FALSE,FALSE,NA,NA,5,NA
"294",294,"Norway","helin","summer2022",TRUE,FALSE,8,1.5,FALSE,FALSE,NA,NA,5,NA
"295",295,"Norway","helin","summer2022",TRUE,FALSE,12.6,4.2,FALSE,FALSE,NA,NA,5,NA
"296",296,"Norway","helin","summer2022",TRUE,FALSE,5.5,3.5,FALSE,FALSE,NA,NA,5,NA
"297",297,"Norway","helin","summer2022",TRUE,FALSE,4.8,8.8,FALSE,FALSE,NA,NA,5,NA
"298",298,"Norway","helin","summer2022",TRUE,FALSE,28.9,11.2,FALSE,FALSE,NA,NA,5,NA
"299",299,"Norway","helin","summer2022",TRUE,FALSE,140.3,85.5,TRUE,TRUE,NA,323.4,5,5.77888994714301
"300",300,"Norway","helin","summer2022",TRUE,FALSE,18.2,6,FALSE,FALSE,NA,NA,5,NA
"301",301,"Norway","helin","summer2022",TRUE,FALSE,14.4,2,FALSE,FALSE,NA,NA,5,NA
"302",302,"Norway","helin","summer2022",TRUE,FALSE,9.9,6.3,TRUE,TRUE,NA,NA,5,NA
"303",303,"Norway","helin","summer2022",TRUE,FALSE,10,9,FALSE,FALSE,NA,NA,5,NA
"304",304,"Norway","helin","summer2022",TRUE,FALSE,13,3.6,FALSE,FALSE,NA,NA,5,NA
"305",305,"Norway","helin","summer2022",TRUE,FALSE,10.4,7.8,FALSE,FALSE,NA,NA,5,NA
"306",306,"Norway","helin","summer2022",TRUE,FALSE,7.8,17.6,FALSE,FALSE,NA,NA,5,NA
"307",307,"Norway","helin","summer2022",TRUE,FALSE,17,7.8,TRUE,FALSE,NA,NA,5,NA
"308",308,"Norway","helin","summer2022",FALSE,FALSE,26.4,NA,FALSE,TRUE,NA,NA,5,NA
"309",309,"Norway","helin","summer2022",TRUE,FALSE,14.4,13,FALSE,FALSE,NA,NA,5,NA
"310",310,"Norway","helin","summer2022",TRUE,TRUE,NA,4.8,FALSE,NA,NA,NA,5,NA
"311",311,"Norway","helin","summer2022",TRUE,TRUE,NA,4.2,FALSE,NA,NA,NA,5,NA
"312",312,"Norway","helin","summer2022",TRUE,TRUE,NA,9.6,FALSE,NA,NA,NA,5,NA
"313",313,"Norway","helin","summer2022",TRUE,FALSE,93.5,154,TRUE,TRUE,NA,37.8,6,3.63230910262554
"314",314,"Norway","helin","summer2022",TRUE,FALSE,9,25.6,TRUE,TRUE,NA,23.8,6,3.16968558067743
"315",315,"Norway","helin","summer2022",TRUE,FALSE,6,26.6,TRUE,TRUE,NA,22.4,6,3.10906095886099
"316",316,"Norway","helin","summer2022",TRUE,FALSE,44.2,22,TRUE,TRUE,NA,130.9,6,4.87443367291585
"317",317,"Norway","helin","summer2022",TRUE,FALSE,48,37.4,TRUE,TRUE,NA,84,6,4.43081679884331
"318",318,"Norway","helin","summer2022",TRUE,FALSE,9.2,11.5,FALSE,FALSE,NA,NA,6,NA
"319",319,"Norway","helin","summer2022",TRUE,FALSE,29.9,33,TRUE,TRUE,NA,297.5,6,5.69541422498568
"320",320,"Norway","helin","summer2022",TRUE,FALSE,66.5,67.2,TRUE,TRUE,NA,297.5,6,5.69541422498568
"321",321,"Norway","helin","summer2022",TRUE,FALSE,32,43.2,TRUE,TRUE,NA,26.6,6,3.28091121578765
"322",322,"Norway","helin","summer2022",TRUE,FALSE,7.2,17.6,FALSE,FALSE,NA,NA,6,NA
"323",323,"Norway","helin","summer2022",TRUE,FALSE,67.2,82.8,TRUE,TRUE,NA,186.2,6,5.22682136484297
"324",324,"Norway","helin","summer2022",TRUE,FALSE,50.6,76,FALSE,FALSE,NA,NA,6,NA
"325",325,"Norway","helin","summer2022",TRUE,FALSE,9,11.7,FALSE,FALSE,NA,NA,6,NA
"326",326,"Norway","helin","summer2022",TRUE,FALSE,7,8.4,FALSE,TRUE,NA,NA,6,NA
"327",327,"Norway","helin","summer2022",TRUE,TRUE,NA,4.2,FALSE,NA,NA,NA,6,NA
"328",328,"Norway","helin","summer2022",TRUE,TRUE,NA,12.6,FALSE,NA,NA,NA,6,NA
"329",329,"Norway","helin","summer2022",TRUE,TRUE,NA,4,FALSE,NA,NA,NA,6,NA
"330",330,"Norway","helin","summer2022",TRUE,TRUE,NA,4.5,FALSE,NA,NA,NA,6,NA
"331",331,"Norway","helin","summer2022",TRUE,TRUE,NA,2,FALSE,NA,NA,NA,6,NA
"332",332,"Norway","helin","summer2022",TRUE,TRUE,NA,38.5,FALSE,NA,NA,NA,6,NA
"333",333,"Norway","helin","summer2022",TRUE,FALSE,15.3,42,FALSE,FALSE,NA,NA,7,NA
"334",334,"Norway","helin","summer2022",TRUE,FALSE,18,19.5,FALSE,FALSE,NA,NA,7,NA
"335",335,"Norway","helin","summer2022",TRUE,FALSE,7,1.2,TRUE,TRUE,NA,NA,7,NA
"336",336,"Norway","helin","summer2022",TRUE,FALSE,216,60.5,TRUE,TRUE,NA,352.8,7,5.86590132413264
"337",337,"Norway","helin","summer2022",TRUE,FALSE,42,28.8,TRUE,TRUE,NA,126,7,4.83628190695148
"338",338,"Norway","helin","summer2022",TRUE,FALSE,13.6,11.2,FALSE,TRUE,NA,NA,7,NA
"339",339,"Norway","helin","summer2022",TRUE,FALSE,12.6,17.6,FALSE,FALSE,NA,NA,7,NA
"340",340,"Norway","helin","summer2022",TRUE,FALSE,51,32.5,TRUE,TRUE,NA,NA,7,NA
"341",341,"Norway","helin","summer2022",TRUE,FALSE,21.6,17,FALSE,FALSE,NA,NA,7,NA
"342",342,"Norway","helin","summer2022",TRUE,FALSE,12,1.2,TRUE,TRUE,NA,0,7,-Inf
"343",343,"Norway","helin","summer2022",TRUE,FALSE,8,6.3,FALSE,FALSE,NA,NA,7,NA
"344",344,"Norway","helin","summer2022",TRUE,FALSE,7.2,13.5,FALSE,FALSE,NA,NA,7,NA
"345",345,"Norway","helin","summer2022",TRUE,FALSE,21,9.6,TRUE,TRUE,NA,NA,7,NA
"346",346,"Norway","helin","summer2022",TRUE,FALSE,11.9,7.2,FALSE,FALSE,NA,NA,7,NA
"347",347,"Norway","helin","summer2022",TRUE,FALSE,27.2,5.6,FALSE,FALSE,NA,NA,7,NA
"348",348,"Norway","helin","summer2022",TRUE,FALSE,57,52,TRUE,TRUE,NA,NA,7,NA
"349",349,"Norway","helin","summer2022",TRUE,FALSE,10.2,8,TRUE,TRUE,NA,NA,7,NA
"350",350,"Norway","helin","summer2022",TRUE,FALSE,123.5,48,TRUE,TRUE,NA,NA,7,NA
"351",351,"Norway","helin","summer2022",TRUE,FALSE,12.6,7.2,TRUE,FALSE,NA,NA,7,NA
"352",352,"Norway","helin","summer2022",TRUE,FALSE,13.6,16.8,TRUE,TRUE,NA,NA,7,NA
"353",353,"Norway","helin","summer2022",FALSE,NA,42.5,NA,NA,FALSE,NA,NA,7,NA
"354",354,"Norway","helin","summer2022",TRUE,FALSE,25.5,14.3,TRUE,FALSE,NA,NA,7,NA
"355",355,"Norway","helin","summer2022",TRUE,FALSE,3.6,1.5,FALSE,TRUE,NA,NA,7,NA
"356",356,"Norway","helin","summer2022",TRUE,TRUE,NA,13,TRUE,NA,NA,NA,7,NA
"357",357,"Norway","helin","summer2022",TRUE,TRUE,NA,9.6,TRUE,NA,NA,NA,7,NA
"358",358,"Norway","helin","summer2022",TRUE,TRUE,NA,10.5,FALSE,NA,NA,NA,7,NA
"359",359,"Norway","helin","summer2022",TRUE,TRUE,NA,16.8,FALSE,NA,NA,NA,7,NA
"360",360,"Norway","helin","summer2022",TRUE,FALSE,168,300,TRUE,TRUE,NA,NA,8,NA
"361",361,"Norway","helin","summer2022",TRUE,FALSE,36.4,34,TRUE,FALSE,NA,NA,8,NA
"362",362,"Norway","helin","summer2022",TRUE,FALSE,6.4,11.7,TRUE,FALSE,NA,NA,8,NA
"363",363,"Norway","helin","summer2022",TRUE,FALSE,59.8,78.2,TRUE,TRUE,NA,343,9,5.83773044716594
"364",364,"Norway","helin","summer2022",TRUE,FALSE,64.8,48.3,TRUE,TRUE,NA,651,9,6.47850964220857
"365",365,"Norway","helin","summer2022",TRUE,FALSE,8,42,TRUE,TRUE,NA,231,9,5.44241771052179
"366",366,"Norway","hjelle","summer2022",TRUE,FALSE,35.2,64.6,TRUE,TRUE,NA,24.5,1,3.19867311755068
"367",367,"Norway","hjelle","summer2022",FALSE,NA,15.4,NA,NA,FALSE,NA,NA,1,NA
"368",368,"Norway","hjelle","summer2022",TRUE,FALSE,12,15.6,FALSE,FALSE,NA,NA,1,NA
"369",369,"Norway","hjelle","summer2022",FALSE,NA,7,NA,NA,TRUE,NA,NA,1,NA
"370",370,"Norway","hjelle","summer2022",TRUE,TRUE,NA,1.8,FALSE,NA,NA,NA,1,NA
"371",371,"Norway","hjelle","summer2022",TRUE,TRUE,NA,2,FALSE,NA,NA,NA,1,NA
"372",372,"Norway","hjelle","summer2022",TRUE,TRUE,NA,13.5,TRUE,NA,NA,NA,1,NA
"373",373,"Norway","hjelle","summer2022",TRUE,FALSE,33.6,28.8,FALSE,TRUE,NA,NA,10,NA
"374",374,"Norway","hjelle","summer2022",TRUE,FALSE,9.1,48,FALSE,TRUE,NA,NA,10,NA
"375",375,"Norway","hjelle","summer2022",TRUE,FALSE,36.4,262.4,TRUE,TRUE,NA,1201.2,10,7.09107633610918
"376",376,"Norway","hjelle","summer2022",TRUE,FALSE,3.6,8.8,FALSE,FALSE,NA,NA,10,NA
"377",377,"Norway","hjelle","summer2022",FALSE,NA,7,NA,NA,FALSE,NA,NA,10,NA
"378",378,"Norway","hjelle","summer2022",TRUE,FALSE,16.5,50.4,TRUE,FALSE,NA,NA,10,NA
"379",379,"Norway","hjelle","summer2022",TRUE,FALSE,88.4,150,TRUE,TRUE,NA,791.7,10,6.67418253217739
"380",380,"Norway","hjelle","summer2022",FALSE,NA,9.8,NA,NA,FALSE,NA,NA,10,NA
"381",381,"Norway","hjelle","summer2022",TRUE,FALSE,16,30.6,TRUE,TRUE,NA,128.8,10,4.85826081367025
"382",382,"Norway","hjelle","summer2022",TRUE,FALSE,7,14.4,FALSE,FALSE,NA,NA,10,NA
"383",383,"Norway","hjelle","summer2022",TRUE,FALSE,26,75.6,FALSE,TRUE,NA,NA,10,NA
"384",384,"Norway","hjelle","summer2022",TRUE,FALSE,101.4,116,TRUE,TRUE,NA,214.2,10,5.36691015801365
"385",385,"Norway","hjelle","summer2022",TRUE,FALSE,69.7,78,TRUE,TRUE,NA,924,10,6.82871207164168
"386",386,"Norway","hjelle","summer2022",TRUE,TRUE,NA,2.8,FALSE,NA,NA,NA,10,NA
"387",387,"Norway","hjelle","summer2022",TRUE,FALSE,42,25.3,FALSE,TRUE,NA,NA,2,NA
"388",388,"Norway","hjelle","summer2022",FALSE,NA,6.6,NA,NA,FALSE,NA,NA,2,NA
"389",389,"Norway","hjelle","summer2022",TRUE,FALSE,14.4,31.9,FALSE,FALSE,NA,NA,2,NA
"390",390,"Norway","hjelle","summer2022",TRUE,FALSE,92.4,440,TRUE,TRUE,NA,800.8,2,6.68561122800101
"391",391,"Norway","hjelle","summer2022",TRUE,FALSE,39.6,48,TRUE,TRUE,NA,21,2,3.04452243772342
"392",392,"Norway","hjelle","summer2022",TRUE,FALSE,53.2,90,TRUE,TRUE,NA,226.8,2,5.4240685718536
"393",393,"Norway","hjelle","summer2022",TRUE,FALSE,58.8,67.2,TRUE,TRUE,NA,289.8,2,5.66919102988658
"394",394,"Norway","hjelle","summer2022",TRUE,FALSE,28.6,69.3,FALSE,TRUE,NA,NA,2,NA
"395",395,"Norway","hjelle","summer2022",TRUE,FALSE,145.6,172.8,TRUE,TRUE,NA,472.5,2,6.1580377469338
"396",396,"Norway","hjelle","summer2022",TRUE,FALSE,34.2,32.4,TRUE,TRUE,NA,201.6,3,5.30628553619721
"397",397,"Norway","hjelle","summer2022",TRUE,FALSE,62,120.4,TRUE,TRUE,NA,630,3,6.44571981938558
"398",398,"Norway","hjelle","summer2022",TRUE,FALSE,186.3,174,TRUE,TRUE,NA,1197,3,7.08757370555797
"399",399,"Norway","hjelle","summer2022",TRUE,FALSE,28.9,31.5,TRUE,TRUE,NA,134.4,3,4.90082042808905
"400",400,"Norway","hjelle","summer2022",TRUE,FALSE,10,25.6,TRUE,TRUE,NA,117.6,3,4.76728903546453
"401",401,"Norway","hjelle","summer2022",TRUE,FALSE,13.2,9.6,TRUE,FALSE,NA,NA,3,NA
"402",402,"Norway","hjelle","summer2022",TRUE,FALSE,8.4,10.8,TRUE,TRUE,NA,37.8,3,3.63230910262554
"403",403,"Norway","hjelle","summer2022",FALSE,NA,9.9,NA,NA,FALSE,NA,NA,3,NA
"404",404,"Norway","hjelle","summer2022",TRUE,FALSE,4.8,5.4,FALSE,FALSE,NA,NA,3,NA
"405",405,"Norway","hjelle","summer2022",TRUE,FALSE,3.5,5.4,FALSE,FALSE,NA,NA,3,NA
"406",406,"Norway","hjelle","summer2022",TRUE,FALSE,15.6,34.2,FALSE,FALSE,NA,NA,3,NA
"407",407,"Norway","hjelle","summer2022",TRUE,FALSE,3.6,28.8,FALSE,FALSE,NA,NA,3,NA
"408",408,"Norway","hjelle","summer2022",FALSE,NA,2.1,NA,NA,FALSE,NA,NA,3,NA
"409",409,"Norway","hjelle","summer2022",TRUE,FALSE,1.5,4.9,FALSE,FALSE,NA,NA,3,NA
"410",410,"Norway","hjelle","summer2022",TRUE,FALSE,1,2,FALSE,FALSE,NA,NA,3,NA
"411",411,"Norway","hjelle","summer2022",TRUE,FALSE,4.2,3.6,FALSE,FALSE,NA,NA,3,NA
"412",412,"Norway","hjelle","summer2022",TRUE,FALSE,5,8.4,FALSE,FALSE,NA,NA,3,NA
"413",413,"Norway","hjelle","summer2022",TRUE,FALSE,2,2.4,FALSE,FALSE,NA,NA,3,NA
"414",414,"Norway","hjelle","summer2022",TRUE,FALSE,1.2,6,FALSE,FALSE,NA,NA,3,NA
"415",415,"Norway","hjelle","summer2022",TRUE,FALSE,8.1,3.6,FALSE,FALSE,NA,NA,3,NA
"416",416,"Norway","hjelle","summer2022",TRUE,FALSE,5.6,9.6,FALSE,FALSE,NA,NA,3,NA
"417",417,"Norway","hjelle","summer2022",TRUE,FALSE,21,18,TRUE,TRUE,NA,210,3,5.34710753071747
"418",418,"Norway","hjelle","summer2022",TRUE,FALSE,11.2,8.4,FALSE,TRUE,NA,NA,3,NA
"419",419,"Norway","hjelle","summer2022",TRUE,FALSE,8,22.4,TRUE,TRUE,NA,128.8,3,4.85826081367025
"420",420,"Norway","hjelle","summer2022",TRUE,FALSE,14,37.7,TRUE,TRUE,NA,NA,3,NA
"421",421,"Norway","hjelle","summer2022",TRUE,FALSE,42,36.4,TRUE,TRUE,NA,NA,3,NA
"422",422,"Norway","hjelle","summer2022",TRUE,FALSE,10.8,20.4,FALSE,FALSE,NA,NA,3,NA
"423",423,"Norway","hjelle","summer2022",TRUE,FALSE,1.8,3.5,FALSE,FALSE,NA,NA,3,NA
"424",424,"Norway","hjelle","summer2022",TRUE,FALSE,4,5.4,FALSE,FALSE,NA,NA,3,NA
"425",425,"Norway","hjelle","summer2022",TRUE,FALSE,1.2,1.5,FALSE,FALSE,NA,NA,3,NA
"426",426,"Norway","hjelle","summer2022",TRUE,FALSE,15.4,25.2,TRUE,TRUE,NA,64.4,3,4.16511363311031
"427",427,"Norway","hjelle","summer2022",TRUE,FALSE,40.6,57.8,TRUE,TRUE,NA,27.3,3,3.30688670219091
"428",428,"Norway","hjelle","summer2022",TRUE,FALSE,6.3,8.1,FALSE,FALSE,NA,NA,3,NA
"429",429,"Norway","hjelle","summer2022",TRUE,FALSE,1.2,1.2,FALSE,FALSE,NA,NA,3,NA
"430",430,"Norway","hjelle","summer2022",TRUE,FALSE,65,122.4,FALSE,FALSE,NA,NA,3,NA
"431",431,"Norway","hjelle","summer2022",TRUE,FALSE,9,54,TRUE,TRUE,NA,NA,3,NA
"432",432,"Norway","hjelle","summer2022",FALSE,NA,3.5,NA,NA,FALSE,NA,NA,3,NA
"433",433,"Norway","hjelle","summer2022",FALSE,NA,3.6,NA,NA,FALSE,NA,NA,3,NA
"434",434,"Norway","hjelle","summer2022",FALSE,NA,0.8,NA,NA,FALSE,NA,NA,3,NA
"435",435,"Norway","hjelle","summer2022",TRUE,FALSE,24.7,50.4,FALSE,FALSE,NA,NA,3,NA
"436",436,"Norway","hjelle","summer2022",TRUE,FALSE,54.4,74.1,TRUE,TRUE,NA,336,3,5.8171111599632
"437",437,"Norway","hjelle","summer2022",TRUE,FALSE,8.1,10.2,FALSE,FALSE,NA,NA,3,NA
"438",438,"Norway","hjelle","summer2022",TRUE,FALSE,2.1,9.2,FALSE,FALSE,NA,NA,3,NA
"439",439,"Norway","hjelle","summer2022",TRUE,FALSE,1.5,25.6,TRUE,FALSE,NA,NA,3,NA
"440",440,"Norway","hjelle","summer2022",TRUE,TRUE,NA,15.4,FALSE,NA,NA,NA,3,NA
"441",441,"Norway","hjelle","summer2022",TRUE,TRUE,NA,4.2,FALSE,NA,NA,NA,3,NA
"442",442,"Norway","hjelle","summer2022",TRUE,TRUE,NA,2,FALSE,NA,NA,NA,3,NA
"443",443,"Norway","hjelle","summer2022",TRUE,TRUE,NA,1.8,FALSE,NA,NA,NA,3,NA
"444",444,"Norway","hjelle","summer2022",TRUE,TRUE,NA,4.2,FALSE,NA,NA,NA,3,NA
"445",445,"Norway","hjelle","summer2022",TRUE,TRUE,NA,1.2,FALSE,NA,NA,NA,3,NA
"446",446,"Norway","hjelle","summer2022",TRUE,TRUE,NA,4.2,FALSE,NA,NA,NA,3,NA
"447",447,"Norway","hjelle","summer2022",TRUE,FALSE,27.6,52.8,TRUE,TRUE,NA,31.5,4,3.44998754583159
"448",448,"Norway","hjelle","summer2022",TRUE,FALSE,29.4,24,TRUE,TRUE,NA,NA,4,NA
"449",449,"Norway","hjelle","summer2022",TRUE,FALSE,56,44,TRUE,FALSE,NA,NA,4,NA
"450",450,"Norway","hjelle","summer2022",TRUE,FALSE,36,41.6,FALSE,TRUE,NA,NA,4,NA
"451",451,"Norway","hjelle","summer2022",TRUE,FALSE,25.2,30.4,FALSE,FALSE,NA,NA,4,NA
"452",452,"Norway","hjelle","summer2022",TRUE,FALSE,4,6,FALSE,FALSE,NA,NA,4,NA
"453",453,"Norway","hjelle","summer2022",TRUE,FALSE,2.4,2.4,FALSE,FALSE,NA,NA,4,NA
"454",454,"Norway","hjelle","summer2022",FALSE,NA,2.4,NA,NA,FALSE,NA,NA,4,NA
"455",455,"Norway","hjelle","summer2022",TRUE,FALSE,16,35.2,FALSE,FALSE,NA,NA,4,NA
"456",456,"Norway","hjelle","summer2022",TRUE,FALSE,14.4,36,FALSE,TRUE,NA,NA,4,NA
"457",457,"Norway","hjelle","summer2022",FALSE,NA,42,NA,NA,FALSE,NA,NA,4,NA
"458",458,"Norway","hjelle","summer2022",TRUE,FALSE,32.2,60.8,TRUE,TRUE,NA,0,4,-Inf
"459",459,"Norway","hjelle","summer2022",TRUE,FALSE,32,24,FALSE,FALSE,NA,NA,4,NA
"460",460,"Norway","hjelle","summer2022",TRUE,FALSE,5.5,15.2,FALSE,FALSE,NA,NA,4,NA
"461",461,"Norway","hjelle","summer2022",TRUE,FALSE,145.8,31.2,TRUE,TRUE,NA,87.5,4,4.47163879336357
"462",462,"Norway","hjelle","summer2022",TRUE,FALSE,28.6,27.6,FALSE,TRUE,NA,NA,4,NA
"463",463,"Norway","hjelle","summer2022",TRUE,FALSE,11.2,7.7,FALSE,FALSE,NA,NA,4,NA
"464",464,"Norway","hjelle","summer2022",TRUE,FALSE,24,18,FALSE,TRUE,NA,NA,4,NA
"465",465,"Norway","hjelle","summer2022",TRUE,FALSE,2.4,52.5,FALSE,FALSE,NA,NA,4,NA
"466",466,"Norway","hjelle","summer2022",TRUE,FALSE,20,9.8,FALSE,FALSE,NA,NA,4,NA
"467",467,"Norway","hjelle","summer2022",TRUE,FALSE,18,12,FALSE,FALSE,NA,NA,4,NA
"468",468,"Norway","hjelle","summer2022",TRUE,FALSE,3.2,12.6,FALSE,FALSE,NA,NA,4,NA
"469",469,"Norway","hjelle","summer2022",TRUE,FALSE,25.2,52,TRUE,TRUE,NA,126,4,4.83628190695148
"470",470,"Norway","hjelle","summer2022",TRUE,FALSE,19.2,37.8,TRUE,TRUE,NA,33.6,4,3.51452606696916
"471",471,"Norway","hjelle","summer2022",TRUE,FALSE,18.2,9,FALSE,FALSE,NA,NA,4,NA
"472",472,"Norway","hjelle","summer2022",TRUE,FALSE,8.4,21.6,FALSE,TRUE,NA,NA,4,NA
"473",473,"Norway","hjelle","summer2022",TRUE,FALSE,81,54,TRUE,TRUE,NA,NA,4,NA
"474",474,"Norway","hjelle","summer2022",TRUE,FALSE,66,57.6,FALSE,TRUE,NA,NA,4,NA
"475",475,"Norway","hjelle","summer2022",TRUE,TRUE,NA,6.5,FALSE,NA,NA,NA,4,NA
"476",476,"Norway","hjelle","summer2022",TRUE,TRUE,NA,4.2,FALSE,NA,NA,NA,4,NA
"477",477,"Norway","hjelle","summer2022",TRUE,TRUE,NA,18.4,FALSE,NA,NA,NA,4,NA
"478",478,"Norway","hjelle","summer2022",TRUE,TRUE,NA,5.6,FALSE,NA,NA,NA,4,NA
"479",479,"Norway","hjelle","summer2022",TRUE,FALSE,NA,50.6,TRUE,NA,NA,0,5,-Inf
"480",480,"Norway","hjelle","summer2022",TRUE,FALSE,NA,75,TRUE,NA,NA,962.5,5,6.86953406616194
"481",481,"Norway","hjelle","summer2022",TRUE,FALSE,NA,8,FALSE,NA,NA,NA,5,NA
"482",482,"Norway","hjelle","summer2022",TRUE,FALSE,NA,65,TRUE,NA,NA,350,5,5.85793315448346
"483",483,"Norway","hjelle","summer2022",TRUE,FALSE,NA,31.5,FALSE,NA,NA,NA,5,NA
"484",484,"Norway","hjelle","summer2022",TRUE,FALSE,NA,18,TRUE,NA,NA,0,5,-Inf
"485",485,"Norway","hjelle","summer2022",TRUE,FALSE,NA,15.4,TRUE,NA,NA,NA,5,NA
"486",486,"Norway","hjelle","summer2022",TRUE,FALSE,NA,4.4,FALSE,NA,NA,NA,5,NA
"487",487,"Norway","hjelle","summer2022",TRUE,FALSE,NA,51.6,FALSE,NA,NA,NA,5,NA
"488",488,"Norway","hjelle","summer2022",TRUE,FALSE,NA,7.7,FALSE,NA,NA,NA,5,NA
"489",489,"Norway","hjelle","summer2022",TRUE,FALSE,NA,24,TRUE,NA,NA,42,5,3.73766961828337
"490",490,"Norway","hjelle","summer2022",TRUE,FALSE,NA,15.6,FALSE,NA,NA,NA,5,NA
"491",491,"Norway","hjelle","summer2022",TRUE,FALSE,NA,19.8,FALSE,NA,NA,NA,5,NA
"492",492,"Norway","hjelle","summer2022",TRUE,FALSE,NA,6,FALSE,NA,NA,NA,5,NA
"493",493,"Norway","hjelle","summer2022",TRUE,FALSE,NA,27.6,TRUE,NA,NA,NA,5,NA
"494",494,"Norway","hjelle","summer2022",TRUE,FALSE,NA,45,TRUE,NA,NA,50.4,5,3.91999117507732
"495",495,"Norway","hjelle","summer2022",TRUE,FALSE,NA,30,FALSE,NA,NA,NA,5,NA
"496",496,"Norway","hjelle","summer2022",TRUE,FALSE,NA,18.2,TRUE,NA,NA,NA,5,NA
"497",497,"Norway","hjelle","summer2022",TRUE,FALSE,NA,6.5,FALSE,NA,NA,NA,5,NA
"498",498,"Norway","hjelle","summer2022",TRUE,FALSE,NA,42.5,TRUE,NA,NA,145.6,5,4.98086313576259
"499",499,"Norway","hjelle","summer2022",TRUE,FALSE,NA,18,TRUE,NA,NA,33.6,5,3.51452606696916
"500",500,"Norway","hjelle","summer2022",TRUE,FALSE,NA,30,TRUE,NA,NA,163.8,5,5.09864617141897
"501",501,"Norway","hjelle","summer2022",TRUE,FALSE,NA,27,FALSE,NA,NA,NA,5,NA
"502",502,"Norway","hjelle","summer2022",TRUE,FALSE,NA,69.7,TRUE,NA,NA,235.2,5,5.46043621602447
"503",503,"Norway","hjelle","summer2022",TRUE,FALSE,NA,14.4,TRUE,NA,NA,5.6,5,1.7227665977411
"504",504,"Norway","hjelle","summer2022",TRUE,FALSE,NA,16,FALSE,NA,NA,NA,5,NA
"505",505,"Norway","hjelle","summer2022",TRUE,FALSE,NA,60,TRUE,NA,NA,49,5,3.89182029811063
"506",506,"Norway","hjelle","summer2022",TRUE,FALSE,NA,16.8,FALSE,NA,NA,NA,5,NA
"507",507,"Norway","hjelle","summer2022",TRUE,FALSE,NA,44.2,TRUE,NA,NA,168,5,5.12396397940326
"508",508,"Norway","hjelle","summer2022",TRUE,FALSE,NA,11.9,FALSE,NA,NA,NA,5,NA
"509",509,"Norway","hjelle","summer2022",TRUE,FALSE,NA,19.2,FALSE,NA,NA,NA,5,NA
"510",510,"Norway","hjelle","summer2022",TRUE,FALSE,NA,33,TRUE,NA,NA,NA,5,NA
"511",511,"Norway","hjelle","summer2022",TRUE,FALSE,NA,13,FALSE,NA,NA,NA,5,NA
"512",512,"Norway","hjelle","summer2022",TRUE,FALSE,NA,48.6,TRUE,NA,NA,42,5,3.73766961828337
"513",513,"Norway","hjelle","summer2022",TRUE,TRUE,NA,3.6,FALSE,NA,NA,NA,5,NA
"514",514,"Norway","hjelle","summer2022",TRUE,TRUE,NA,2.8,FALSE,NA,NA,NA,5,NA
"515",515,"Norway","hjelle","summer2022",TRUE,TRUE,NA,3.9,FALSE,NA,NA,NA,5,NA
"516",516,"Norway","hjelle","summer2022",TRUE,TRUE,NA,11.2,FALSE,NA,NA,NA,5,NA
"517",517,"Norway","hjelle","summer2022",TRUE,TRUE,NA,13.8,FALSE,NA,NA,NA,5,NA
"518",518,"Norway","hjelle","summer2022",TRUE,TRUE,NA,13.5,FALSE,NA,NA,NA,5,NA
"519",519,"Norway","hjelle","summer2022",TRUE,FALSE,22.8,16.2,TRUE,TRUE,NA,193.2,6,5.26372592177842
"520",520,"Norway","hjelle","summer2022",TRUE,FALSE,14,7,FALSE,FALSE,NA,NA,6,NA
"521",521,"Norway","hjelle","summer2022",TRUE,FALSE,2.4,9.8,FALSE,FALSE,NA,NA,6,NA
"522",522,"Norway","hjelle","summer2022",TRUE,FALSE,19.2,8,FALSE,FALSE,NA,NA,6,NA
"523",523,"Norway","hjelle","summer2022",TRUE,FALSE,10.8,34,TRUE,TRUE,NA,NA,6,NA
"524",524,"Norway","hjelle","summer2022",TRUE,FALSE,17.6,7.2,TRUE,TRUE,NA,NA,6,NA
"525",525,"Norway","hjelle","summer2022",TRUE,FALSE,12.6,15.4,FALSE,FALSE,NA,NA,6,NA
"526",526,"Norway","hjelle","summer2022",TRUE,FALSE,13.2,9.1,FALSE,TRUE,NA,NA,6,NA
"527",527,"Norway","hjelle","summer2022",TRUE,FALSE,16,42,TRUE,TRUE,NA,NA,6,NA
"528",528,"Norway","hjelle","summer2022",TRUE,FALSE,118.8,92.4,TRUE,TRUE,NA,NA,6,NA
"529",529,"Norway","hjelle","summer2022",TRUE,FALSE,8,26,FALSE,TRUE,NA,NA,6,NA
"530",530,"Norway","hjelle","summer2022",TRUE,FALSE,17,29.9,FALSE,FALSE,NA,NA,6,NA
"531",531,"Norway","hjelle","summer2022",TRUE,FALSE,19.2,23.4,FALSE,TRUE,NA,NA,6,NA
"532",532,"Norway","hjelle","summer2022",TRUE,FALSE,19.2,24.2,FALSE,FALSE,NA,NA,6,NA
"533",533,"Norway","hjelle","summer2022",TRUE,FALSE,53.2,49.3,TRUE,TRUE,NA,297.5,6,5.69541422498568
"534",534,"Norway","hjelle","summer2022",TRUE,FALSE,47.6,67.2,FALSE,TRUE,NA,NA,6,NA
"535",535,"Norway","hjelle","summer2022",TRUE,FALSE,48.4,41.6,TRUE,TRUE,NA,NA,6,NA
"536",536,"Norway","hjelle","summer2022",FALSE,NA,9.6,NA,NA,TRUE,NA,NA,6,NA
"537",537,"Norway","hjelle","summer2022",TRUE,FALSE,16.8,18.7,FALSE,TRUE,NA,NA,6,NA
"538",538,"Norway","hjelle","summer2022",TRUE,FALSE,41.8,40.8,FALSE,FALSE,NA,NA,6,NA
"539",539,"Norway","hjelle","summer2022",TRUE,TRUE,NA,8.8,FALSE,NA,NA,NA,6,NA
"540",540,"Norway","hjelle","summer2022",TRUE,TRUE,NA,2.8,FALSE,NA,NA,NA,6,NA
"541",541,"Norway","hjelle","summer2022",TRUE,TRUE,NA,2.7,FALSE,NA,NA,NA,6,NA
"542",542,"Norway","hjelle","summer2022",TRUE,TRUE,NA,5.5,FALSE,NA,NA,NA,6,NA
"543",543,"Norway","hjelle","summer2022",TRUE,TRUE,NA,9.6,FALSE,NA,NA,NA,6,NA
"544",544,"Norway","hjelle","summer2022",TRUE,TRUE,NA,10,FALSE,NA,NA,NA,6,NA
"545",545,"Norway","hjelle","summer2022",TRUE,TRUE,NA,66,FALSE,NA,NA,NA,6,NA
"546",546,"Norway","hjelle","summer2022",TRUE,FALSE,37.5,121.6,TRUE,TRUE,NA,NA,7,NA
"547",547,"Norway","hjelle","summer2022",TRUE,FALSE,54,166.4,TRUE,TRUE,NA,NA,7,NA
"548",548,"Norway","hjelle","summer2022",TRUE,FALSE,11.9,51.8,FALSE,FALSE,NA,NA,7,NA
"549",549,"Norway","hjelle","summer2022",FALSE,NA,9.8,NA,NA,FALSE,NA,NA,7,NA
"550",550,"Norway","hjelle","summer2022",TRUE,FALSE,18.9,144,TRUE,TRUE,NA,8.4,7,2.12823170584927
"551",551,"Norway","hjelle","summer2022",TRUE,FALSE,192.5,564,TRUE,TRUE,NA,618.8,7,6.42778211869891
"552",552,"Norway","hjelle","summer2022",TRUE,FALSE,9,21.6,FALSE,TRUE,NA,NA,7,NA
"553",553,"Norway","hjelle","summer2022",TRUE,FALSE,13.2,43.2,FALSE,TRUE,NA,NA,7,NA
"554",554,"Norway","hjelle","summer2022",TRUE,FALSE,28.5,160,TRUE,TRUE,NA,NA,7,NA
"555",555,"Norway","hjelle","summer2022",TRUE,FALSE,12.8,3.5,FALSE,FALSE,NA,NA,7,NA
"556",556,"Norway","hjelle","summer2022",TRUE,FALSE,15.4,112,TRUE,TRUE,NA,NA,7,NA
"557",557,"Norway","hjelle","summer2022",TRUE,FALSE,12.8,27,FALSE,TRUE,NA,NA,7,NA
"558",558,"Norway","hjelle","summer2022",TRUE,FALSE,32.4,115.2,TRUE,TRUE,NA,NA,7,NA
"559",559,"Norway","hjelle","summer2022",TRUE,FALSE,27.3,182,TRUE,TRUE,NA,42,7,3.73766961828337
"560",560,"Norway","hjelle","summer2022",TRUE,FALSE,123,67.2,FALSE,TRUE,NA,NA,7,NA
"561",561,"Norway","hjelle","summer2022",TRUE,FALSE,46.2,133,TRUE,TRUE,NA,NA,7,NA
"562",562,"Norway","hjelle","summer2022",TRUE,FALSE,25.6,116,TRUE,FALSE,NA,NA,7,NA
"563",563,"Norway","hjelle","summer2022",TRUE,FALSE,8.4,19.5,FALSE,FALSE,NA,NA,7,NA
"564",564,"Norway","hjelle","summer2022",FALSE,NA,33.6,NA,NA,TRUE,NA,NA,7,NA
"565",565,"Norway","hjelle","summer2022",TRUE,FALSE,15.6,57,TRUE,FALSE,NA,NA,7,NA
"566",566,"Norway","hjelle","summer2022",TRUE,FALSE,2.8,3.6,FALSE,FALSE,NA,NA,7,NA
"567",567,"Norway","hjelle","summer2022",TRUE,FALSE,22.1,36.8,FALSE,FALSE,NA,NA,7,NA
"568",568,"Norway","hjelle","summer2022",TRUE,FALSE,3.5,24.5,FALSE,FALSE,NA,NA,7,NA
"569",569,"Norway","hjelle","summer2022",TRUE,FALSE,0.4,23.4,TRUE,FALSE,NA,NA,7,NA
"570",570,"Norway","hjelle","summer2022",TRUE,FALSE,0.4,25.2,FALSE,FALSE,NA,NA,7,NA
"571",571,"Norway","hjelle","summer2022",FALSE,NA,0.4,NA,NA,FALSE,NA,NA,7,NA
"572",572,"Norway","hjelle","summer2022",TRUE,FALSE,45.6,59.8,FALSE,FALSE,NA,NA,7,NA
"573",573,"Norway","hjelle","summer2022",TRUE,FALSE,30.6,225.4,TRUE,TRUE,NA,184.8,7,5.21927415920758
"574",574,"Norway","hjelle","summer2022",TRUE,FALSE,40,52.5,FALSE,TRUE,NA,NA,7,NA
"575",575,"Norway","hjelle","summer2022",TRUE,FALSE,0.4,7.2,FALSE,FALSE,NA,NA,7,NA
"576",576,"Norway","hjelle","summer2022",TRUE,FALSE,0.4,10.2,FALSE,FALSE,NA,NA,7,NA
"577",577,"Norway","hjelle","summer2022",TRUE,FALSE,0.4,8.4,FALSE,FALSE,NA,NA,7,NA
"578",578,"Norway","hjelle","summer2022",FALSE,NA,0.4,NA,NA,FALSE,NA,NA,7,NA
"579",579,"Norway","hjelle","summer2022",FALSE,NA,0.4,NA,NA,FALSE,NA,NA,7,NA
"580",580,"Norway","hjelle","summer2022",TRUE,FALSE,16.2,29.9,FALSE,TRUE,NA,NA,7,NA
"581",581,"Norway","hjelle","summer2022",TRUE,FALSE,82.8,62.4,FALSE,TRUE,NA,NA,7,NA
"582",582,"Norway","hjelle","summer2022",TRUE,FALSE,69,46,TRUE,TRUE,NA,31.5,7,3.44998754583159
"583",583,"Norway","hjelle","summer2022",TRUE,FALSE,20.8,24.2,FALSE,TRUE,NA,NA,7,NA
"584",584,"Norway","hjelle","summer2022",TRUE,FALSE,47.7,147,TRUE,TRUE,NA,NA,7,NA
"585",585,"Norway","hjelle","summer2022",TRUE,TRUE,NA,13.6,FALSE,NA,NA,NA,7,NA
"586",586,"Norway","hjelle","summer2022",TRUE,TRUE,NA,7,FALSE,NA,NA,NA,7,NA
"587",587,"Norway","hjelle","summer2022",TRUE,TRUE,NA,5.2,FALSE,NA,NA,NA,7,NA
"588",588,"Norway","hjelle","summer2022",TRUE,TRUE,NA,8,FALSE,NA,NA,NA,7,NA
"589",589,"Norway","hjelle","summer2022",TRUE,FALSE,57.2,37.8,FALSE,TRUE,NA,NA,8,NA
"590",590,"Norway","hjelle","summer2022",TRUE,FALSE,151.2,64,TRUE,TRUE,NA,NA,8,NA
"591",591,"Norway","hjelle","summer2022",TRUE,FALSE,87.4,86,TRUE,TRUE,NA,NA,8,NA
"592",592,"Norway","hjelle","summer2022",TRUE,FALSE,25.2,33.6,TRUE,TRUE,NA,67.2,9,4.2076732475291
"593",593,"Norway","hjelle","summer2022",TRUE,FALSE,16.5,16.2,TRUE,FALSE,NA,31.5,9,3.44998754583159
"594",594,"Norway","hjelle","summer2022",TRUE,FALSE,11.2,14.4,FALSE,FALSE,NA,NA,9,NA
"595",595,"Norway","hjelle","summer2022",TRUE,FALSE,0.6,6.8,TRUE,FALSE,NA,31.5,9,3.44998754583159
"596",596,"Norway","hjelle","summer2022",TRUE,FALSE,4.8,12,FALSE,TRUE,NA,NA,9,NA
"597",597,"Norway","hjelle","summer2022",FALSE,NA,7,NA,NA,FALSE,NA,NA,9,NA
"598",598,"Norway","hjelle","summer2022",TRUE,FALSE,11.2,25.5,FALSE,FALSE,NA,NA,9,NA
"599",599,"Norway","hjelle","summer2022",TRUE,FALSE,8,30.6,FALSE,FALSE,NA,NA,9,NA
"600",600,"Norway","hjelle","summer2022",TRUE,FALSE,3,7.8,FALSE,FALSE,NA,NA,9,NA
"601",601,"Norway","hjelle","summer2022",TRUE,FALSE,1.6,4.2,FALSE,FALSE,NA,NA,9,NA
"602",602,"Norway","hjelle","summer2022",TRUE,FALSE,2.5,14.4,FALSE,FALSE,NA,NA,9,NA
"603",603,"Norway","hjelle","summer2022",TRUE,FALSE,25.2,88.4,TRUE,TRUE,NA,239.4,9,5.47813579312387
"604",604,"Norway","hjelle","summer2022",FALSE,NA,5.4,NA,NA,FALSE,NA,NA,9,NA
"605",605,"Norway","hjelle","summer2022",TRUE,FALSE,25.3,79.2,TRUE,TRUE,NA,48.3,9,3.87743156065853
"606",606,"Norway","hjelle","summer2022",TRUE,FALSE,27.2,21.6,FALSE,TRUE,NA,NA,9,NA
"607",607,"Norway","hjelle","summer2022",TRUE,FALSE,21,28.8,TRUE,TRUE,NA,192.5,9,5.26009615372784
"608",608,"Norway","hjelle","summer2022",TRUE,FALSE,62,71.4,TRUE,TRUE,NA,254.8,9,5.54047892369801
"609",609,"Norway","hjelle","summer2022",TRUE,FALSE,29.4,88.2,TRUE,TRUE,NA,367.5,9,5.90672331865289
"610",610,"Norway","hjelle","summer2022",TRUE,FALSE,4.2,12.1,FALSE,FALSE,NA,NA,9,NA
"611",611,"Norway","hjelle","summer2022",TRUE,FALSE,1.8,6,FALSE,FALSE,NA,NA,9,NA
"612",612,"Norway","hjelle","summer2022",TRUE,FALSE,3,23.8,TRUE,TRUE,NA,NA,9,NA
"613",613,"Norway","hjelle","summer2022",TRUE,FALSE,27,33,FALSE,FALSE,NA,NA,9,NA
"614",614,"Norway","hjelle","summer2022",TRUE,FALSE,30.8,118.8,TRUE,TRUE,NA,93.1,9,4.53367418428302
"615",615,"Norway","hjelle","summer2022",TRUE,FALSE,28.8,98,TRUE,TRUE,NA,630,9,6.44571981938558
"616",616,"Norway","hjelle","summer2022",TRUE,FALSE,20.7,79.8,TRUE,TRUE,NA,380.8,9,5.94227430291721
"617",617,"Norway","hjelle","summer2022",TRUE,FALSE,23.4,19.2,TRUE,TRUE,NA,NA,9,NA
"618",618,"Norway","hjelle","summer2022",TRUE,FALSE,93.6,43.7,FALSE,TRUE,NA,NA,9,NA
"619",619,"Norway","hjelle","summer2022",TRUE,FALSE,48,118.9,TRUE,TRUE,NA,182,9,5.2040066870768
"620",620,"Norway","hjelle","summer2022",TRUE,FALSE,41.8,82.5,FALSE,TRUE,NA,NA,9,NA
"621",621,"Norway","hjelle","summer2022",TRUE,FALSE,60,60.8,FALSE,TRUE,NA,NA,9,NA
"622",622,"Norway","hjelle","summer2022",TRUE,FALSE,15,22,FALSE,TRUE,NA,NA,9,NA
"623",623,"Norway","hjelle","summer2022",TRUE,FALSE,6.5,9.8,FALSE,FALSE,NA,NA,9,NA
"624",624,"Norway","hjelle","summer2022",TRUE,FALSE,0.9,1.2,FALSE,FALSE,NA,NA,9,NA
"625",625,"Norway","hjelle","summer2022",TRUE,FALSE,9.6,18.2,FALSE,FALSE,NA,NA,9,NA
"626",626,"Norway","hjelle","summer2022",FALSE,NA,3,NA,NA,FALSE,NA,NA,9,NA
"627",627,"Norway","hjelle","summer2022",TRUE,FALSE,3,3.5,FALSE,FALSE,NA,NA,9,NA
"628",628,"Norway","hjelle","summer2022",TRUE,FALSE,5.25,105.6,TRUE,TRUE,NA,87.5,9,4.47163879336357
"629",629,"Norway","hjelle","summer2022",TRUE,FALSE,15.6,14,FALSE,FALSE,NA,NA,9,NA
"630",630,"Norway","hjelle","summer2022",TRUE,FALSE,2.5,9,FALSE,FALSE,NA,NA,9,NA
"631",631,"Norway","hjelle","summer2022",TRUE,TRUE,NA,0.8,FALSE,NA,NA,NA,9,NA
"632",632,"Norway","hjelle","summer2022",TRUE,TRUE,NA,2.4,FALSE,NA,NA,NA,9,NA
"633",633,"Norway","hjelle","summer2022",TRUE,TRUE,NA,2,FALSE,NA,NA,NA,9,NA
"634",634,"Norway","hjelle","summer2022",TRUE,TRUE,NA,3.6,FALSE,NA,NA,NA,9,NA
"635",635,"Norway","hjelle","summer2022",TRUE,TRUE,NA,6,FALSE,NA,NA,NA,9,NA
"636",636,"Norway","hjelle","summer2022",TRUE,TRUE,NA,64.8,TRUE,NA,NA,627.2,9,6.4412654690362
"637",637,"Norway","hjelle","summer2022",TRUE,TRUE,NA,2,FALSE,NA,NA,NA,9,NA
"638",638,"Norway","hjelle","summer2022",TRUE,TRUE,NA,3.6,FALSE,NA,NA,NA,9,NA
"639",639,"Norway","laerdal","summer2022",TRUE,FALSE,33.6,79.2,TRUE,TRUE,NA,169.4,1,5.13226278221795
"640",640,"Norway","laerdal","summer2022",TRUE,FALSE,77.5,46,TRUE,TRUE,NA,NA,1,NA
"641",641,"Norway","laerdal","summer2022",FALSE,NA,66,NA,NA,TRUE,NA,NA,1,NA
"642",642,"Norway","laerdal","summer2022",TRUE,FALSE,84,15.2,TRUE,TRUE,NA,NA,1,NA
"643",643,"Norway","laerdal","summer2022",TRUE,FALSE,6.4,30.6,FALSE,FALSE,NA,NA,1,NA
"644",644,"Norway","laerdal","summer2022",TRUE,FALSE,19.2,96,FALSE,FALSE,NA,NA,1,NA
"645",645,"Norway","laerdal","summer2022",TRUE,TRUE,NA,3,FALSE,NA,NA,NA,1,NA
"646",646,"Norway","laerdal","summer2022",TRUE,TRUE,NA,13,FALSE,NA,NA,NA,1,NA
"647",647,"Norway","laerdal","summer2022",TRUE,TRUE,NA,8.4,FALSE,NA,NA,NA,1,NA
"648",648,"Norway","laerdal","summer2022",TRUE,TRUE,NA,13.2,FALSE,NA,NA,NA,1,NA
"649",649,"Norway","laerdal","summer2022",TRUE,TRUE,NA,5.5,FALSE,NA,NA,NA,1,NA
"650",650,"Norway","laerdal","summer2022",TRUE,TRUE,NA,3.5,FALSE,NA,NA,NA,1,NA
"651",651,"Norway","laerdal","summer2022",TRUE,TRUE,NA,6,FALSE,NA,NA,NA,1,NA
"652",652,"Norway","laerdal","summer2022",TRUE,TRUE,NA,3.6,FALSE,NA,NA,NA,1,NA
"653",653,"Norway","laerdal","summer2022",TRUE,TRUE,NA,5.5,FALSE,NA,NA,NA,1,NA
"654",654,"Norway","laerdal","summer2022",TRUE,TRUE,NA,43.5,FALSE,NA,NA,NA,1,NA
"655",655,"Norway","laerdal","summer2022",TRUE,TRUE,NA,57.5,FALSE,NA,NA,NA,1,NA
"656",656,"Norway","laerdal","summer2022",TRUE,TRUE,NA,33.6,FALSE,NA,NA,NA,1,NA
"657",657,"Norway","laerdal","summer2022",TRUE,TRUE,NA,35.7,FALSE,NA,NA,NA,1,NA
"658",658,"Norway","laerdal","summer2022",TRUE,TRUE,NA,11.9,FALSE,NA,NA,NA,1,NA
"659",659,"Norway","laerdal","summer2022",TRUE,TRUE,NA,3.5,FALSE,NA,NA,NA,1,NA
"660",660,"Norway","laerdal","summer2022",TRUE,FALSE,28.8,74.8,TRUE,FALSE,NA,NA,10,NA
"661",661,"Norway","laerdal","summer2022",TRUE,FALSE,34.5,25.5,TRUE,FALSE,NA,481.6,10,6.17711389399461
"662",662,"Norway","laerdal","summer2022",TRUE,FALSE,16,46.2,FALSE,FALSE,NA,NA,10,NA
"663",663,"Norway","laerdal","summer2022",TRUE,FALSE,33.6,37.4,TRUE,FALSE,NA,300.3,10,5.70478197498928
"664",664,"Norway","laerdal","summer2022",TRUE,FALSE,7.8,42.5,FALSE,FALSE,NA,NA,10,NA
"665",665,"Norway","laerdal","summer2022",TRUE,FALSE,16,59.5,FALSE,FALSE,NA,NA,10,NA
"666",666,"Norway","laerdal","summer2022",TRUE,FALSE,92.4,47.6,TRUE,FALSE,NA,NA,10,NA
"667",667,"Norway","laerdal","summer2022",TRUE,FALSE,24,68.2,TRUE,FALSE,NA,378,10,5.93489419561959
"668",668,"Norway","laerdal","summer2022",TRUE,FALSE,24,55.2,TRUE,TRUE,NA,928.2,10,6.83324722680708
"669",669,"Norway","laerdal","summer2022",TRUE,FALSE,52,172,TRUE,TRUE,NA,302.4,10,5.71175064430538
"670",670,"Norway","laerdal","summer2022",TRUE,FALSE,89.6,150.5,FALSE,TRUE,NA,NA,10,NA
"671",671,"Norway","laerdal","summer2022",TRUE,FALSE,17.6,282,FALSE,FALSE,NA,NA,10,NA
"672",672,"Norway","laerdal","summer2022",TRUE,FALSE,70,172.8,TRUE,TRUE,NA,NA,10,NA
"673",673,"Norway","laerdal","summer2022",TRUE,FALSE,17.6,60.9,FALSE,FALSE,NA,NA,10,NA
"674",674,"Norway","laerdal","summer2022",TRUE,FALSE,28,91.8,TRUE,TRUE,NA,756,10,6.62804137617953
"675",675,"Norway","laerdal","summer2022",TRUE,FALSE,30.8,52.5,FALSE,FALSE,NA,NA,10,NA
"676",676,"Norway","laerdal","summer2022",TRUE,FALSE,26.6,41.8,TRUE,FALSE,NA,NA,10,NA
"677",677,"Norway","laerdal","summer2022",TRUE,FALSE,68,46.2,TRUE,FALSE,NA,245,10,5.50125821054473
"678",678,"Norway","laerdal","summer2022",TRUE,FALSE,41.6,84,FALSE,TRUE,NA,NA,10,NA
"679",679,"Norway","laerdal","summer2022",TRUE,FALSE,53.2,151.9,FALSE,FALSE,NA,NA,10,NA
"680",680,"Norway","laerdal","summer2022",FALSE,NA,23,NA,NA,FALSE,NA,NA,10,NA
"681",681,"Norway","laerdal","summer2022",FALSE,NA,102.4,NA,NA,TRUE,NA,NA,10,NA
"682",682,"Norway","laerdal","summer2022",TRUE,FALSE,19.2,59.8,TRUE,FALSE,NA,NA,10,NA
"683",683,"Norway","laerdal","summer2022",TRUE,FALSE,105.6,123,FALSE,FALSE,NA,NA,10,NA
"684",684,"Norway","laerdal","summer2022",TRUE,FALSE,32,72,FALSE,FALSE,NA,NA,10,NA
"685",685,"Norway","laerdal","summer2022",TRUE,TRUE,NA,26.4,FALSE,NA,NA,NA,10,NA
"686",686,"Norway","laerdal","summer2022",TRUE,TRUE,NA,37.8,FALSE,NA,NA,NA,10,NA
"687",687,"Norway","laerdal","summer2022",FALSE,NA,123.2,NA,NA,TRUE,NA,NA,2,NA
"688",688,"Norway","laerdal","summer2022",FALSE,NA,40.6,NA,NA,TRUE,NA,NA,2,NA
"689",689,"Norway","laerdal","summer2022",FALSE,NA,33.6,NA,NA,TRUE,NA,NA,2,NA
"690",690,"Norway","laerdal","summer2022",FALSE,NA,172.8,NA,NA,TRUE,NA,NA,2,NA
"691",691,"Norway","laerdal","summer2022",FALSE,NA,36,NA,NA,TRUE,NA,NA,2,NA
"692",692,"Norway","laerdal","summer2022",TRUE,FALSE,NA,156.8,TRUE,NA,NA,1710.8,3,7.44471637635275
"693",693,"Norway","laerdal","summer2022",TRUE,FALSE,NA,63,TRUE,NA,NA,23.8,3,3.16968558067743
"694",694,"Norway","laerdal","summer2022",TRUE,FALSE,NA,48,TRUE,NA,NA,261.8,3,5.5675808534758
"695",695,"Norway","laerdal","summer2022",TRUE,FALSE,NA,228,TRUE,NA,NA,1474.2,3,7.29587074875519
"696",696,"Norway","laerdal","summer2022",TRUE,FALSE,123.2,91,TRUE,TRUE,NA,616,3,6.42324696353352
"697",697,"Norway","laerdal","summer2022",FALSE,NA,18.2,NA,NA,FALSE,NA,NA,3,NA
"698",698,"Norway","laerdal","summer2022",FALSE,NA,224.4,NA,NA,TRUE,NA,NA,3,NA
"699",699,"Norway","laerdal","summer2022",FALSE,NA,303.6,NA,NA,TRUE,NA,NA,3,NA
"700",700,"Norway","laerdal","summer2022",TRUE,FALSE,49.4,154.8,TRUE,TRUE,NA,318.5,4,5.76362247501222
"701",701,"Norway","laerdal","summer2022",TRUE,FALSE,49.4,248.4,TRUE,TRUE,NA,NA,4,NA
"702",702,"Norway","laerdal","summer2022",TRUE,FALSE,1,11,FALSE,FALSE,NA,NA,4,NA
"703",703,"Norway","laerdal","summer2022",TRUE,FALSE,94.6,38,TRUE,TRUE,NA,92.4,4,4.52612697864764
"704",704,"Norway","laerdal","summer2022",TRUE,FALSE,13.5,95.2,FALSE,FALSE,NA,NA,4,NA
"705",705,"Norway","laerdal","summer2022",TRUE,FALSE,14.4,113.1,FALSE,FALSE,NA,NA,4,NA
"706",706,"Norway","laerdal","summer2022",TRUE,FALSE,0,28.9,TRUE,TRUE,NA,146.3,4,4.98565930802608
"707",707,"Norway","laerdal","summer2022",TRUE,FALSE,26.1,15,FALSE,TRUE,NA,NA,4,NA
"708",708,"Norway","laerdal","summer2022",TRUE,FALSE,19,3,FALSE,TRUE,NA,NA,4,NA
"709",709,"Norway","laerdal","summer2022",FALSE,NA,27,NA,NA,TRUE,NA,NA,4,NA
"710",710,"Norway","laerdal","summer2022",FALSE,NA,15.4,NA,NA,FALSE,NA,NA,4,NA
"711",711,"Norway","laerdal","summer2022",TRUE,FALSE,25.2,75,TRUE,TRUE,NA,227.5,4,5.427150238391
"712",712,"Norway","laerdal","summer2022",TRUE,FALSE,25.2,270,TRUE,TRUE,NA,1960,4,7.58069975222456
"713",713,"Norway","laerdal","summer2022",TRUE,FALSE,120,38,TRUE,TRUE,NA,NA,4,NA
"714",714,"Norway","laerdal","summer2022",TRUE,FALSE,120,693,TRUE,TRUE,NA,735,4,6.59987049921284
"715",715,"Norway","laerdal","summer2022",TRUE,FALSE,11.9,580,TRUE,FALSE,NA,1833.3,4,7.51387290056898
"716",716,"Norway","laerdal","summer2022",TRUE,FALSE,11.9,117.8,TRUE,FALSE,NA,NA,4,NA
"717",717,"Norway","laerdal","summer2022",TRUE,FALSE,98.6,99.9,TRUE,TRUE,NA,268.8,4,5.59396760864899
"718",718,"Norway","laerdal","summer2022",TRUE,FALSE,18,73.6,TRUE,TRUE,NA,72.8,4,4.28771595520264
"719",719,"Norway","laerdal","summer2022",TRUE,FALSE,36,64.8,TRUE,TRUE,NA,282.1,4,5.64226161800795
"720",720,"Norway","laerdal","summer2022",TRUE,FALSE,154,220.5,FALSE,TRUE,NA,NA,4,NA
"721",721,"Norway","laerdal","summer2022",TRUE,FALSE,28.9,68,TRUE,TRUE,NA,343,4,5.83773044716594
"722",722,"Norway","laerdal","summer2022",TRUE,TRUE,NA,10.8,FALSE,NA,NA,NA,4,NA
"723",723,"Norway","laerdal","summer2022",TRUE,TRUE,NA,12,FALSE,NA,NA,NA,4,NA
"724",724,"Norway","laerdal","summer2022",TRUE,TRUE,NA,31.5,FALSE,NA,NA,NA,4,NA
"725",725,"Norway","laerdal","summer2022",TRUE,TRUE,NA,60.9,TRUE,NA,NA,NA,4,NA
"726",726,"Norway","laerdal","summer2022",TRUE,TRUE,NA,8.5,FALSE,NA,NA,NA,4,NA
"727",727,"Norway","laerdal","summer2022",TRUE,TRUE,NA,20.4,FALSE,NA,NA,NA,4,NA
"728",728,"Norway","laerdal","summer2022",TRUE,FALSE,4,32.3,FALSE,FALSE,NA,NA,5,NA
"729",729,"Norway","laerdal","summer2022",TRUE,FALSE,12,8,FALSE,FALSE,NA,NA,5,NA
"730",730,"Norway","laerdal","summer2022",TRUE,FALSE,3.6,14.4,FALSE,FALSE,NA,NA,5,NA
"731",731,"Norway","laerdal","summer2022",TRUE,FALSE,21.6,26.6,FALSE,FALSE,NA,NA,5,NA
"732",732,"Norway","laerdal","summer2022",TRUE,FALSE,26.6,25.5,TRUE,TRUE,NA,78.4,5,4.36182392735636
"733",733,"Norway","laerdal","summer2022",TRUE,FALSE,6.3,15.6,FALSE,FALSE,NA,NA,5,NA
"734",734,"Norway","laerdal","summer2022",TRUE,FALSE,7.2,30,FALSE,FALSE,NA,NA,5,NA
"735",735,"Norway","laerdal","summer2022",FALSE,NA,13,NA,NA,FALSE,NA,NA,5,NA
"736",736,"Norway","laerdal","summer2022",TRUE,FALSE,5.4,22.4,FALSE,FALSE,NA,NA,5,NA
"737",737,"Norway","laerdal","summer2022",TRUE,FALSE,23.8,8.5,FALSE,TRUE,NA,NA,5,NA
"738",738,"Norway","laerdal","summer2022",TRUE,FALSE,13.2,19.8,TRUE,FALSE,NA,5.6,5,1.7227665977411
"739",739,"Norway","laerdal","summer2022",TRUE,FALSE,4.2,9.8,FALSE,FALSE,NA,NA,5,NA
"740",740,"Norway","laerdal","summer2022",TRUE,FALSE,4.2,15,FALSE,FALSE,NA,NA,5,NA
"741",741,"Norway","laerdal","summer2022",TRUE,FALSE,23.4,38,TRUE,TRUE,NA,18.9,5,2.9391619220656
"742",742,"Norway","laerdal","summer2022",TRUE,FALSE,16.8,28.8,TRUE,TRUE,NA,28,5,3.3322045101752
"743",743,"Norway","laerdal","summer2022",TRUE,FALSE,15,23.1,FALSE,FALSE,NA,NA,5,NA
"744",744,"Norway","laerdal","summer2022",TRUE,TRUE,NA,9.6,FALSE,NA,NA,NA,5,NA
"745",745,"Norway","laerdal","summer2022",TRUE,TRUE,NA,4.8,FALSE,NA,NA,NA,5,NA
"746",746,"Norway","laerdal","summer2022",TRUE,TRUE,NA,12.8,FALSE,NA,NA,NA,5,NA
"747",747,"Norway","laerdal","summer2022",TRUE,TRUE,NA,6.3,FALSE,NA,NA,NA,5,NA
"748",748,"Norway","laerdal","summer2022",TRUE,FALSE,8,8.4,FALSE,FALSE,NA,NA,6,NA
"749",749,"Norway","laerdal","summer2022",TRUE,FALSE,18,42.5,FALSE,TRUE,NA,NA,6,NA
"750",750,"Norway","laerdal","summer2022",TRUE,FALSE,68,112,FALSE,TRUE,NA,NA,6,NA
"751",751,"Norway","laerdal","summer2022",TRUE,FALSE,190,182,TRUE,TRUE,NA,NA,6,NA
"752",752,"Norway","laerdal","summer2022",TRUE,FALSE,18,20.4,FALSE,FALSE,NA,NA,6,NA
"753",753,"Norway","laerdal","summer2022",TRUE,FALSE,12.1,19.5,FALSE,FALSE,NA,NA,6,NA
"754",754,"Norway","laerdal","summer2022",TRUE,FALSE,21,50.4,FALSE,TRUE,NA,NA,6,NA
"755",755,"Norway","laerdal","summer2022",TRUE,FALSE,22.4,23.1,FALSE,TRUE,NA,NA,6,NA
"756",756,"Norway","laerdal","summer2022",TRUE,FALSE,50,65,FALSE,FALSE,NA,NA,6,NA
"757",757,"Norway","laerdal","summer2022",TRUE,FALSE,55,54,TRUE,TRUE,NA,173.6,6,5.15675380222625
"758",758,"Norway","laerdal","summer2022",TRUE,FALSE,13.6,27.6,FALSE,FALSE,NA,NA,6,NA
"759",759,"Norway","laerdal","summer2022",TRUE,FALSE,9,37.8,FALSE,TRUE,NA,NA,6,NA
"760",760,"Norway","laerdal","summer2022",TRUE,FALSE,135,150,TRUE,TRUE,NA,NA,6,NA
"761",761,"Norway","laerdal","summer2022",TRUE,FALSE,33.8,90,TRUE,TRUE,NA,162.4,6,5.09006242772758
"762",762,"Norway","laerdal","summer2022",TRUE,FALSE,13.2,16.8,FALSE,TRUE,NA,NA,6,NA
"763",763,"Norway","laerdal","summer2022",TRUE,FALSE,22.4,80,FALSE,FALSE,NA,NA,6,NA
"764",764,"Norway","laerdal","summer2022",TRUE,FALSE,64.8,144,TRUE,TRUE,NA,241.5,6,5.48686947309263
"765",765,"Norway","laerdal","summer2022",TRUE,FALSE,74.4,89.1,TRUE,FALSE,NA,440.3,6,6.08745631276171
"766",766,"Norway","laerdal","summer2022",TRUE,FALSE,159.6,44,FALSE,TRUE,NA,NA,6,NA
"767",767,"Norway","laerdal","summer2022",TRUE,FALSE,59.5,233.1,TRUE,TRUE,NA,1641.5,6,7.40336573694165
"768",768,"Norway","laerdal","summer2022",TRUE,FALSE,48,54,TRUE,TRUE,NA,NA,6,NA
"769",769,"Norway","laerdal","summer2022",TRUE,FALSE,13.5,76.8,FALSE,FALSE,NA,NA,6,NA
"770",770,"Norway","laerdal","summer2022",TRUE,FALSE,13,17,FALSE,FALSE,NA,NA,6,NA
"771",771,"Norway","laerdal","summer2022",TRUE,FALSE,48,92.5,FALSE,TRUE,NA,NA,6,NA
"772",772,"Norway","laerdal","summer2022",TRUE,FALSE,42.5,26,FALSE,FALSE,NA,NA,6,NA
"773",773,"Norway","laerdal","summer2022",TRUE,FALSE,30.4,58.9,FALSE,TRUE,NA,NA,6,NA
"774",774,"Norway","laerdal","summer2022",FALSE,NA,9,NA,NA,FALSE,NA,NA,6,NA
"775",775,"Norway","laerdal","summer2022",TRUE,FALSE,14.4,49.4,FALSE,FALSE,NA,NA,6,NA
"776",776,"Norway","laerdal","summer2022",TRUE,FALSE,8.8,110.2,TRUE,FALSE,NA,NA,6,NA
"777",777,"Norway","laerdal","summer2022",TRUE,FALSE,94.4,138,TRUE,TRUE,NA,NA,6,NA
"778",778,"Norway","laerdal","summer2022",TRUE,FALSE,16.5,74.8,TRUE,TRUE,NA,NA,6,NA
"779",779,"Norway","laerdal","summer2022",TRUE,FALSE,33.6,95,TRUE,TRUE,NA,196,6,5.27811465923052
"780",780,"Norway","laerdal","summer2022",TRUE,FALSE,9,80.6,TRUE,FALSE,NA,NA,6,NA
"781",781,"Norway","laerdal","summer2022",TRUE,FALSE,4,19.6,FALSE,FALSE,NA,NA,6,NA
"782",782,"Norway","laerdal","summer2022",TRUE,FALSE,60,99,FALSE,FALSE,NA,NA,6,NA
"783",783,"Norway","laerdal","summer2022",TRUE,FALSE,18,32.3,FALSE,TRUE,NA,NA,6,NA
"784",784,"Norway","laerdal","summer2022",TRUE,FALSE,2.4,8,FALSE,FALSE,NA,NA,6,NA
"785",785,"Norway","laerdal","summer2022",TRUE,FALSE,24.2,36.4,FALSE,FALSE,NA,NA,6,NA
"786",786,"Norway","laerdal","summer2022",TRUE,FALSE,51,87.4,TRUE,TRUE,NA,NA,6,NA
"787",787,"Norway","laerdal","summer2022",TRUE,FALSE,39.6,57.2,TRUE,FALSE,NA,NA,6,NA
"788",788,"Norway","laerdal","summer2022",TRUE,FALSE,39.1,81,TRUE,TRUE,NA,NA,6,NA
"789",789,"Norway","laerdal","summer2022",TRUE,TRUE,NA,11.4,FALSE,NA,NA,NA,6,NA
"790",790,"Norway","laerdal","summer2022",TRUE,TRUE,NA,50.4,TRUE,NA,NA,NA,6,NA
"791",791,"Norway","laerdal","summer2022",TRUE,TRUE,NA,19.6,FALSE,NA,NA,NA,6,NA
"792",792,"Norway","laerdal","summer2022",TRUE,TRUE,NA,28,FALSE,NA,NA,NA,6,NA
"793",793,"Norway","laerdal","summer2022",TRUE,TRUE,NA,145,FALSE,NA,NA,NA,6,NA
"794",794,"Norway","laerdal","summer2022",TRUE,TRUE,NA,29,TRUE,NA,NA,16.8,6,2.82137888640921
"795",795,"Norway","laerdal","summer2022",TRUE,TRUE,NA,32.3,TRUE,NA,NA,NA,6,NA
"796",796,"Norway","laerdal","summer2022",TRUE,TRUE,NA,20.9,FALSE,NA,NA,NA,6,NA
"797",797,"Norway","laerdal","summer2022",TRUE,TRUE,NA,5,FALSE,NA,NA,NA,6,NA
"798",798,"Norway","laerdal","summer2022",TRUE,TRUE,NA,46.5,FALSE,NA,NA,NA,6,NA
"799",799,"Norway","laerdal","summer2022",TRUE,TRUE,NA,8.4,TRUE,NA,NA,NA,6,NA
"800",800,"Norway","laerdal","summer2022",TRUE,TRUE,NA,44.1,TRUE,NA,NA,NA,6,NA
"801",801,"Norway","laerdal","summer2022",TRUE,TRUE,NA,43.2,TRUE,NA,NA,NA,6,NA
"802",802,"Norway","laerdal","summer2022",TRUE,TRUE,NA,43.2,TRUE,NA,NA,NA,6,NA
"803",803,"Norway","laerdal","summer2022",TRUE,TRUE,NA,45.1,FALSE,NA,NA,NA,6,NA
"804",804,"Norway","laerdal","summer2022",TRUE,TRUE,NA,35.2,FALSE,NA,NA,NA,6,NA
"805",805,"Norway","laerdal","summer2022",TRUE,TRUE,NA,4,FALSE,NA,NA,NA,6,NA
"806",806,"Norway","laerdal","summer2022",TRUE,TRUE,NA,33,FALSE,NA,NA,NA,6,NA
"807",807,"Norway","laerdal","summer2022",TRUE,TRUE,NA,28.9,FALSE,NA,NA,NA,6,NA
"808",808,"Norway","laerdal","summer2022",TRUE,TRUE,NA,8.4,FALSE,NA,NA,NA,6,NA
"809",809,"Norway","laerdal","summer2022",TRUE,TRUE,NA,30,FALSE,NA,NA,NA,6,NA
"810",810,"Norway","laerdal","summer2022",TRUE,TRUE,NA,52,FALSE,NA,NA,NA,6,NA
"811",811,"Norway","laerdal","summer2022",TRUE,FALSE,38.4,46,TRUE,TRUE,NA,84,7,4.43081679884331
"812",812,"Norway","laerdal","summer2022",TRUE,FALSE,27,34.2,TRUE,TRUE,NA,NA,7,NA
"813",813,"Norway","laerdal","summer2022",TRUE,FALSE,47.5,52,TRUE,TRUE,NA,531.3,7,6.2753268334569
"814",814,"Norway","laerdal","summer2022",TRUE,FALSE,32.3,45,TRUE,TRUE,NA,224,7,5.41164605185504
"815",815,"Norway","laerdal","summer2022",TRUE,FALSE,48,64.6,TRUE,TRUE,NA,595,7,6.38856140554563
"816",816,"Norway","laerdal","summer2022",TRUE,FALSE,32.4,70.2,TRUE,TRUE,NA,354.2,7,5.86986172534873
"817",817,"Norway","laerdal","summer2022",TRUE,FALSE,84.1,81.4,TRUE,TRUE,NA,543.9,7,6.29876540642891
"818",818,"Norway","laerdal","summer2022",TRUE,FALSE,14,26.6,FALSE,FALSE,NA,NA,7,NA
"819",819,"Norway","laerdal","summer2022",TRUE,FALSE,18.2,33.8,FALSE,TRUE,NA,NA,7,NA
"820",820,"Norway","laerdal","summer2022",TRUE,FALSE,19.2,30.8,TRUE,TRUE,NA,273.7,7,5.61203261604663
"821",821,"Norway","laerdal","summer2022",TRUE,FALSE,34.2,57.6,TRUE,TRUE,NA,130.9,7,4.87443367291585
"822",822,"Norway","laerdal","summer2022",TRUE,FALSE,26.6,33.6,TRUE,TRUE,NA,NA,7,NA
"823",823,"Norway","laerdal","summer2022",TRUE,FALSE,34.2,48.6,TRUE,TRUE,NA,227.5,7,5.427150238391
"824",824,"Norway","laerdal","summer2022",TRUE,FALSE,56,80.6,TRUE,TRUE,NA,588,7,6.37672694789863
"825",825,"Norway","laerdal","summer2022",TRUE,FALSE,25.5,32,TRUE,TRUE,NA,418.6,7,6.0369158100119
"826",826,"Norway","laerdal","summer2022",TRUE,FALSE,17.6,34.2,TRUE,TRUE,NA,NA,7,NA
"827",827,"Norway","laerdal","summer2022",TRUE,FALSE,28.5,21.6,TRUE,TRUE,NA,NA,7,NA
"828",828,"Norway","laerdal","summer2022",TRUE,TRUE,NA,4,FALSE,NA,NA,NA,7,NA
"829",829,"Norway","laerdal","summer2022",TRUE,FALSE,67.6,31.5,TRUE,TRUE,NA,NA,8,NA
"830",830,"Norway","laerdal","summer2022",TRUE,FALSE,31.5,52.9,TRUE,TRUE,NA,35,8,3.55534806148941
"831",831,"Norway","laerdal","summer2022",TRUE,FALSE,21.6,16,TRUE,TRUE,NA,30.8,8,3.42751468997953
"832",832,"Norway","laerdal","summer2022",TRUE,FALSE,18,59.8,TRUE,TRUE,NA,42,8,3.73766961828337
"833",833,"Norway","laerdal","summer2022",TRUE,FALSE,48,57.5,TRUE,TRUE,NA,107.8,8,4.6802776584749
"834",834,"Norway","laerdal","summer2022",TRUE,FALSE,24.7,35.7,TRUE,TRUE,NA,16.8,8,2.82137888640921
"835",835,"Norway","laerdal","summer2022",TRUE,TRUE,NA,11.9,FALSE,NA,NA,NA,8,NA
"836",836,"Norway","laerdal","summer2022",TRUE,FALSE,194.4,420,TRUE,TRUE,NA,4165,9,8.33447155460094
"837",837,"Norway","laerdal","summer2022",TRUE,FALSE,21,85.1,TRUE,FALSE,NA,642.6,9,6.46552244668176
"838",838,"Norway","laerdal","summer2022",TRUE,FALSE,232,98,TRUE,TRUE,NA,1344,9,7.20340552108309
"839",839,"Norway","laerdal","summer2022",TRUE,FALSE,24.3,135,TRUE,FALSE,NA,45.5,9,3.8177123259569
"840",840,"Norway","laerdal","summer2022",TRUE,FALSE,10.4,38.4,FALSE,FALSE,NA,NA,9,NA
"841",841,"Norway","laerdal","summer2022",TRUE,FALSE,24.2,42,FALSE,FALSE,NA,NA,9,NA
"842",842,"Norway","laerdal","summer2022",TRUE,FALSE,35,128.7,TRUE,FALSE,NA,358.4,9,5.88164968110078
"843",843,"Norway","laerdal","summer2022",TRUE,FALSE,16.2,37.8,TRUE,TRUE,NA,284.2,9,5.649678215663
"844",844,"Norway","laerdal","summer2022",TRUE,FALSE,410.8,304,TRUE,TRUE,NA,1128.4,9,7.02855597912784
"845",845,"Norway","laerdal","summer2022",FALSE,NA,11.6,NA,NA,FALSE,NA,NA,9,NA
"846",846,"Norway","laerdal","summer2022",TRUE,TRUE,NA,142.8,TRUE,NA,NA,523.6,9,6.26072803403575
"847",847,"Norway","laerdal","summer2022",TRUE,TRUE,NA,126,TRUE,NA,NA,168,9,5.12396397940326
"848",848,"Norway","laerdal","summer2022",TRUE,TRUE,NA,32.4,TRUE,NA,NA,182.7,9,5.20784546338396
"849",849,"Norway","laerdal","summer2022",TRUE,TRUE,NA,11.2,FALSE,NA,NA,NA,9,NA
"850",850,"Norway","saebo","summer2022",TRUE,FALSE,6.6,14.3,TRUE,TRUE,NA,66.5,1,4.19720194766181
"851",851,"Norway","saebo","summer2022",TRUE,FALSE,13.2,20.8,TRUE,TRUE,NA,88.2,1,4.47960696301275
"852",852,"Norway","saebo","summer2022",TRUE,FALSE,7.2,13.6,TRUE,TRUE,NA,117.6,1,4.76728903546453
"853",853,"Norway","saebo","summer2022",TRUE,FALSE,0,9,FALSE,TRUE,NA,NA,1,NA
"854",854,"Norway","saebo","summer2022",TRUE,FALSE,20.8,27.6,TRUE,FALSE,NA,NA,10,NA
"855",855,"Norway","saebo","summer2022",TRUE,FALSE,12,35.1,TRUE,TRUE,NA,49,10,3.89182029811063
"856",856,"Norway","saebo","summer2022",TRUE,FALSE,10.8,15,FALSE,FALSE,NA,NA,10,NA
"857",857,"Norway","saebo","summer2022",TRUE,FALSE,9.5,9.6,TRUE,TRUE,NA,168,10,5.12396397940326
"858",858,"Norway","saebo","summer2022",TRUE,FALSE,68.9,52.2,TRUE,TRUE,NA,359.1,10,5.88360090123204
"859",859,"Norway","saebo","summer2022",TRUE,FALSE,3,25.2,TRUE,TRUE,NA,36.4,10,3.5945687746427
"860",860,"Norway","saebo","summer2022",FALSE,NA,7,NA,NA,TRUE,NA,NA,10,NA
"861",861,"Norway","saebo","summer2022",TRUE,FALSE,5.4,6,FALSE,FALSE,NA,NA,10,NA
"862",862,"Norway","saebo","summer2022",TRUE,FALSE,39.6,38.7,FALSE,FALSE,NA,NA,10,NA
"863",863,"Norway","saebo","summer2022",TRUE,FALSE,19.8,18,TRUE,TRUE,NA,73.5,10,4.29728540621879
"864",864,"Norway","saebo","summer2022",TRUE,TRUE,NA,4.2,FALSE,NA,NA,NA,10,NA
"865",865,"Norway","saebo","summer2022",TRUE,FALSE,3.5,2.4,FALSE,FALSE,NA,NA,2,NA
"866",866,"Norway","saebo","summer2022",TRUE,FALSE,15.4,11.7,FALSE,FALSE,NA,NA,2,NA
"867",867,"Norway","saebo","summer2022",TRUE,FALSE,3.2,7,FALSE,FALSE,NA,NA,2,NA
"868",868,"Norway","saebo","summer2022",TRUE,FALSE,27.6,2.4,TRUE,TRUE,NA,266,2,5.5834963087817
"869",869,"Norway","saebo","summer2022",TRUE,FALSE,9,7,FALSE,FALSE,NA,NA,2,NA
"870",870,"Norway","saebo","summer2022",TRUE,FALSE,25.3,37.7,FALSE,FALSE,NA,NA,2,NA
"871",871,"Norway","saebo","summer2022",TRUE,FALSE,4.2,5.6,FALSE,FALSE,NA,NA,2,NA
"872",872,"Norway","saebo","summer2022",TRUE,FALSE,15.4,10.4,TRUE,TRUE,NA,50.4,2,3.91999117507732
"873",873,"Norway","saebo","summer2022",TRUE,FALSE,1.8,6,TRUE,TRUE,NA,128.8,2,4.85826081367025
"874",874,"Norway","saebo","summer2022",TRUE,FALSE,144,110,TRUE,TRUE,NA,1312.5,2,7.17968899446578
"875",875,"Norway","saebo","summer2022",TRUE,FALSE,42.9,7.7,TRUE,TRUE,NA,161.7,2,5.08574276658306
"876",876,"Norway","saebo","summer2022",TRUE,FALSE,4.2,4,FALSE,FALSE,NA,NA,3,NA
"877",877,"Norway","saebo","summer2022",TRUE,FALSE,5.4,7,FALSE,FALSE,NA,NA,3,NA
"878",878,"Norway","saebo","summer2022",TRUE,FALSE,10.2,6.5,TRUE,TRUE,NA,54.6,3,4.00003388275086
"879",879,"Norway","saebo","summer2022",TRUE,FALSE,22,28.2,FALSE,FALSE,NA,NA,3,NA
"880",880,"Norway","saebo","summer2022",TRUE,FALSE,3.6,7,FALSE,FALSE,NA,NA,3,NA
"881",881,"Norway","saebo","summer2022",TRUE,FALSE,8.1,10.8,TRUE,TRUE,NA,NA,3,NA
"882",882,"Norway","saebo","summer2022",TRUE,FALSE,5.6,6,FALSE,FALSE,NA,NA,3,NA
"883",883,"Norway","saebo","summer2022",TRUE,FALSE,3.3,3.5,FALSE,FALSE,NA,NA,3,NA
"884",884,"Norway","saebo","summer2022",TRUE,FALSE,2,1.5,FALSE,FALSE,NA,NA,3,NA
"885",885,"Norway","saebo","summer2022",TRUE,FALSE,3.2,2.5,FALSE,FALSE,NA,NA,3,NA
"886",886,"Norway","saebo","summer2022",TRUE,FALSE,3.2,4,FALSE,FALSE,NA,NA,3,NA
"887",887,"Norway","saebo","summer2022",TRUE,FALSE,12.6,14.4,FALSE,FALSE,NA,NA,3,NA
"888",888,"Norway","saebo","summer2022",TRUE,FALSE,6,3.6,TRUE,TRUE,NA,73.5,3,4.29728540621879
"889",889,"Norway","saebo","summer2022",TRUE,FALSE,4.2,6,FALSE,FALSE,NA,NA,3,NA
"890",890,"Norway","saebo","summer2022",TRUE,FALSE,4.5,7.2,FALSE,FALSE,NA,NA,3,NA
"891",891,"Norway","saebo","summer2022",TRUE,FALSE,1.5,2.1,FALSE,FALSE,NA,NA,3,NA
"892",892,"Norway","saebo","summer2022",TRUE,FALSE,4,4,TRUE,TRUE,NA,NA,3,NA
"893",893,"Norway","saebo","summer2022",TRUE,FALSE,3,7.2,FALSE,FALSE,NA,NA,3,NA
"894",894,"Norway","saebo","summer2022",TRUE,FALSE,5.4,7.8,FALSE,FALSE,NA,NA,3,NA
"895",895,"Norway","saebo","summer2022",TRUE,TRUE,NA,4.5,FALSE,NA,NA,NA,3,NA
"896",896,"Norway","saebo","summer2022",TRUE,TRUE,NA,3,FALSE,NA,NA,NA,3,NA
"897",897,"Norway","saebo","summer2022",TRUE,TRUE,NA,2,FALSE,NA,NA,NA,3,NA
"898",898,"Norway","saebo","summer2022",TRUE,TRUE,NA,3.2,FALSE,NA,NA,NA,3,NA
"899",899,"Norway","saebo","summer2022",TRUE,TRUE,NA,4,FALSE,NA,NA,NA,3,NA
"900",900,"Norway","saebo","summer2022",TRUE,TRUE,NA,5.6,FALSE,NA,NA,NA,3,NA
"901",901,"Norway","saebo","summer2022",TRUE,TRUE,NA,2,FALSE,NA,NA,NA,3,NA
"902",902,"Norway","saebo","summer2022",TRUE,FALSE,34.8,40.3,TRUE,TRUE,NA,264.6,4,5.57821925168086
"903",903,"Norway","saebo","summer2022",TRUE,FALSE,36.4,13.8,TRUE,TRUE,NA,399,4,5.98896141688986
"904",904,"Norway","saebo","summer2022",TRUE,FALSE,8.1,45.6,TRUE,TRUE,NA,718.2,5,6.57674808179198
"905",905,"Norway","saebo","summer2022",TRUE,FALSE,14,68.2,TRUE,TRUE,NA,1127,5,7.02731451403978
"906",906,"Norway","saebo","summer2022",TRUE,FALSE,19.8,28.6,TRUE,TRUE,NA,31.5,5,3.44998754583159
"907",907,"Norway","saebo","summer2022",TRUE,FALSE,8,10.5,FALSE,FALSE,NA,NA,5,NA
"908",908,"Norway","saebo","summer2022",TRUE,FALSE,3.5,1.6,FALSE,FALSE,NA,NA,5,NA
"909",909,"Norway","saebo","summer2022",TRUE,FALSE,26.4,28.8,TRUE,TRUE,NA,25.2,5,3.22684399451738
"910",910,"Norway","saebo","summer2022",TRUE,FALSE,14,12.8,FALSE,FALSE,NA,NA,5,NA
"911",911,"Norway","saebo","summer2022",TRUE,FALSE,12,10.4,FALSE,FALSE,NA,NA,5,NA
"912",912,"Norway","saebo","summer2022",TRUE,FALSE,22.8,25.8,FALSE,FALSE,NA,NA,5,NA
"913",913,"Norway","saebo","summer2022",TRUE,FALSE,58.8,95.2,TRUE,TRUE,NA,2156,5,7.67600993202889
"914",914,"Norway","saebo","summer2022",TRUE,FALSE,2.4,2.7,FALSE,FALSE,NA,NA,5,NA
"915",915,"Norway","saebo","summer2022",TRUE,FALSE,3,6,FALSE,FALSE,NA,NA,5,NA
"916",916,"Norway","saebo","summer2022",TRUE,FALSE,4.8,7,FALSE,FALSE,NA,NA,5,NA
"917",917,"Norway","saebo","summer2022",TRUE,TRUE,NA,2.1,FALSE,NA,NA,NA,5,NA
"918",918,"Norway","saebo","summer2022",TRUE,FALSE,36.4,34.3,TRUE,TRUE,NA,14,6,2.63905732961526
"919",919,"Norway","saebo","summer2022",TRUE,FALSE,39.2,57.2,TRUE,TRUE,NA,0,6,-Inf
"920",920,"Norway","saebo","summer2022",TRUE,FALSE,25.5,45,TRUE,TRUE,NA,NA,6,NA
"921",921,"Norway","saebo","summer2022",TRUE,FALSE,25.2,27.2,TRUE,TRUE,NA,NA,6,NA
"922",922,"Norway","saebo","summer2022",TRUE,FALSE,27.3,35.2,TRUE,TRUE,NA,0,6,-Inf
"923",923,"Norway","saebo","summer2022",TRUE,FALSE,38.4,76,TRUE,TRUE,NA,NA,6,NA
"924",924,"Norway","saebo","summer2022",TRUE,FALSE,10.2,39,TRUE,TRUE,NA,245.7,6,5.50411127952713
"925",925,"Norway","saebo","summer2022",TRUE,FALSE,17,19,TRUE,TRUE,NA,47.6,6,3.86283276123737
"926",926,"Norway","saebo","summer2022",TRUE,FALSE,7.2,10.4,FALSE,FALSE,NA,NA,6,NA
"927",927,"Norway","saebo","summer2022",TRUE,FALSE,22.1,31.2,TRUE,TRUE,NA,NA,6,NA
"928",928,"Norway","saebo","summer2022",TRUE,FALSE,16.8,15,FALSE,FALSE,NA,NA,6,NA
"929",929,"Norway","saebo","summer2022",TRUE,FALSE,15.6,37,TRUE,TRUE,NA,NA,6,NA
"930",930,"Norway","saebo","summer2022",TRUE,FALSE,11,12.6,TRUE,TRUE,NA,10.5,6,2.35137525716348
"931",931,"Norway","saebo","summer2022",TRUE,FALSE,26,43,TRUE,TRUE,NA,NA,6,NA
"932",932,"Norway","saebo","summer2022",TRUE,FALSE,15.3,26.4,TRUE,TRUE,NA,NA,6,NA
"933",933,"Norway","saebo","summer2022",TRUE,FALSE,9.9,7.5,TRUE,TRUE,NA,6.3,6,1.84054963339749
"934",934,"Norway","saebo","summer2022",TRUE,FALSE,20,22.4,FALSE,FALSE,NA,NA,6,NA
"935",935,"Norway","saebo","summer2022",TRUE,FALSE,10.5,30,TRUE,FALSE,NA,NA,6,NA
"936",936,"Norway","saebo","summer2022",TRUE,FALSE,44.8,13.6,TRUE,TRUE,NA,4.9,6,1.58923520511658
"937",937,"Norway","saebo","summer2022",TRUE,TRUE,NA,11.2,FALSE,NA,NA,NA,6,NA
"938",938,"Norway","saebo","summer2022",TRUE,TRUE,NA,2,FALSE,NA,NA,NA,6,NA
"939",939,"Norway","saebo","summer2022",TRUE,TRUE,NA,4.9,FALSE,NA,NA,NA,6,NA
"940",940,"Norway","saebo","summer2022",TRUE,FALSE,2.7,18.9,TRUE,TRUE,NA,249.9,7,5.52106083784091
"941",941,"Norway","saebo","summer2022",TRUE,FALSE,NA,8.4,TRUE,TRUE,NA,193.2,7,5.26372592177842
"942",942,"Norway","saebo","summer2022",TRUE,FALSE,3.2,33.6,TRUE,TRUE,NA,392.7,7,5.97304596158396
"943",943,"Norway","saebo","summer2022",FALSE,NA,39,NA,NA,TRUE,NA,NA,7,NA
"944",944,"Norway","saebo","summer2022",TRUE,TRUE,NA,31.2,TRUE,NA,NA,142.8,7,4.96144504990548
"945",945,"Norway","saebo","summer2022",TRUE,FALSE,57.6,81.6,TRUE,TRUE,NA,117.6,8,4.76728903546453
"946",946,"Norway","saebo","summer2022",TRUE,FALSE,21,40.8,TRUE,FALSE,NA,NA,8,NA
"947",947,"Norway","saebo","summer2022",TRUE,FALSE,19.2,35.1,FALSE,FALSE,NA,NA,8,NA
"948",948,"Norway","saebo","summer2022",TRUE,FALSE,27,33,FALSE,TRUE,NA,NA,8,NA
"949",949,"Norway","saebo","summer2022",TRUE,TRUE,NA,9,TRUE,NA,NA,292.6,8,5.67880648858602
"950",950,"Norway","saebo","summer2022",TRUE,TRUE,NA,4.8,FALSE,NA,NA,NA,8,NA
"951",951,"Norway","saebo","summer2022",TRUE,FALSE,12.6,28,TRUE,TRUE,NA,NA,9,NA
"952",952,"Norway","saebo","summer2022",TRUE,FALSE,12,15.3,FALSE,TRUE,NA,NA,9,NA
"953",953,"Norway","saebo","summer2022",TRUE,FALSE,42,40,TRUE,TRUE,NA,145.6,9,4.98086313576259
"954",954,"Norway","saebo","summer2022",TRUE,FALSE,21,21.6,TRUE,FALSE,NA,NA,9,NA
"955",955,"Norway","saebo","summer2022",TRUE,FALSE,31,31,TRUE,TRUE,NA,119,9,4.77912349311153
"956",956,"Norway","saebo","summer2022",TRUE,FALSE,21.6,23.1,TRUE,TRUE,NA,73.5,9,4.29728540621879
"957",957,"Norway","smadalen","summer2022",TRUE,FALSE,81.6,69,TRUE,TRUE,NA,14,1,2.63905732961526
"958",958,"Norway","smadalen","summer2022",TRUE,FALSE,130,99.4,TRUE,TRUE,NA,102.9,1,4.63375764284
"959",959,"Norway","smadalen","summer2022",TRUE,FALSE,98,34.1,TRUE,TRUE,NA,107.1,1,4.6737629774537
"960",960,"Norway","smadalen","summer2022",TRUE,FALSE,5.6,6.6,FALSE,FALSE,NA,NA,1,NA
"961",961,"Norway","smadalen","summer2022",TRUE,TRUE,NA,2.8,FALSE,NA,NA,NA,1,NA
"962",962,"Norway","smadalen","summer2022",TRUE,TRUE,NA,2.4,FALSE,NA,NA,NA,1,NA
"963",963,"Norway","smadalen","summer2022",TRUE,FALSE,192.4,288,TRUE,TRUE,NA,490,10,6.19440539110467
"964",964,"Norway","smadalen","summer2022",TRUE,FALSE,360,468,TRUE,TRUE,NA,2128,10,7.66293785046154
"965",965,"Norway","smadalen","summer2022",TRUE,FALSE,21.6,6,FALSE,FALSE,NA,NA,10,NA
"966",966,"Norway","smadalen","summer2022",TRUE,TRUE,NA,9.1,FALSE,NA,NA,NA,10,NA
"967",967,"Norway","smadalen","summer2022",TRUE,FALSE,8.4,11.4,FALSE,FALSE,NA,NA,2,NA
"968",968,"Norway","smadalen","summer2022",TRUE,FALSE,94.5,37.8,TRUE,TRUE,NA,NA,2,NA
"969",969,"Norway","smadalen","summer2022",TRUE,FALSE,3.2,27.2,FALSE,FALSE,NA,NA,2,NA
"970",970,"Norway","smadalen","summer2022",TRUE,FALSE,82.8,58.8,TRUE,TRUE,NA,53.9,2,3.98713047791495
"971",971,"Norway","smadalen","summer2022",TRUE,FALSE,6.5,18,FALSE,FALSE,NA,NA,2,NA
"972",972,"Norway","smadalen","summer2022",TRUE,FALSE,16.8,12.6,FALSE,FALSE,NA,NA,2,NA
"973",973,"Norway","smadalen","summer2022",TRUE,FALSE,1.6,4.2,FALSE,FALSE,NA,NA,2,NA
"974",974,"Norway","smadalen","summer2022",TRUE,FALSE,68.9,80.4,FALSE,FALSE,NA,NA,2,NA
"975",975,"Norway","smadalen","summer2022",TRUE,FALSE,58.8,58.5,TRUE,TRUE,NA,75.6,2,4.32545628318549
"976",976,"Norway","smadalen","summer2022",TRUE,FALSE,96.8,89.6,FALSE,FALSE,NA,NA,2,NA
"977",977,"Norway","smadalen","summer2022",TRUE,FALSE,750,462,TRUE,TRUE,NA,2100,2,7.64969262371151
"978",978,"Norway","smadalen","summer2022",TRUE,FALSE,4.2,4.2,FALSE,FALSE,NA,NA,2,NA
"979",979,"Norway","smadalen","summer2022",TRUE,FALSE,3,2,FALSE,FALSE,NA,NA,2,NA
"980",980,"Norway","smadalen","summer2022",TRUE,FALSE,88.8,75.6,TRUE,TRUE,NA,NA,2,NA
"981",981,"Norway","smadalen","summer2022",TRUE,FALSE,28.8,28,FALSE,FALSE,NA,NA,2,NA
"982",982,"Norway","smadalen","summer2022",TRUE,FALSE,29.4,28.8,FALSE,FALSE,NA,NA,2,NA
"983",983,"Norway","smadalen","summer2022",TRUE,TRUE,NA,5,FALSE,NA,NA,NA,2,NA
"984",984,"Norway","smadalen","summer2022",TRUE,TRUE,NA,14.4,FALSE,NA,NA,NA,2,NA
"985",985,"Norway","smadalen","summer2022",TRUE,TRUE,NA,15.4,FALSE,NA,NA,NA,2,NA
"986",986,"Norway","smadalen","summer2022",TRUE,TRUE,NA,12,FALSE,NA,NA,NA,2,NA
"987",987,"Norway","smadalen","summer2022",TRUE,FALSE,34.8,50,TRUE,TRUE,NA,723.8,3,6.58451511112964
"988",988,"Norway","smadalen","summer2022",TRUE,FALSE,42.3,55.5,TRUE,TRUE,NA,1071,3,6.97634807044775
"989",989,"Norway","smadalen","summer2022",TRUE,FALSE,64,143,TRUE,TRUE,NA,303.8,3,5.71636959016167
"990",990,"Norway","smadalen","summer2022",TRUE,FALSE,48,45.6,TRUE,TRUE,NA,212.8,3,5.36035275746749
"991",991,"Norway","smadalen","summer2022",TRUE,TRUE,NA,11.9,FALSE,NA,NA,NA,3,NA
"992",992,"Norway","smadalen","summer2022",TRUE,FALSE,88.2,150,TRUE,TRUE,NA,172.9,4,5.15271339268924
"993",993,"Norway","smadalen","summer2022",TRUE,FALSE,64.6,96.6,TRUE,TRUE,NA,126,4,4.83628190695148
"994",994,"Norway","smadalen","summer2022",TRUE,FALSE,18.7,19.8,FALSE,FALSE,NA,NA,4,NA
"995",995,"Norway","smadalen","summer2022",TRUE,FALSE,22.1,15.4,FALSE,FALSE,NA,NA,4,NA
"996",996,"Norway","smadalen","summer2022",TRUE,FALSE,7.8,7.2,FALSE,FALSE,NA,NA,4,NA
"997",997,"Norway","smadalen","summer2022",TRUE,FALSE,42.9,50.4,TRUE,TRUE,NA,35,4,3.55534806148941
"998",998,"Norway","smadalen","summer2022",TRUE,TRUE,NA,3,FALSE,NA,NA,NA,4,NA
"999",999,"Norway","smadalen","summer2022",TRUE,FALSE,15,12.8,TRUE,TRUE,NA,182,5,5.2040066870768
"1000",1000,"Norway","smadalen","summer2022",TRUE,FALSE,79.2,75.6,TRUE,TRUE,NA,68.6,5,4.22829253473184
"1001",1001,"Norway","smadalen","summer2022",TRUE,FALSE,24.8,29.6,TRUE,TRUE,NA,NA,5,NA
"1002",1002,"Norway","smadalen","summer2022",TRUE,FALSE,7.2,2.8,FALSE,FALSE,NA,NA,5,NA
"1003",1003,"Norway","smadalen","summer2022",TRUE,FALSE,18.2,20.3,TRUE,TRUE,NA,NA,5,NA
"1004",1004,"Norway","smadalen","summer2022",TRUE,FALSE,37.8,32.5,FALSE,TRUE,NA,NA,5,NA
"1005",1005,"Norway","smadalen","summer2022",TRUE,FALSE,28.8,34.2,FALSE,TRUE,NA,NA,5,NA
"1006",1006,"Norway","smadalen","summer2022",TRUE,FALSE,16.8,17.6,TRUE,TRUE,NA,NA,5,NA
"1007",1007,"Norway","smadalen","summer2022",TRUE,FALSE,25.2,29.7,TRUE,TRUE,NA,NA,5,NA
"1008",1008,"Norway","smadalen","summer2022",TRUE,FALSE,27,33,TRUE,TRUE,NA,NA,5,NA
"1009",1009,"Norway","smadalen","summer2022",TRUE,FALSE,19.6,39.6,TRUE,TRUE,NA,29.4,5,3.38099467434464
"1010",1010,"Norway","smadalen","summer2022",TRUE,FALSE,16,14.4,TRUE,TRUE,NA,NA,5,NA
"1011",1011,"Norway","smadalen","summer2022",TRUE,FALSE,11.5,7.2,TRUE,TRUE,NA,29.4,5,3.38099467434464
"1012",1012,"Norway","smadalen","summer2022",TRUE,TRUE,NA,8,FALSE,NA,NA,NA,5,NA
"1013",1013,"Norway","smadalen","summer2022",TRUE,TRUE,NA,12.6,FALSE,NA,NA,NA,5,NA
"1014",1014,"Norway","smadalen","summer2022",TRUE,TRUE,NA,5.2,FALSE,NA,NA,NA,5,NA
"1015",1015,"Norway","smadalen","summer2022",TRUE,FALSE,57.6,62.7,TRUE,TRUE,NA,100.8,6,4.61313835563727
"1016",1016,"Norway","smadalen","summer2022",TRUE,FALSE,11.2,7,FALSE,FALSE,NA,NA,6,NA
"1017",1017,"Norway","smadalen","summer2022",TRUE,FALSE,8.8,3,FALSE,FALSE,NA,NA,6,NA
"1018",1018,"Norway","smadalen","summer2022",TRUE,FALSE,52.8,114,TRUE,TRUE,NA,78.4,6,4.36182392735636
"1019",1019,"Norway","smadalen","summer2022",TRUE,FALSE,23.1,31.2,TRUE,TRUE,NA,50.4,6,3.91999117507732
"1020",1020,"Norway","smadalen","summer2022",TRUE,FALSE,18,18.9,FALSE,FALSE,NA,NA,6,NA
"1021",1021,"Norway","smadalen","summer2022",TRUE,FALSE,26.4,35,FALSE,FALSE,NA,NA,6,NA
"1022",1022,"Norway","smadalen","summer2022",TRUE,FALSE,44,27,TRUE,TRUE,NA,136.5,6,4.91632461462501
"1023",1023,"Norway","smadalen","summer2022",TRUE,FALSE,30.8,41.6,TRUE,TRUE,NA,88.2,6,4.47960696301275
"1024",1024,"Norway","smadalen","summer2022",TRUE,FALSE,20,21.6,FALSE,FALSE,NA,NA,6,NA
"1025",1025,"Norway","smadalen","summer2022",TRUE,FALSE,24.3,23.4,TRUE,TRUE,NA,NA,6,NA
"1026",1026,"Norway","smadalen","summer2022",TRUE,FALSE,58.5,58.8,TRUE,TRUE,NA,73.5,6,4.29728540621879
"1027",1027,"Norway","smadalen","summer2022",TRUE,FALSE,44.4,47.3,TRUE,TRUE,NA,280,6,5.63478960316925
"1028",1028,"Norway","smadalen","summer2022",TRUE,FALSE,10.8,15.6,FALSE,TRUE,NA,NA,6,NA
"1029",1029,"Norway","smadalen","summer2022",TRUE,FALSE,57.6,49.5,TRUE,TRUE,NA,107.1,6,4.6737629774537
"1030",1030,"Norway","smadalen","summer2022",TRUE,FALSE,7,16.5,FALSE,FALSE,NA,NA,6,NA
"1031",1031,"Norway","smadalen","summer2022",TRUE,FALSE,12.6,18.7,FALSE,FALSE,NA,NA,6,NA
"1032",1032,"Norway","smadalen","summer2022",TRUE,FALSE,65,71.5,TRUE,TRUE,NA,58.8,6,4.07414185490458
"1033",1033,"Norway","smadalen","summer2022",TRUE,FALSE,17.5,20.3,FALSE,FALSE,NA,NA,6,NA
"1034",1034,"Norway","smadalen","summer2022",TRUE,FALSE,6.5,4.8,FALSE,FALSE,NA,NA,6,NA
"1035",1035,"Norway","smadalen","summer2022",TRUE,FALSE,2,2.1,FALSE,FALSE,NA,NA,6,NA
"1036",1036,"Norway","smadalen","summer2022",TRUE,FALSE,2.4,2.1,FALSE,FALSE,NA,NA,6,NA
"1037",1037,"Norway","smadalen","summer2022",TRUE,FALSE,1.8,2.7,FALSE,FALSE,NA,NA,6,NA
"1038",1038,"Norway","smadalen","summer2022",FALSE,NA,2.7,NA,NA,FALSE,NA,NA,6,NA
"1039",1039,"Norway","smadalen","summer2022",TRUE,TRUE,NA,3.6,FALSE,NA,NA,NA,6,NA
"1040",1040,"Norway","smadalen","summer2022",TRUE,TRUE,NA,5,FALSE,NA,NA,NA,6,NA
"1041",1041,"Norway","smadalen","summer2022",TRUE,TRUE,NA,13,TRUE,NA,NA,NA,6,NA
"1042",1042,"Norway","smadalen","summer2022",TRUE,TRUE,NA,1.8,FALSE,NA,NA,NA,6,NA
"1043",1043,"Norway","smadalen","summer2022",TRUE,FALSE,89.7,85.8,TRUE,FALSE,NA,19.6,7,2.97552956623647
"1044",1044,"Norway","smadalen","summer2022",TRUE,FALSE,30,42,FALSE,FALSE,NA,NA,7,NA
"1045",1045,"Norway","smadalen","summer2022",TRUE,FALSE,88.5,123.5,TRUE,TRUE,NA,1078,8,6.98286275146894
"1046",1046,"Norway","smadalen","summer2022",TRUE,FALSE,54,59.4,TRUE,TRUE,NA,170.1,8,5.13638649940182
"1047",1047,"Norway","smadalen","summer2022",TRUE,FALSE,20.8,30,TRUE,TRUE,NA,134.4,8,4.90082042808905
"1048",1048,"Norway","smadalen","summer2022",TRUE,FALSE,3.2,75.6,TRUE,FALSE,NA,166.6,8,5.11559572973274
"1049",1049,"Norway","smadalen","summer2022",TRUE,FALSE,8,15.4,TRUE,TRUE,NA,128.8,8,4.85826081367025
"1050",1050,"Norway","smadalen","summer2022",TRUE,FALSE,60.8,34.2,TRUE,TRUE,NA,133,8,4.89034912822175
"1051",1051,"Norway","smadalen","summer2022",TRUE,FALSE,27.3,30.4,FALSE,TRUE,NA,NA,8,NA
"1052",1052,"Norway","smadalen","summer2022",TRUE,FALSE,111.8,104,TRUE,TRUE,NA,172.9,8,5.15271339268924
"1053",1053,"Norway","smadalen","summer2022",TRUE,FALSE,18.7,28,TRUE,TRUE,NA,107.8,8,4.6802776584749
"1054",1054,"Norway","smadalen","summer2022",TRUE,FALSE,38.5,109.5,TRUE,TRUE,NA,756,8,6.62804137617953
"1055",1055,"Norway","smadalen","summer2022",TRUE,FALSE,9.6,17,FALSE,TRUE,NA,NA,8,NA
"1056",1056,"Norway","smadalen","summer2022",TRUE,FALSE,492,55.2,TRUE,TRUE,NA,NA,9,NA
"1057",1057,"Norway","smadalen","summer2022",TRUE,FALSE,39,720,TRUE,FALSE,NA,NA,9,NA
"1058",1058,"Norway","smadalen","summer2022",TRUE,FALSE,26.6,57.6,FALSE,FALSE,NA,NA,9,NA
"1059",1059,"Norway","smadalen","summer2022",TRUE,TRUE,NA,43.2,TRUE,NA,NA,NA,9,NA
"1060",1060,"Norway","smadalen","summer2022",TRUE,TRUE,NA,6,FALSE,NA,NA,NA,9,NA
"1061",1061,"Norway","spiterstulen","summer2022",TRUE,FALSE,116.6,151.2,TRUE,FALSE,NA,277.2,1,5.62473926731575
"1062",1062,"Norway","spiterstulen","summer2022",TRUE,FALSE,20.4,14.4,FALSE,FALSE,NA,NA,1,NA
"1063",1063,"Norway","spiterstulen","summer2022",TRUE,FALSE,51.3,59.4,FALSE,FALSE,NA,NA,1,NA
"1064",1064,"Norway","spiterstulen","summer2022",TRUE,FALSE,17.6,25.2,FALSE,FALSE,NA,NA,1,NA
"1065",1065,"Norway","spiterstulen","summer2022",TRUE,FALSE,4.9,7.2,FALSE,FALSE,NA,NA,1,NA
"1066",1066,"Norway","spiterstulen","summer2022",TRUE,FALSE,80,87.5,FALSE,TRUE,NA,NA,10,NA
"1067",1067,"Norway","spiterstulen","summer2022",TRUE,FALSE,13.6,7.8,FALSE,FALSE,NA,NA,10,NA
"1068",1068,"Norway","spiterstulen","summer2022",TRUE,FALSE,1.2,2.4,FALSE,FALSE,NA,NA,10,NA
"1069",1069,"Norway","spiterstulen","summer2022",TRUE,FALSE,59.4,55.2,FALSE,FALSE,NA,NA,10,NA
"1070",1070,"Norway","spiterstulen","summer2022",TRUE,FALSE,66,96,TRUE,TRUE,NA,483,10,6.18001665365257
"1071",1071,"Norway","spiterstulen","summer2022",TRUE,FALSE,21.6,26.6,TRUE,FALSE,NA,70,10,4.24849524204936
"1072",1072,"Norway","spiterstulen","summer2022",TRUE,FALSE,13.6,4.8,FALSE,TRUE,NA,NA,10,NA
"1073",1073,"Norway","spiterstulen","summer2022",TRUE,FALSE,72,74.8,FALSE,FALSE,NA,NA,10,NA
"1074",1074,"Norway","spiterstulen","summer2022",TRUE,FALSE,NA,15,FALSE,NA,NA,NA,10,NA
"1075",1075,"Norway","spiterstulen","summer2022",TRUE,FALSE,129.2,85,FALSE,FALSE,NA,NA,10,NA
"1076",1076,"Norway","spiterstulen","summer2022",TRUE,FALSE,75,58.8,FALSE,FALSE,NA,NA,10,NA
"1077",1077,"Norway","spiterstulen","summer2022",TRUE,TRUE,NA,3.2,FALSE,NA,NA,NA,10,NA
"1078",1078,"Norway","spiterstulen","summer2022",FALSE,NA,8.4,NA,NA,FALSE,NA,NA,11,NA
"1079",1079,"Norway","spiterstulen","summer2022",TRUE,FALSE,8,4.9,FALSE,FALSE,NA,NA,2,NA
"1080",1080,"Norway","spiterstulen","summer2022",TRUE,FALSE,7.2,7.2,FALSE,FALSE,NA,NA,2,NA
"1081",1081,"Norway","spiterstulen","summer2022",TRUE,FALSE,13.2,16,TRUE,FALSE,NA,NA,2,NA
"1082",1082,"Norway","spiterstulen","summer2022",TRUE,FALSE,15.2,23.4,TRUE,FALSE,NA,NA,2,NA
"1083",1083,"Norway","spiterstulen","summer2022",TRUE,FALSE,33.6,32.4,TRUE,FALSE,NA,119,2,4.77912349311153
"1084",1084,"Norway","spiterstulen","summer2022",TRUE,FALSE,37.8,61.2,TRUE,FALSE,NA,98,2,4.58496747867057
"1085",1085,"Norway","spiterstulen","summer2022",TRUE,FALSE,33.6,42.5,TRUE,FALSE,NA,NA,2,NA
"1086",1086,"Norway","spiterstulen","summer2022",TRUE,TRUE,NA,4.9,FALSE,NA,NA,NA,2,NA
"1087",1087,"Norway","spiterstulen","summer2022",TRUE,TRUE,NA,29.9,TRUE,NA,NA,NA,2,NA
"1088",1088,"Norway","spiterstulen","summer2022",TRUE,FALSE,162.4,140.4,TRUE,TRUE,NA,1170.4,3,7.06510084970591
"1089",1089,"Norway","spiterstulen","summer2022",TRUE,FALSE,67.2,165,TRUE,TRUE,NA,893.2,3,6.794810519966
"1090",1090,"Norway","spiterstulen","summer2022",TRUE,FALSE,17.6,21.6,TRUE,TRUE,NA,NA,3,NA
"1091",1091,"Norway","spiterstulen","summer2022",TRUE,FALSE,29,29.7,TRUE,FALSE,NA,NA,3,NA
"1092",1092,"Norway","spiterstulen","summer2022",TRUE,FALSE,13,18.2,FALSE,TRUE,NA,NA,3,NA
"1093",1093,"Norway","spiterstulen","summer2022",TRUE,FALSE,21.6,48,FALSE,FALSE,NA,NA,4,NA
"1094",1094,"Norway","spiterstulen","summer2022",TRUE,FALSE,73.1,75,TRUE,TRUE,NA,655.2,4,6.48494053253886
"1095",1095,"Norway","spiterstulen","summer2022",TRUE,FALSE,78,108.8,TRUE,TRUE,NA,459.2,4,6.12948584500536
"1096",1096,"Norway","spiterstulen","summer2022",TRUE,FALSE,34.2,38,TRUE,FALSE,NA,NA,4,NA
"1097",1097,"Norway","spiterstulen","summer2022",TRUE,FALSE,22.5,37.8,TRUE,TRUE,NA,112,5,4.71849887129509
"1098",1098,"Norway","spiterstulen","summer2022",TRUE,FALSE,17,26,FALSE,FALSE,NA,NA,5,NA
"1099",1099,"Norway","spiterstulen","summer2022",TRUE,FALSE,64.5,112.2,TRUE,TRUE,NA,637,5,6.45676965557216
"1100",1100,"Norway","spiterstulen","summer2022",TRUE,FALSE,53.9,55.9,TRUE,TRUE,NA,161,6,5.08140436498446
"1101",1101,"Norway","spiterstulen","summer2022",TRUE,FALSE,94.5,64,TRUE,TRUE,NA,369.6,6,5.91242133976753
"1102",1102,"Norway","spiterstulen","summer2022",TRUE,FALSE,19,17,TRUE,TRUE,NA,12.6,6,2.53369681395743
"1103",1103,"Norway","spiterstulen","summer2022",TRUE,FALSE,10.8,8.4,FALSE,FALSE,NA,NA,6,NA
"1104",1104,"Norway","spiterstulen","summer2022",TRUE,FALSE,8.4,10,FALSE,FALSE,NA,NA,6,NA
"1105",1105,"Norway","spiterstulen","summer2022",TRUE,FALSE,13.6,11.9,FALSE,FALSE,NA,NA,6,NA
"1106",1106,"Norway","spiterstulen","summer2022",TRUE,FALSE,7.2,6.4,FALSE,FALSE,NA,NA,6,NA
"1107",1107,"Norway","spiterstulen","summer2022",TRUE,TRUE,NA,1.2,FALSE,NA,NA,NA,6,NA
"1108",1108,"Norway","spiterstulen","summer2022",TRUE,FALSE,15.6,50,TRUE,TRUE,NA,321.3,7,5.77237526612181
"1109",1109,"Norway","spiterstulen","summer2022",TRUE,FALSE,288,210,TRUE,TRUE,NA,1575,7,7.36201055125973
"1110",1110,"Norway","spiterstulen","summer2022",TRUE,FALSE,28.6,41.8,TRUE,FALSE,NA,39.2,7,3.66867674679642
"1111",1111,"Norway","spiterstulen","summer2022",TRUE,FALSE,92.8,86.8,TRUE,TRUE,NA,345.8,8,5.84586057324919
"1112",1112,"Norway","spiterstulen","summer2022",TRUE,FALSE,20.4,39.6,TRUE,TRUE,NA,163.8,8,5.09864617141897
"1113",1113,"Norway","spiterstulen","summer2022",TRUE,FALSE,19,28.8,FALSE,FALSE,NA,NA,8,NA
"1114",1114,"Norway","spiterstulen","summer2022",TRUE,TRUE,NA,25.3,TRUE,NA,NA,7,8,1.94591014905531
"1115",1115,"Norway","spiterstulen","summer2022",TRUE,TRUE,NA,20.9,TRUE,NA,NA,214.2,8,5.36691015801365
"1116",1116,"Norway","spiterstulen","summer2022",TRUE,FALSE,135,96.6,TRUE,FALSE,NA,NA,9,NA
"1117",1117,"Norway","spiterstulen","summer2022",TRUE,FALSE,145.6,110.4,TRUE,TRUE,NA,600.6,9,6.39792915554923
"1118",1118,"Norway","spiterstulen","summer2022",TRUE,FALSE,102,308,TRUE,TRUE,NA,2021.6,9,7.61164455607398
"1119",1119,"Norway","spiterstulen","summer2022",TRUE,FALSE,20.4,19.6,TRUE,FALSE,NA,NA,9,NA
"1120",1120,"Norway","spiterstulen","summer2022",TRUE,FALSE,129,90.2,TRUE,TRUE,NA,236.6,9,5.46637095154429
