season,pop,date,quadrat,fullName,prevNum,num,mark_cell,DNA sample,clusterLength,clusterWidth,nRosettes,nLeaves,lengthLongestLeaf,nInfl,lengthInfl,nSiliques,lengthLongestSilique,comments
fall2022,ardal,1/8/2022,7,ardal7,3,3,4C,,8,7.6,3,52,4.5,9,39.5,60,3.5,
fall2022,ardal,1/8/2022,7,ardal7,1,1,1A,,,,1,9,2.4,2,35,24,3.1,
fall2022,ardal,1/8/2022,2,ardal2,1,1,3B,,10,6.7,4,50,4.9,6,32,33,2.6,
fall2022,ardal,1/8/2022,2,ardal2,4,4,4B,,9.5,7,7,85,4.8,17,26,68,2.2,
fall2022,ardal,1/8/2022,2,ardal2,2,2,3B,,6.5,5.5,3,60,4.3,3,23.5,17,2.1,
fall2022,ardal,1/8/2022,8,ardal8,5,5,3C,,7.2,5,8,130,2.3,18,22,115,2.1,
fall2022,ardal,1/8/2022,6,ardal6,15,15,4C,,3.8,2.7,4,46,1.3,8,13.5,22,2,
fall2022,ardal,1/8/2022,8,ardal8,6,6,4D,,3.2,3.4,4,32,1.5,7,26,27,2,
fall2022,ardal,1/8/2022,3,ardal3,new,3,2B,,,,1,17,2.6,2,24,41,1.9,
fall2022,ardal,1/8/2022,5,ardal5,1,1,1A,,7,5.5,2,25,3,1,22.5,14,1.9,
fall2022,ardal,1/8/2022,8,ardal8,3,3,1C,,6.1,6.3,3,41,2.8,8,20,47,1.9,
fall2022,ardal,1/8/2022,6,ardal6,27,27,1D,,4.8,3.3,4,46,1.3,4,16,12,1.8,
fall2022,ardal,1/8/2022,6,ardal6,10,10,3C,,2,1.8,2,21,1.4,5,17.5,18,1.8,
fall2022,ardal,1/8/2022,6,ardal6,8,8,4B,,,,1,9,1.7,2,16.5,8,1.8,
fall2022,ardal,1/8/2022,6,ardal6,2,2,3A,,4.3,2.8,3,39,1.9,2,17,15,1.8,
fall2022,ardal,1/8/2022,6,ardal6,16,16,4C,,2,2.5,2,20,1.3,1,12,3,1.6,
fall2022,ardal,1/8/2022,6,ardal6,9,9,2C,,2.8,3.3,5,44,1.5,3,11.5,6,1.6,
fall2022,ardal,1/8/2022,6,ardal6,1,1,1A,,2.8,3.3,3,42,1.1,3,16,9,1.5,
fall2022,ardal,1/8/2022,8,ardal8,2,2,2B,,,,1,15,2.2,1,9.5,7,1.3,
fall2022,ardal,1/8/2022,6,ardal6,13,13,3C,,3.5,3.5,3,29,1.7,1,9,3,1.2,
fall2022,ardal,1/8/2022,6,ardal6,3,3,3A,,1.6,1.2,2,17,0.7,3,15.5,16,0.7,
fall2022,ardal,1/8/2022,1,ardal1,1,1,4B,,3.6,2.2,2,13,1.2,0,,,,
fall2022,ardal,1/8/2022,1,ardal1,2,2,1C,,,,1,8,1.4,0,,,,
fall2022,ardal,1/8/2022,1,ardal1,new,4,3C,,,,1,5,2,0,,,,
fall2022,ardal,1/8/2022,1,ardal1,4,4,G,,4.5,4,3,39,2.3,1,10.5,,,
fall2022,ardal,1/8/2022,1,ardal1,new,5,5C,,,,1,19,2.6,0,,,,
fall2022,ardal,1/8/2022,1,ardal1,1,1,G,261,6.5,5,3,36,2.9,1,13,,,
fall2022,ardal,1/8/2022,1,ardal1,3,3,P,262,6.5,5.5,2,40,3,3,8,,,
fall2022,ardal,1/8/2022,1,ardal1,2,2,P,,7.6,8,4,42,4,3,20,,,
fall2022,ardal,1/8/2022,1,ardal1,3,,,,,,,,,,,,,
fall2022,ardal,1/8/2022,2,ardal2,,6,Gr,,,,1,16,2,0,,,,
fall2022,ardal,1/8/2022,2,ardal2,6,6,2E,,,,1,6,2.4,0,,,,
fall2022,ardal,1/8/2022,2,ardal2,4,4,P,264,6,5,3,45,2.6,5,27,,,
fall2022,ardal,1/8/2022,2,ardal2,3,3,4B,,5.5,3.7,3,38,3,0,,,,
fall2022,ardal,1/8/2022,2,ardal2,5,5,2E,,,,1,15,3.1,0,,,,
fall2022,ardal,1/8/2022,2,ardal2,,5,G,,,,1,12,4.8,0,,,,
fall2022,ardal,1/8/2022,2,ardal2,1,1,P,263,11.5,8,5,47,5.2,2,14,,,
fall2022,ardal,1/8/2022,2,ardal2,2,,,,,,,,,,,,,
fall2022,ardal,1/8/2022,2,ardal2,3,,,,,,,,,,,,,
fall2022,ardal,1/8/2022,3,ardal3,1,1,2A,,,,1,6,3.2,0,,,,
fall2022,ardal,1/8/2022,3,ardal3,2,2,2A,,,,1,19,5.8,2,21.5,0,,
fall2022,ardal,1/8/2022,4,ardal4,new,12,3C,,,,,5,1.3,0,,,,
fall2022,ardal,1/8/2022,4,ardal4,new,11,4A,,1.8,1.6,2,14,1.5,0,,,,
fall2022,ardal,1/8/2022,4,ardal4,new,10,3A,,,,1,5,1.6,0,,,,
fall2022,ardal,1/8/2022,4,ardal4,5,5,3D,,,,1,16,1.7,0,,,,
fall2022,ardal,1/8/2022,4,ardal4,new,8,3B,,,,1,5,1.7,0,,,,
fall2022,ardal,1/8/2022,4,ardal4,2,2,3B,,,,1,8,1.8,0,,,,
fall2022,ardal,1/8/2022,4,ardal4,new,9,3A,,,,1,8,2.1,0,,,,
fall2022,ardal,1/8/2022,4,ardal4,3,3,3B,,4.8,3.3,2,15,2.5,0,,,,
fall2022,ardal,1/8/2022,4,ardal4,6,6,4E,,,,1,14,2.8,0,,,,
fall2022,ardal,1/8/2022,4,ardal4,7,7,3D,,7.5,4,22,3,3,17.5,12,1.1,,
fall2022,ardal,1/8/2022,4,ardal4,4,4,3C,,10.7,6.7,7,55,3.2,3,19,6,,
fall2022,ardal,1/8/2022,4,ardal4,1,1,3B,,7.5,4,3,28,3.7,1,23,4,,
fall2022,ardal,1/8/2022,5,ardal5,1,1,P,269,5,4.4,2,17,1,1,16,,,
fall2022,ardal,1/8/2022,5,ardal5,new,11,2A,,,,1,5,1,0,,,,
fall2022,ardal,1/8/2022,5,ardal5,4,4,2B,,,,1,11,1.2,0,,,,
fall2022,ardal,1/8/2022,5,ardal5,new,10,3B,,,,1,10,1.2,0,,,,
fall2022,ardal,1/8/2022,5,ardal5,8,8,1C,,,,1,4,1.4,0,,,,
fall2022,ardal,1/8/2022,5,ardal5,6,6,1A,,,,1,14,2,1,8,0,,
fall2022,ardal,1/8/2022,5,ardal5,7,7,1A,,,,1,9,2.5,0,,,,
fall2022,ardal,1/8/2022,5,ardal5,2,2,2B,,,,1,13,2.7,0,,,,
fall2022,ardal,1/8/2022,5,ardal5,4,4,G,270,,,1,24,2.8,1,15,,,
fall2022,ardal,1/8/2022,5,ardal5,9,9,4D,,,,1,16,3.2,1,19,6,,
fall2022,ardal,1/8/2022,5,ardal5,3,3,2B,,,,1,13,3.6,1,8,0,,
fall2022,ardal,1/8/2022,5,ardal5,5,5,5A,,3.4,5.1,3,23,3.9,0,,,,
fall2022,ardal,1/8/2022,5,ardal5,2,2,G,,,,1,1,4,1,21,,,
fall2022,ardal,1/8/2022,5,ardal5,3,3,P,,7,5.3,2,30,4.1,2,19,,,
fall2022,ardal,1/8/2022,6,ardal6,new,37,5C,,,,1,2,0.3,0,,,,
fall2022,ardal,1/8/2022,6,ardal6,new,38,5C,,,,1,2,0.3,0,,,,
fall2022,ardal,1/8/2022,6,ardal6,new,34,4C,,,,1,10,0.4,0,,,,
fall2022,ardal,1/8/2022,6,ardal6,new,35,5C,,,,1,4,0.4,0,,,,
fall2022,ardal,1/8/2022,6,ardal6,new,39,5C,,,,1,3,0.5,0,,,,
fall2022,ardal,1/8/2022,6,ardal6,28,28,3D,,1.5,1.5,2,13,0.6,0,,,,
fall2022,ardal,1/8/2022,6,ardal6,new,40,5C,,,,1,4,0.6,0,,,,
fall2022,ardal,1/8/2022,6,ardal6,17,17,4C,,,,1,8,0.7,0,,,,
fall2022,ardal,1/8/2022,6,ardal6,new,36,5C,,,,1,3,0.7,0,,,,
fall2022,ardal,1/8/2022,6,ardal6,4,4,4A,,,,1,12,0.8,0,,,,
fall2022,ardal,1/8/2022,6,ardal6,11,11,3C,,,,1,7,1,1,1.3,0,,
fall2022,ardal,1/8/2022,6,ardal6,7,7,3B,,,,1,12,1,0,,,,
fall2022,ardal,1/8/2022,6,ardal6,18,18,5C,,,,1,7,1,0,,,,
fall2022,ardal,1/8/2022,6,ardal6,14,14,4C,,1.6,1.9,2,16,1.1,0,,,,
fall2022,ardal,1/8/2022,6,ardal6,20,20,1D,,,,1,5,1.1,0,,,,
fall2022,ardal,1/8/2022,6,ardal6,1,1,G,,3.5,2.5,3,34,1.2,5,15.5,,,
fall2022,ardal,1/8/2022,6,ardal6,6,6,2B,,,,1,5,1.2,0,,,,
fall2022,ardal,1/8/2022,6,ardal6,23,23,1D,,,,1,12,1.2,0,,,,
fall2022,ardal,1/8/2022,6,ardal6,4,4,P,272,3,2.2,2,35,1.4,5,16.5,,,
fall2022,ardal,1/8/2022,6,ardal6,21,21,1D,,3.1,2.3,2,24,1.5,2,13,3,,
fall2022,ardal,1/8/2022,6,ardal6,22,22,1D,,,,1,9,1.5,1,16,9,,
fall2022,ardal,1/8/2022,6,ardal6,5,5,2B,,2.1,1.3,2,10,1.5,0,,,,
fall2022,ardal,1/8/2022,6,ardal6,2,2,P,271,4.5,3.8,2,45,1.6,3,5.5,,,
fall2022,ardal,1/8/2022,6,ardal6,29,29,1E,,2.6,2.2,2,28,1.7,1,3.5,0,,
fall2022,ardal,1/8/2022,6,ardal6,30,30,1E,,2.5,1.4,2,11,1.8,1,8.6,0,,
fall2022,ardal,1/8/2022,6,ardal6,19,19,1D,,,,1,17,2.2,0,,,,
fall2022,ardal,1/8/2022,6,ardal6,24,24,1D,,4.5,5,3,35,2.4,1,4.5,0,,
fall2022,ardal,1/8/2022,6,ardal6,,5,G,,2.2,3.3,4,35,3.2,5,17,,,
fall2022,ardal,1/8/2022,6,ardal6,3,,,,,,,,,,,,,
fall2022,ardal,1/8/2022,6,ardal6,12,,,,,,,,,,,,,
fall2022,ardal,1/8/2022,6,ardal6,25,,,,,,,,,,,,,
fall2022,ardal,1/8/2022,6,ardal6,26,,,,,,,,,,,,,
fall2022,ardal,1/8/2022,6,ardal6,31,,,,,,,,,,,,,
fall2022,ardal,1/8/2022,6,ardal6,32,,,,,,,,,,,,,
fall2022,ardal,1/8/2022,6,ardal6,33,,,,,,,,,,,,,
fall2022,ardal,1/8/2022,7,ardal7,new,4,2B,,,,1,9,1.2,0,,,,
fall2022,ardal,1/8/2022,7,ardal7,2,2,2B,,,,1,11,2.5,0,,,,
fall2022,ardal,1/8/2022,7,ardal7,2,2,P,274,,,1,12,3,0,,,,
fall2022,ardal,1/8/2022,7,ardal7,1,1,P,273,,,1,25,5.5,0,,,,
fall2022,ardal,1/8/2022,8,ardal8,1,1,3B,,,,1,16,1.2,0,,,,
fall2022,ardal,1/8/2022,8,ardal8,new,8,4D,,,,1,8,1.6,0,,,,
fall2022,ardal,1/8/2022,8,ardal8,new,7,1D,,4.2,3.8,2,28,1.9,0,,,,
fall2022,ardal,1/8/2022,8,ardal8,4,4,3C,,,,1,23,2.1,0,,,,
fall2022,ardal,1/8/2022,8,ardal8,1,1,P,275,4,3.9,3,27,2.4,1,19.5,,,
fall2022,ardal,1/8/2022,8,ardal8,4,4,P,,,,1,28,2.7,2,15,,,
fall2022,ardal,1/8/2022,8,ardal8,2,2,G,,5.5,3.5,2,16,3.2,1,11.5,,,
fall2022,ardal,1/8/2022,8,ardal8,3,3,Gr,276,,,1,22,4.7,1,18,,,
fall2022,bovra,2/8/2022,1,bovra1,27,27,2D,,10.8,9.5,6,55,4.5,13,21,84,4.3,
fall2022,bovra,2/8/2022,9,bovra9,1,1,3A,,14.5,12.5,14,140,6,8,23,11,4.2,
fall2022,bovra,2/8/2022,1,bovra1,2,2,2A,,,,1,28,4,1,9,7,4.1,
fall2022,bovra,2/8/2022,1,bovra1,30,30,5D,,,,1,15,4.9,2,17,8,4.1,
fall2022,bovra,2/8/2022,8,bovra8,2,2,4B,,12.8,6.3,9,100,4.2,9,23,72,4,
fall2022,bovra,2/8/2022,9,bovra9,2,2,2A,,9.5,9,6,62,6.1,3,29,31,4,
fall2022,bovra,2/8/2022,7,bovra7,2,2,5C,,8,7.5,5,56,4.3,5,14,51,3.8,
fall2022,bovra,2/8/2022,10,bovra10,6,6,5D,,10.2,6.3,8,55,3,4,11.5,13,3.3,
fall2022,bovra,2/8/2022,7,bovra7,3,3,1D,,7.1,6,3,44,3.5,2,11.5,13,3.2,
fall2022,bovra,2/8/2022,8,bovra8,1,1,1A,,6.5,3,2,30,3.4,1,11,7,3.2,
fall2022,bovra,2/8/2022,9,bovra9,new,4,2B,,,,0,0,0,1,18.5,17,3.2,
fall2022,bovra,2/8/2022,1,bovra1,31,31,5D,,8,5,3,34,3.7,3,15,21,3.1,
fall2022,bovra,2/8/2022,10,bovra10,5,5,5C,,7.4,7.2,5,46,4.6,3,22,19,2.8,
fall2022,bovra,2/8/2022,7,bovra7,4,4,1E,,12,7,8,100,4.2,10,18,86,2.8,
fall2022,bovra,2/8/2022,9,bovra9,3,3,5E,,6.5,8,4,33,4.1,1,8,2,2.7,
fall2022,bovra,2/8/2022,8,bovra8,3,3,4C,,8.3,6.2,4,95,3.6,5,26,25,2.4,
fall2022,bovra,2/8/2022,2,bovra2,1,1,3A,,12.5,11,12,74,3.2,17,11,53,2.3,
fall2022,bovra,2/8/2022,6,bovra6,8,8,3E,,6.8,4,8,63,2.5,3,12.5,13,2.2,veel herbivorie
fall2022,bovra,2/8/2022,7,bovra7,5,5,1E,,3.5,4.6,2,27,2,4,10,14,2.2,
fall2022,bovra,2/8/2022,7,bovra7,1,1,2A,,8.2,7.2,5,65,3,10,19,45,2.1,
fall2022,bovra,2/8/2022,1,bovra1,5,5,1B,,7,7,2,36,4.1,2,15,6,2,
fall2022,bovra,2/8/2022,6,bovra6,3,3,1C,,5,5.8,10,48,1.6,4,10.2,14,1.9,veel herbivorie
fall2022,bovra,2/8/2022,11,bovra11,,2,5D,,4.1,2.7,4,33,1.4,1,6.8,6,1.7,
fall2022,bovra,2/8/2022,5,bovra5,1,1,4A,,6.5,6,5,64,1.8,1,4,1,1.5,
fall2022,bovra,2/8/2022,1,bovra1,9,9,1B,,4,3,2,25,2.3,1,7,1,0.8,
fall2022,bovra,2/8/2022,4,bovra4,7,7,4D,,5,2.5,3,32,1.5,2,8,3,0.3,
fall2022,bovra,2/8/2022,1,bovra1,new,34,1C,,,,1,4,0.3,0,,,,
fall2022,bovra,2/8/2022,1,bovra1,new,43,5A,,,,1,2,0.4,0,,,,
fall2022,bovra,2/8/2022,1,bovra1,new,36,1C,,,,1,4,0.5,0,,,,
fall2022,bovra,2/8/2022,1,bovra1,4,4,4A,,2,1.5,2,13,0.6,0,,,,
fall2022,bovra,2/8/2022,1,bovra1,new,41,4E,,,,1,4,0.6,0,,,,
fall2022,bovra,2/8/2022,1,bovra1,new,35,1C,,,,1,4,0.7,0,,,,
fall2022,bovra,2/8/2022,1,bovra1,24,24,3B,,,,1,3,0.8,0,,,,
fall2022,bovra,2/8/2022,1,bovra1,29,29,5D,,8,5,6,6,0.8,0,,,,
fall2022,bovra,2/8/2022,1,bovra1,new,40,4E,,,,1,4,0.8,0,,,,
fall2022,bovra,2/8/2022,1,bovra1,new,42,5A,,,,1,5,0.8,0,,,,
fall2022,bovra,2/8/2022,1,bovra1,10,10,1B,,,,1,11,0.9,0,,,,
fall2022,bovra,2/8/2022,1,bovra1,16,16,3B,,,,1,8,0.9,0,,,,
fall2022,bovra,2/8/2022,1,bovra1,11,11,1B,,,,1,12,1,0,,,,
fall2022,bovra,2/8/2022,1,bovra1,14,14,1C,,,,1,10,1,0,,,,
fall2022,bovra,2/8/2022,1,bovra1,32,32,4E,,,,1,8,1,0,,,,
fall2022,bovra,2/8/2022,1,bovra1,4,4,P,,,,1,26,1.1,2,12.5,,,
fall2022,bovra,2/8/2022,1,bovra1,22,22,3B,,2,1.5,2,20,1.1,0,,,,
fall2022,bovra,2/8/2022,1,bovra1,25,25,1C,,,,1,7,1.1,0,,,,
fall2022,bovra,2/8/2022,1,bovra1,26,26,1C,,1.7,2,2,16,1.1,0,,,,
fall2022,bovra,2/8/2022,1,bovra1,3,3,3A,,,,1,7,1.2,1,1.4,0,,
fall2022,bovra,2/8/2022,1,bovra1,6,6,1B,,,,1,7,1.2,0,,,,
fall2022,bovra,2/8/2022,1,bovra1,18,18,4B,,,,1,12,1.2,0,,,,
fall2022,bovra,2/8/2022,1,bovra1,new,38,3A,,,,1,4,1.2,0,,,,
fall2022,bovra,2/8/2022,1,bovra1,13,13,1B,,,,1,13,1.4,0,,,,
fall2022,bovra,2/8/2022,1,bovra1,21,21,4B,,2,3.5,5,23,1.5,0,,,,
fall2022,bovra,2/8/2022,1,bovra1,new,37,3A,,,,1,10,1.5,0,,,,
fall2022,bovra,2/8/2022,1,bovra1,new,39,3C,,,,1,6,1.5,0,,,,
fall2022,bovra,2/8/2022,1,bovra1,7,7,1B,,,,1,6,1.6,0,,,,
fall2022,bovra,2/8/2022,1,bovra1,8,8,1B,,,,1,13,1.6,0,,,,
fall2022,bovra,2/8/2022,1,bovra1,33,33,3E,,,,1,4,1.6,0,,,,
fall2022,bovra,2/8/2022,1,bovra1,20,20,2C,,4,3,3,21,1.7,0,,,,
fall2022,bovra,2/8/2022,1,bovra1,1,1,1A,,,,1,15,1.9,0,,,,
fall2022,bovra,2/8/2022,1,bovra1,12,12,1B,,,,1,18,1.9,0,,,,
fall2022,bovra,2/8/2022,1,bovra1,19,19,4C,,4.5,3,2,32,1.9,0,,,,
fall2022,bovra,2/8/2022,1,bovra1,1,1,P,,4,4,2,26,2,0,,,,
fall2022,bovra,2/8/2022,1,bovra1,23,23,3B,,4.6,4.7,2,45,2.1,0,,,,
fall2022,bovra,2/8/2022,1,bovra1,3,3,G,322,10,11.5,13,350,2.4,32,15,,,
fall2022,bovra,2/8/2022,1,bovra1,2,2,G,321,10.5,10,10,120,2.4,20,15,,,
fall2022,bovra,2/8/2022,1,bovra1,17,17,4B,,5.5,4.5,2,55,2.4,0,,,,
fall2022,bovra,2/8/2022,1,bovra1,15,15,2B,,5,4,2,38,2.8,0,,,,
fall2022,bovra,2/8/2022,1,bovra1,28,,,,,,,,,,,,,
fall2022,bovra,2/8/2022,10,bovra10,2,2,2B,,,,1,6,1.6,0,,,,
fall2022,bovra,2/8/2022,10,bovra10,4,4,P,,4.5,3.5,2,37,1.8,2,9,,,
fall2022,bovra,2/8/2022,10,bovra10,4,4,1C,,4.3,3.3,4,37,1.9,0,,,,
fall2022,bovra,2/8/2022,10,bovra10,3,3,2B,,3.2,2.6,2,11,2.1,0,,,,
fall2022,bovra,2/8/2022,10,bovra10,3,3,G,339,7,6.5,2,43,2.6,1,6,,,
fall2022,bovra,2/8/2022,10,bovra10,1,1,G,338,9.5,9.5,3,36,4.3,2,17,,,
fall2022,bovra,2/8/2022,10,bovra10,2,2,P,,7,4.5,5,60,4.3,2,21,,,
fall2022,bovra,2/8/2022,10,bovra10,1,1,3A,,13,10.5,16,150,4.6,0,,,,
fall2022,bovra,2/8/2022,11,bovra11,,4,5D,,1,0.9,2,8,0.7,0,,,,
fall2022,bovra,2/8/2022,11,bovra11,,6,2B,,,,1,3,1.2,0,,,,
fall2022,bovra,2/8/2022,11,bovra11,,4,Gr,,3.5,2.6,2,34,1.5,0,,,,
fall2022,bovra,2/8/2022,11,bovra11,,1,5D,,3.7,3.2,3,38,1.6,0,,,,
fall2022,bovra,2/8/2022,11,bovra11,,3,5D,,3.5,3.5,4,39,1.8,0,,,,
fall2022,bovra,2/8/2022,11,bovra11,,5,4D,,2.8,3.5,2,24,2,0,,,,
fall2022,bovra,2/8/2022,11,bovra11,,2,Gr,,5.5,5.8,3,44,2.3,3,6.5,,,
fall2022,bovra,2/8/2022,11,bovra11,,1,P,326,8,8,11,70,2.4,7,14,,,
fall2022,bovra,2/8/2022,11,bovra11,,3,P,325,7.5,6.5,6,60,4,3,20.5,,,
fall2022,bovra,2/8/2022,2,bovra2,1,1,G,,4,3,2,21,0,,,,,
fall2022,bovra,2/8/2022,2,bovra2,2,2,P,323,,,1,19,0,,,,,
fall2022,bovra,2/8/2022,2,bovra2,3,3,P,,,,1,8,0,,,,,
fall2022,bovra,2/8/2022,2,bovra2,4,4,G,324,,,1,17,0,,,,,
fall2022,bovra,2/8/2022,2,bovra2,new,4,2E,,,,1,6,0.7,0,,,,
fall2022,bovra,2/8/2022,2,bovra2,new,3,2D,,,,1,10,1.5,0,,,,
fall2022,bovra,2/8/2022,2,bovra2,2,2,2D,,,,1,17,1.8,0,,,,
fall2022,bovra,2/8/2022,3,bovra3,1,,,,,,,,,,,,,
fall2022,bovra,2/8/2022,3,bovra3,2,,,,,,,,,,,,,
fall2022,bovra,2/8/2022,3,bovra3,3,,,,,,,,,,,,,
fall2022,bovra,2/8/2022,3,bovra3,4,,,,,,,,,,,,,
fall2022,bovra,2/8/2022,3,bovra3,1,,,,,,,,,,,,,
fall2022,bovra,2/8/2022,3,bovra3,2,,,,,,,,,,,,,
fall2022,bovra,2/8/2022,3,bovra3,3,,,,,,,,,,,,,
fall2022,bovra,2/8/2022,3,bovra3,4,,,,,,,,,,,,,
fall2022,bovra,2/8/2022,3,bovra3,5,,,,,,,,,,,,,
fall2022,bovra,2/8/2022,3,bovra3,6,,,,,,,,,,,,,
fall2022,bovra,2/8/2022,3,bovra3,7,,,,,,,,,,,,,
fall2022,bovra,2/8/2022,3,bovra3,8,,,,,,,,,,,,,
fall2022,bovra,2/8/2022,4,bovra4,new,12,4D,,,,1,4,1.3,0,,,,
fall2022,bovra,2/8/2022,4,bovra4,3,3,3A,,,,1,23,1.4,0,,,,
fall2022,bovra,2/8/2022,4,bovra4,5,5,5B,,4.5,2.3,3,43,1.5,2,3,0,,
fall2022,bovra,2/8/2022,4,bovra4,4,4,3A,,,,1,16,1.5,0,,,,
fall2022,bovra,2/8/2022,4,bovra4,2,2,3A,,2.5,1.5,2,21,1.7,0,,,,
fall2022,bovra,2/8/2022,4,bovra4,6,6,4D,,,,1,14,1.8,0,,,,
fall2022,bovra,2/8/2022,4,bovra4,9,9,1D,,3.5,3,2,26,1.9,0,,,,
fall2022,bovra,2/8/2022,4,bovra4,8,8,2D,,,,1,23,2,0,,,,
fall2022,bovra,2/8/2022,4,bovra4,10,10,1E,,6.5,5.5,7,57,2,0,,,,
fall2022,bovra,2/8/2022,4,bovra4,1,1,P,,4,4.5,2,21,2.2,0,,,,
fall2022,bovra,2/8/2022,4,bovra4,1,1,2A,,12,9,24,240,2.3,5,9,0,,
fall2022,bovra,2/8/2022,4,bovra4,3,3,P,,6.5,5,4,41,2.4,0,,,,
fall2022,bovra,2/8/2022,4,bovra4,2,2,G,327,8.5,5.5,6,56,2.8,10,17,,,
fall2022,bovra,2/8/2022,4,bovra4,4,4,G,328,7,7.5,8,90,3,2,14,,,
fall2022,bovra,2/8/2022,4,bovra4,11,,,,,,,,,,,,,
fall2022,bovra,2/8/2022,5,bovra5,7,7,3B,,,,1,12,0.8,0,,,,
fall2022,bovra,2/8/2022,5,bovra5,3,3,3C,,7.5,6,14,56,1.2,0,,,,
fall2022,bovra,2/8/2022,5,bovra5,4,4,4C,,7,8,15,47,1.7,0,,,,
fall2022,bovra,2/8/2022,5,bovra5,3,3,G,330,6.2,5,8,58,1.8,0,,,,
fall2022,bovra,2/8/2022,5,bovra5,1,1,G,329,5.5,3.2,7,52,1.9,0,,,,
fall2022,bovra,2/8/2022,5,bovra5,2,2,P,,6.6,4.2,9,130,1.9,0,,,,
fall2022,bovra,2/8/2022,5,bovra5,2,2,2C,,5,7,15,110,2,0,,,,
fall2022,bovra,2/8/2022,5,bovra5,6,6,2E,,5,5.3,4,32,2.1,2,3.9,0,,
fall2022,bovra,2/8/2022,5,bovra5,5,5,5C,,3.5,3,3,27,2.5,0,,,,
fall2022,bovra,2/8/2022,5,bovra5,4,4,P,,,,1,10,2.7,0,,,,
fall2022,bovra,2/8/2022,6,bovra6,4,4,1C,,,,1,8,0.9,0,,,,veel herbivorie
fall2022,bovra,2/8/2022,6,bovra6,7,7,4D,,4.5,2.3,3,30,1.6,0,,,,veel herbivorie
fall2022,bovra,2/8/2022,6,bovra6,6,6,4C,,4.4,3.6,3,38,2,1,4.4,0,,veel herbivorie
fall2022,bovra,2/8/2022,6,bovra6,2,2,2B,,5.5,5.3,6,76,2.2,0,,,,veel herbivorie
fall2022,bovra,2/8/2022,6,bovra6,5,5,1C,,2.8,3.8,2,24,2.3,0,,,,veel herbivorie
fall2022,bovra,2/8/2022,6,bovra6,2,2,P,,5.5,5,6,50,2.7,1,4,,,veel herbivorie
fall2022,bovra,2/8/2022,6,bovra6,4,4,G,,7,7,8,95,3,2,13.5,,,veel herbivorie
fall2022,bovra,2/8/2022,6,bovra6,1,1,P,331,8,9.5,6,24,3,0,,,,veel herbivorie
fall2022,bovra,2/8/2022,6,bovra6,3,3,G,332,9,7.4,6,45,3.7,7,14,,,veel herbivorie
fall2022,bovra,2/8/2022,6,bovra6,1,1,2A,,11,8,8,120,6.2,0,,,,veel herbivorie
fall2022,bovra,2/8/2022,7,bovra7,3,3,P,,6.5,5.5,5,43,2.3,5,14,,,
fall2022,bovra,2/8/2022,7,bovra7,2,2,P,333,8,6.8,2,46,3.2,5,11,,,
fall2022,bovra,2/8/2022,7,bovra7,1,1,Gr,,6.5,6.5,4,40,3.5,1,8,,,
fall2022,bovra,2/8/2022,7,bovra7,4,4,G,334,7.6,8.3,9,75,4,8,19,,,
fall2022,bovra,2/8/2022,8,bovra8,7,7,5D,,1.6,1.4,2,16,0.8,0,,,,
fall2022,bovra,2/8/2022,8,bovra8,6,6,5D,,,,1,12,1,0,,,,
fall2022,bovra,2/8/2022,8,bovra8,8,8,3D,,,,1,2,1.1,0,,,,
fall2022,bovra,2/8/2022,8,bovra8,5,5,1D,,,,1,10,1.2,0,,,,
fall2022,bovra,2/8/2022,8,bovra8,4,4,5B,,,,1,17,1.3,1,3.7,1,,
fall2022,bovra,2/8/2022,8,bovra8,2,2,P,,4.5,3.5,2,34,2.1,0,,,,
fall2022,bovra,2/8/2022,8,bovra8,3,3,G,,4.6,4.5,4,39,3.2,5,16,,,
fall2022,bovra,2/8/2022,8,bovra8,1,1,P,335,8.5,7,4,44,4.9,8,22.5,,,
fall2022,bovra,2/8/2022,8,bovra8,4,4,G,336,11,9.5,6,50,5.9,15,24.5,,,
fall2022,bovra,2/8/2022,9,bovra9,2,2,P,,,,1,9,2.7,0,,,,
fall2022,bovra,2/8/2022,9,bovra9,3,3,G,,,,1,13,4,0,,,,
fall2022,bovra,2/8/2022,9,bovra9,4,4,P,340,9,6,2,25,5.5,0,,,,
fall2022,bovra,2/8/2022,9,bovra9,1,1,G,337,16.5,13,8,55,8,0,,,,
fall2022,helin,3/8/2022,9,helin9,1,1,2A,,4,2.5,2,34,2.3,2,11.5,14,3.5,
fall2022,helin,3/8/2022,9,helin9,2,2,2B,,,,1,21,2.3,4,15,31,3,
fall2022,helin,3/8/2022,7,helin7,12,12,1D,,7,2.8,4,55,1.1,12,10.5,18,2.8,
fall2022,helin,3/8/2022,4,helin4,12,12,2D,,3.4,3.1,3,40,1.6,1,4.6,4,2.7,
fall2022,helin,3/8/2022,10,helin10,6,6,1C,,7.5,2.6,8,88,2.2,9,8.7,25,2.5,
fall2022,helin,3/8/2022,6,helin6,3,3,3B,,6,2,2,32,2.1,3,13,17,2.5,
fall2022,helin,3/8/2022,1,helin1,10,10,5E,,3.2,1.9,3,28,1.3,1,6.5,9,2.4,
fall2022,helin,3/8/2022,1,helin1,4,4,4C,,,,1,11,2.1,3,13,19,2.4,
fall2022,helin,3/8/2022,4,helin4,10,10,1C,,4.6,3.8,4,57,1.6,7,7,32,2.4,
fall2022,helin,3/8/2022,3,helin3,2,2,1B,,5.4,4.2,6,75,2.3,6,5.2,17,2.2,
fall2022,helin,3/8/2022,9,helin9,3,3,2B,,7,4,2,14,3,2,12,15,2.2,
fall2022,helin,3/8/2022,10,helin10,7,7,3C,,3.1,2.3,2,21,1.3,5,14.5,36,2.1,
fall2022,helin,3/8/2022,2,helin2,8,8,5D,,5,3.6,8,65,2.1,20,10.5,72,2.1,
fall2022,helin,3/8/2022,5,helin5,17,17,5C,,5,4.6,6,45,1.9,4,12,22,2.1,
fall2022,helin,3/8/2022,1,helin1,2,2,1C,,2.6,1.8,2,26,0.8,5,7.2,25,2,
fall2022,helin,3/8/2022,2,helin2,2,2,1A,,1.5,1.1,2,12,1,1,5.3,6,2,
fall2022,helin,3/8/2022,7,helin7,13,13,2D,,2.5,2.5,4,36,0.8,3,5.5,9,2,
fall2022,helin,3/8/2022,10,helin10,new,18,2D,,3.2,2.1,2,20,2,4,11.5,20,1.9,
fall2022,helin,3/8/2022,10,helin10,10,10,3D,,,,1,22,2,3,13.5,17,1.9,
fall2022,helin,3/8/2022,6,helin6,6,6,3C,,4.4,4,3,46,1.8,2,8.5,14,1.9,
fall2022,helin,3/8/2022,6,helin6,4,4,3C,,2.5,1.8,2,24,1.8,1,4.4,2,1.9,
fall2022,helin,3/8/2022,1,helin1,1,1,1B,,3.2,2.4,2,22,1.6,8,6.5,33,1.8,
fall2022,helin,3/8/2022,10,helin10,8,8,2D,,2.9,2.8,2,21,1.7,2,12,16,1.8,
fall2022,helin,3/8/2022,3,helin3,8,8,4C,,2.3,2.1,2,26,1.2,1,6,9,1.8,
fall2022,helin,3/8/2022,3,helin3,11,11,4B,,3.5,2.2,2,22,1.6,1,4,4,1.8,
fall2022,helin,3/8/2022,3,helin3,3,3,2C,,2.1,2.1,2,20,1.2,1,2.8,3,1.7,
fall2022,helin,3/8/2022,3,helin3,12,12,4B,,3.1,2,3,28,1.6,1,6,4,1.7,
fall2022,helin,3/8/2022,3,helin3,1,1,1B,,4.7,4,6,57,2.2,6,5,13,1.7,
fall2022,helin,3/8/2022,6,helin6,12,12,1C,,2.3,1.6,2,22,1,7,5,11,1.7,
fall2022,helin,3/8/2022,6,helin6,2,2,2B,,1.9,1,3,22,1.5,8,11,25,1.7,
fall2022,helin,3/8/2022,6,helin6,10,10,2C,,,,1,16,1.6,1,6.5,2,1.7,
fall2022,helin,3/8/2022,10,helin10,1,1,3B,,4.3,3.9,5,62,1.4,8,12.5,46,1.6,
fall2022,helin,3/8/2022,6,helin6,11,11,2C,,1.4,1.5,2,38,0.7,2,4,2,1.6,
fall2022,helin,3/8/2022,1,helin1,8,8,4E,,4,2.2,2,23,1.8,3,8.5,14,1.5,
fall2022,helin,3/8/2022,4,helin4,11,11,2D,,4.2,3.6,4,52,1.8,2,3.7,6,1.5,
fall2022,helin,3/8/2022,6,helin6,13,13,2E,,,,1,22,1.7,2,8,8,1.5,
fall2022,helin,3/8/2022,1,helin1,7,7,2E,,3.7,2.5,5,38,1.2,2,5.5,19,1.4,
fall2022,helin,3/8/2022,1,helin1,3,3,3C,,,,1,7,1.8,3,6,16,1.4,
fall2022,helin,3/8/2022,10,helin10,3,3,4B,,2.5,3,4,18,1,1,8.5,2,1.4,
fall2022,helin,3/8/2022,10,helin10,9,9,3D,,4.5,3.3,3,24,1.9,3,11,11,1.3,
fall2022,helin,3/8/2022,4,helin4,16,16,4E,,,,1,19,1.2,1,4.5,6,1.3,
fall2022,helin,3/8/2022,10,helin10,13,13,2E,,2,4..2,4,36,1.3,5,5.5,8,1.2,
fall2022,helin,3/8/2022,10,helin10,11,11,2D,,,,1,16,1.1,1,6,2,1.1,
fall2022,helin,3/8/2022,3,helin3,5,5,2D,,4.2,3.3,5,70,1.5,1,1.2,1,0.9,
fall2022,helin,3/8/2022,10,helin10,12,12,1E,,,,1,7,0.7,1,7,3,0.8,
fall2022,helin,3/8/2022,6,helin6,1,1,5A,,4,3,6,110,1.4,2,3,9,0.6,
fall2022,helin,3/8/2022,7,helin7,18,18,3D,,,,1,4,0.3,3,3.5,2,0,
fall2022,helin,3/8/2022,1,helin1,new,15,2E,,1.5,0.8,2,20,0.4,0,,,,
fall2022,helin,3/8/2022,1,helin1,9,9,5E,,,,1,10,0.6,0,,,,
fall2022,helin,3/8/2022,1,helin1,new,13,2B,,,,1,11,0.7,0,,,,
fall2022,helin,3/8/2022,1,helin1,new,14,3E,,,,1,7,1,1,3,0,,
fall2022,helin,3/8/2022,1,helin1,new,11,1A,,,,1,10,1.3,0,,,,
fall2022,helin,3/8/2022,1,helin1,1,1,G,281,4.7,3.5,2,14,1.4,2,11,,,
fall2022,helin,3/8/2022,1,helin1,3,3,P,,3.5,4,4,54,1.4,1,4.2,,,
fall2022,helin,3/8/2022,1,helin1,6,6,2E,,2.5,2.3,3,24,1.4,0,,,,
fall2022,helin,3/8/2022,1,helin1,5,5,2E,,3.2,3.7,5,50,1.5,0,,,,
fall2022,helin,3/8/2022,1,helin1,2,2,P,,4,2.5,2,37,1.7,4,5,,,
fall2022,helin,3/8/2022,1,helin1,new,12,1A,,,,1,12,1.7,0,,,,
fall2022,helin,3/8/2022,1,helin1,4,4,G,282,2.7,1.8,2,35,2.1,0,,,,
fall2022,helin,3/8/2022,10,helin10,2,2,2B,,,,1,9,0.9,0,,,,
fall2022,helin,3/8/2022,10,helin10,new,15,3C,,,,1,12,1.1,0,,,,
fall2022,helin,3/8/2022,10,helin10,new,16,2D,,,,1,7,1.2,0,,,,
fall2022,helin,3/8/2022,10,helin10,4,4,4B,,,,1,9,1.3,0,,,,
fall2022,helin,3/8/2022,10,helin10,new,19,2C,,,,1,7,1.4,0,,,,
fall2022,helin,3/8/2022,10,helin10,new,14,5B,,,,1,5,1.7,0,,,,
fall2022,helin,3/8/2022,10,helin10,3,3,G,300,3.1,2.3,3,33,1.8,1,7,,,
fall2022,helin,3/8/2022,10,helin10,1,1,G,299,4.8,4,3,61,1.9,9,13,,,
fall2022,helin,3/8/2022,10,helin10,5,5,5B,,,,1,15,1.9,0,,,,
fall2022,helin,3/8/2022,10,helin10,4,4,P,,2.8,2.5,2,22,2,0,,,,
fall2022,helin,3/8/2022,10,helin10,new,17,2D,,,,1,12,2.2,0,,,,
fall2022,helin,3/8/2022,10,helin10,new,20,4E,,4.7,2.9,4,32,2.5,3,8,5,,
fall2022,helin,3/8/2022,10,helin10,2,2,P,,7,6,4,65,3.6,16,18,,,
fall2022,helin,3/8/2022,2,helin2,1,1,1A,,,,1,12,0.6,0,,,,
fall2022,helin,3/8/2022,2,helin2,6,6,4D,,,,1,7,0.8,0,,,,
fall2022,helin,3/8/2022,2,helin2,7,7,4E,,,,1,6,1.1,0,,,,
fall2022,helin,3/8/2022,2,helin2,new,9,5E,,,,1,12,1.2,0,,,,
fall2022,helin,3/8/2022,2,helin2,4,4,4D,,,,1,5,1.4,0,,,,
fall2022,helin,3/8/2022,2,helin2,5,5,4D,,,,1,8,1.4,0,,,,
fall2022,helin,3/8/2022,2,helin2,3,3,G,284,3.6,2.3,2,13,1.5,3,9,,,
fall2022,helin,3/8/2022,2,helin2,3,3,5A,,,,1,8,1.5,0,,,,
fall2022,helin,3/8/2022,2,helin2,4,4,P,,,,1,8,1.6,1,7.6,,,
fall2022,helin,3/8/2022,2,helin2,2,2,P,,,,1,9,1.8,1,5.2,,,
fall2022,helin,3/8/2022,2,helin2,1,1,Gr,283,4,3.3,4,42,1.9,2,7.2,,,
fall2022,helin,3/8/2022,3,helin3,new,22,2D,,,,1,7,0.4,0,,,,
fall2022,helin,3/8/2022,3,helin3,9,9,5E,,,,1,10,0.6,0,,,,
fall2022,helin,3/8/2022,3,helin3,15,15,5B,,,,1,7,0.6,0,,,,
fall2022,helin,3/8/2022,3,helin3,4,4,2D,,2,2.3,3,42,0.7,0,,,,
fall2022,helin,3/8/2022,3,helin3,10,10,4C,,,,1,8,0.7,0,,,,
fall2022,helin,3/8/2022,3,helin3,6,6,2E,,1.5,1.5,2,14,0.8,0,,,,
fall2022,helin,3/8/2022,3,helin3,14,14,5B,,,,1,9,0.8,0,,,,
fall2022,helin,3/8/2022,3,helin3,16,16,5B,,,,1,5,0.8,0,,,,
fall2022,helin,3/8/2022,3,helin3,new,21,4D,,2.2,1.6,2,15,0.8,0,,,,
fall2022,helin,3/8/2022,3,helin3,13,13,4B,,,,1,7,1.2,0,,,,
fall2022,helin,3/8/2022,3,helin3,4,4,P,,3,3,2.7,33,1.3,1,4.6,,,
fall2022,helin,3/8/2022,3,helin3,18,18,5A,,3.1,2,3,25,1.4,1,,,,
fall2022,helin,3/8/2022,3,helin3,2,2,P,86,4,2.66,3.2,30,1.5,8,6,,,
fall2022,helin,3/8/2022,3,helin3,7,7,5D,,,,1,7,1.5,0,,,,
fall2022,helin,3/8/2022,3,helin3,17,17,4B,,,,1,12,1.9,0,,,,
fall2022,helin,3/8/2022,3,helin3,new,20,1A,,,,1,8,1.9,0,,,,
fall2022,helin,3/8/2022,3,helin3,3,3,G,,1,,,14,2,0,,,,
fall2022,helin,3/8/2022,3,helin3,1,1,G,85,2,3.4,3,37,2.4,3,9.5,,,
fall2022,helin,3/8/2022,3,helin3,19,19,5A,,4.3,4.5,3,42,2.5,6,,,,
fall2022,helin,3/8/2022,3,helin3,,,,,,,,,,,,,,
fall2022,helin,3/8/2022,4,helin4,14,14,4D,,,,1,13,0.4,0,,,,
fall2022,helin,3/8/2022,4,helin4,new,23,1A,,,,1,6,0.5,0,,,,
fall2022,helin,3/8/2022,4,helin4,new,24,4E,,1.1,0.8,2,9,0.5,0,,,,
fall2022,helin,3/8/2022,4,helin4,7,7,3B,,,,1,8,0.6,0,,,,
fall2022,helin,3/8/2022,4,helin4,new,22,1A,,,,1,5,0.6,0,,,,
fall2022,helin,3/8/2022,4,helin4,6,6,3B,,,,1,8,0.7,0,,,,
fall2022,helin,3/8/2022,4,helin4,17,17,4E,,2,1.3,3,21,0.7,0,,,,
fall2022,helin,3/8/2022,4,helin4,15,15,4E,,,,1,15,0.8,0,,,,
fall2022,helin,3/8/2022,4,helin4,3,3,2A,,2,1.5,3,19,0.9,0,,,,
fall2022,helin,3/8/2022,4,helin4,8,8,3B,,2.3,1.7,2,24,0.9,0,,,,
fall2022,helin,3/8/2022,4,helin4,4,4,3B,,2.5,1.9,2,21,1,0,,,,
fall2022,helin,3/8/2022,4,helin4,19,19,1E,,3,2.4,2,26,1.1,0,,,,
fall2022,helin,3/8/2022,4,helin4,1,1,1A,,3.3,5,5,36,1.2,0,,,,
fall2022,helin,3/8/2022,4,helin4,13,13,3C,,,,1,13,1.2,0,,,,
fall2022,helin,3/8/2022,4,helin4,1,1,P,287,4,3.2,4,53,1.3,1,6,,,
fall2022,helin,3/8/2022,4,helin4,2,2,2A,,,,1,19,1.3,0,,,,
fall2022,helin,3/8/2022,4,helin4,5,5,3B,,2.8,2.5,2,23,1.3,0,,,,
fall2022,helin,3/8/2022,4,helin4,20,20,1E,,3.1,3,4,33,1.5,0,,,,
fall2022,helin,3/8/2022,4,helin4,4,4,P,,,,1,16,1.6,0,,,,
fall2022,helin,3/8/2022,4,helin4,18,18,2D,,,,1,12,1.6,0,,,,
fall2022,helin,3/8/2022,4,helin4,21,21,2E,,,,1,11,1.7,0,,,,
fall2022,helin,3/8/2022,4,helin4,9,9,1B,,,,1,10,1.8,0,,,,
fall2022,helin,3/8/2022,4,helin4,3,3,G,,4.8,4,4,57,1.9,2,4.6,,,
fall2022,helin,3/8/2022,4,helin4,2,2,G,288,4.3,3.3,5,68,1.9,0,,,,
fall2022,helin,3/8/2022,5,helin5,19,19,5E,,,,1,5,0.4,0,,,,
fall2022,helin,3/8/2022,5,helin5,12,12,5B,,,,1,3,0.5,0,,,,
fall2022,helin,3/8/2022,5,helin5,new,22,4D,,,,1,8,0.6,0,,,,
fall2022,helin,3/8/2022,5,helin5,2,2,2B,,,,1,9,0.7,1,7.5,3,,
fall2022,helin,3/8/2022,5,helin5,13,13,5B,,,,1,6,0.7,0,,,,
fall2022,helin,3/8/2022,5,helin5,14,14,5B,,,,1,5,0.7,0,,,,
fall2022,helin,3/8/2022,5,helin5,new,21,4D,,,,1,6,0.7,0,,,,
fall2022,helin,3/8/2022,5,helin5,10,10,5C,,,,1,12,0.8,0,,,,
fall2022,helin,3/8/2022,5,helin5,new,20,1E,,,,1,12,0.8,0,,,,
fall2022,helin,3/8/2022,5,helin5,3,3,2B,,,,1,10,0.9,0,,,,
fall2022,helin,3/8/2022,5,helin5,18,18,4C,,,,1,6,1,0,,,,
fall2022,helin,3/8/2022,5,helin5,3,3,P,289,2.3,1.7,3,36,1.1,4,3.5,,,
fall2022,helin,3/8/2022,5,helin5,15,15,4C,,,,1,8,1.1,0,,,,
fall2022,helin,3/8/2022,5,helin5,4,4,2B,,,,1,3,1.2,0,,,,
fall2022,helin,3/8/2022,5,helin5,1,1,P,,3.5,2.3,5,50,1.3,3,4.2,,,
fall2022,helin,3/8/2022,5,helin5,7,7,1D,,,,1,6,1.3,3,13.5,8,,
fall2022,helin,3/8/2022,5,helin5,5,5,1C,,,,1,6,1.3,0,,,,
fall2022,helin,3/8/2022,5,helin5,9,9,5B,,,,1,10,1.3,0,,,,
fall2022,helin,3/8/2022,5,helin5,16,16,4C,,,,1,8,1.4,0,,,,
fall2022,helin,3/8/2022,5,helin5,1,1,2A,,,,1,11,1.8,0,,,,
fall2022,helin,3/8/2022,5,helin5,11,11,5C,,3.5,2,2,23,1.8,0,,,,
fall2022,helin,3/8/2022,5,helin5,2,2,G,,,,1,23,1.9,0,,,,
fall2022,helin,3/8/2022,5,helin5,4,4,G,290,3.5,3.2,2,32,2,0,,,,
fall2022,helin,3/8/2022,5,helin5,6,6,1C,,,,1,8,2.2,0,,,,
fall2022,helin,3/8/2022,5,helin5,8,8,2C,,,,0,0,,,,,,
fall2022,helin,3/8/2022,6,helin6,new,19,3B,,,,1,4,0.5,0,,,,
fall2022,helin,3/8/2022,6,helin6,new,20,2D,,,,1,7,0.6,0,,,,
fall2022,helin,3/8/2022,6,helin6,8,8,2C,,,,1,13,0.9,0,,,,
fall2022,helin,3/8/2022,6,helin6,new,15,2D,,,,1,14,0.9,0,,,,
fall2022,helin,3/8/2022,6,helin6,new,17,2D,,,,1,5,0.9,0,,,,
fall2022,helin,3/8/2022,6,helin6,new,16,2D,,,,1,4,1,0,,,,
fall2022,helin,3/8/2022,6,helin6,5,5,3B,,,,1,16,1.1,0,,,,
fall2022,helin,3/8/2022,6,helin6,new,18,3A,,2.2,1.5,2,35,1.1,0,,,,
fall2022,helin,3/8/2022,6,helin6,1,1,G,291,3.7,2.4,2,40,1.2,2,6,,,
fall2022,helin,3/8/2022,6,helin6,9,9,2C,,,,1,7,1.2,0,,,,
fall2022,helin,3/8/2022,6,helin6,4,4,G,,3.7,2.8,3,44,1.5,5,7,,,
fall2022,helin,3/8/2022,6,helin6,3,3,P,292,2.5,2,2,21,1.5,0,,,,
fall2022,helin,3/8/2022,6,helin6,2,2,P,,,,1,22,1.7,3,7,,,
fall2022,helin,3/8/2022,6,helin6,7,7,3C,,,,1,38,2,0,,,,
fall2022,helin,3/8/2022,6,helin6,14,14,3E,,,,1,5,2.3,0,,,,
fall2022,helin,3/8/2022,7,helin7,9,9,3C,,,,1,5,0.3,0,,,,
fall2022,helin,3/8/2022,7,helin7,new,26,2E,,1.3,1.2,2,21,0.5,0,,,,
fall2022,helin,3/8/2022,7,helin7,11,11,3C,,,,1,2,0.6,1,3,1,,
fall2022,helin,3/8/2022,7,helin7,14,14,2D,,,,1,16,0.7,0,,,,
fall2022,helin,3/8/2022,7,helin7,19,19,5D,,,,1,9,0.7,0,,,,
fall2022,helin,3/8/2022,7,helin7,22,22,5E,,,,1,8,0.7,0,,,,
fall2022,helin,3/8/2022,7,helin7,21,21,4E,,,,1,9,0.8,0,,,,
fall2022,helin,3/8/2022,7,helin7,5,5,3B,,,,1,8,0.9,1,1.7,3,,
fall2022,helin,3/8/2022,7,helin7,new,25,2E,,2,1.4,2,13,1,1,1.9,0,,
fall2022,helin,3/8/2022,7,helin7,15,15,3D,,,,1,16,1.1,0,,,,
fall2022,helin,3/8/2022,7,helin7,20,20,4E,,,,1,8,1.2,4,3.3,0,,
fall2022,helin,3/8/2022,7,helin7,new,27,2E,,,,1,8,1.2,3,3.1,0,,
fall2022,helin,3/8/2022,7,helin7,1,1,G,293,3.7,2.4,2,40,1.2,2,6,,,
fall2022,helin,3/8/2022,7,helin7,8,8,3C,,2,1.8,2,11,1.3,2,2.4,2,,
fall2022,helin,3/8/2022,7,helin7,16,16,2D,,3.8,1.2,4,25,1.3,1,4.5,0,,
fall2022,helin,3/8/2022,7,helin7,23,23,5E,,2.5,3.2,4,40,1.3,1,2.1,0,,
fall2022,helin,3/8/2022,7,helin7,10,10,3C,,2.1,1.8,3,15,1.3,0,,,,
fall2022,helin,3/8/2022,7,helin7,6,6,3B,,2.4,1.2,2,12,1.4,1,3.5,0,,
fall2022,helin,3/8/2022,7,helin7,new,24,1E,,,,1,12,1.4,0,,,,
fall2022,helin,3/8/2022,7,helin7,4,4,G,,3.7,2.8,3,44,1.5,5,7,,,
fall2022,helin,3/8/2022,7,helin7,3,3,P,204,2.5,2,2,21,1.5,0,,,,
fall2022,helin,3/8/2022,7,helin7,2,2,3B,,,,1,9,1.5,0,,,,
fall2022,helin,3/8/2022,7,helin7,4,4,4B,,4.2,2,4,30,1.6,7,4.5,0,,
fall2022,helin,3/8/2022,7,helin7,3,3,3B,,,,1,5,1.6,1,4,0,,
fall2022,helin,3/8/2022,7,helin7,2,2,P,,,,1,22,1.7,3,7,,,
fall2022,helin,3/8/2022,7,helin7,17,17,4D,,,,1,10,1.7,0,,,,
fall2022,helin,3/8/2022,7,helin7,1,1,3A,,,,1,21,2,0,,,,
fall2022,helin,3/8/2022,7,helin7,7,,,,,,,,,,,,,
fall2022,helin,3/8/2022,8,helin8,3,3,P,,,,1,37,0.8,1,5.2,,,
fall2022,helin,3/8/2022,8,helin8,3,3,2D,,,,1,13,0.9,0,3.2,,,
fall2022,helin,3/8/2022,8,helin8,2,2,2C,,3,2.2,3,34,1,0,43,,,
fall2022,helin,3/8/2022,8,helin8,2,2,P,,,,1,9,1.4,1,7.7,,,
fall2022,helin,3/8/2022,8,helin8,4,4,G,296,4,3,4,45,2,10,7,,,
fall2022,helin,3/8/2022,8,helin8,1,1,G,295,4,6,3,75,2.3,5,13,,,
fall2022,helin,3/8/2022,8,helin8,1,1,2C,,5,4,7,100,3,5,12.5,,,
fall2022,helin,3/8/2022,9,helin9,4,4,G,,,,1,8,1.3,1,10,,,
fall2022,helin,3/8/2022,9,helin9,5,5,Gr,298,7,4,11,140,1.9,36,9.5,,,
fall2022,helin,3/8/2022,9,helin9,1,1,P,,6,4.5,3,63,2.5,5,7,,,
fall2022,helin,3/8/2022,9,helin9,3,3,P,297,4,4.5,2,22,3.7,8,20,,,
fall2022,helin,3/8/2022,9,helin9,2,,,,,,,,,,,,,
fall2022,hjelle,4/8/2022,3,hjelle3,15,15,4B,,,,1,12,0.9,1,11,3,1.8,
fall2022,hjelle,4/8/2022,5,hjelle5,23,23,2C,,4.5,5,3,30,1.5,2,9.5,4,1.8,
fall2022,hjelle,4/8/2022,3,hjelle3,11,11,4B,,5.5,6,3,60,2.9,12,22,45,3.8,
fall2022,hjelle,4/8/2022,9,hjelle9,2,2,5B,,4,2.5,3,34,2.6,3,14,9,3.8,
fall2022,hjelle,4/8/2022,10,hjelle10,11,11,2E,,7.5,6.7,6,64,4.1,15,25,52,3.3,
fall2022,hjelle,4/8/2022,9,hjelle9,new,41,3B,,4.5,3.8,2,36,1.8,4,16,28,3.2,
fall2022,hjelle,4/8/2022,9,hjelle9,31,31,3D,,4,4,2,38,2.1,2,23,17,3.2,
fall2022,hjelle,4/8/2022,10,hjelle10,9,9,4D,,5.2,5.3,3,26,3,5,31,44,3,
fall2022,hjelle,4/8/2022,3,hjelle3,3,3,4A,,,,1,20,0.9,1,10,10,3,
fall2022,hjelle,4/8/2022,3,hjelle3,6,6,5A,,4.8,4.6,3,39,1.9,2,18.5,16,3,
fall2022,hjelle,4/8/2022,3,hjelle3,10,10,5B,,5,5.3,2,43,2.8,10,15,30,3,
fall2022,hjelle,4/8/2022,7,hjelle7,25,25,5C,,8,4,3,65,2.8,6,15,2,3,
fall2022,hjelle,4/8/2022,9,hjelle9,30,30,3D,,5,3,4,49,2,4,26.5,30,3,
fall2022,hjelle,4/8/2022,10,hjelle10,3,3,4C,,6.4,6.4,4,50,3,6,19,39,2.9,
fall2022,hjelle,4/8/2022,5,hjelle5,30,30,1D,,4,3.9,4,41,1.7,6,23,12,2.8,
fall2022,hjelle,4/8/2022,9,hjelle9,24,24,5C,,4,3,3,34,2.1,1,5.5,13,2.8,
fall2022,hjelle,4/8/2022,2,hjelle2,6,6,2D,,,,3,25,3.6,3,12,12,2.7,
fall2022,hjelle,4/8/2022,2,hjelle2,4,4,2C,,,,6,100,4.4,8,22,44,2.6,
fall2022,hjelle,4/8/2022,5,hjelle5,29,29,2C,,,,1,12,2.5,1,15.8,9,2.6,
fall2022,hjelle,4/8/2022,7,hjelle7,14,14,4E,,12.5,9.5,6,120,4.7,8,17,34,2.6,
fall2022,hjelle,4/8/2022,9,hjelle9,34,34,2D,,6.5,4,2,41,2.9,2,19,10,2.6,
fall2022,hjelle,4/8/2022,2,hjelle2,9,9,5E,,,,5,54,3.2,4,19,27,2.5,
fall2022,hjelle,4/8/2022,4,hjelle4,22,22,5D,,,,1,12,2.6,1,20,5,2.5,
fall2022,hjelle,4/8/2022,5,hjelle5,10,10,4C,,8,4,5,30,2.5,9,18,55,2.5,
fall2022,hjelle,4/8/2022,5,hjelle5,12,12,4C,,5,4,2,26,2.5,2,19.5,20,2.5,
fall2022,hjelle,4/8/2022,6,hjelle6,4,4,4C,,3.8,3.2,4,29,1.7,4,19,17,2.5,
fall2022,hjelle,4/8/2022,9,hjelle9,23,23,5C,,,,1,16,1.8,2,17,11,2.5,
fall2022,hjelle,4/8/2022,9,hjelle9,25,25,5C,,5,4.5,4,42,2.1,3,18,21,2.5,
fall2022,hjelle,4/8/2022,9,hjelle9,7,7,1C,,4.8,4,2,44,2.4,1,13,5,2.5,
fall2022,hjelle,4/8/2022,3,hjelle3,1,1,3A,,2.8,2.3,2,27,1.2,3,13,12,2.4,
fall2022,hjelle,4/8/2022,3,hjelle3,12,12,4B,,3.5,2.9,2,21,1.5,1,17.5,8,2.4,
fall2022,hjelle,4/8/2022,3,hjelle3,13,13,4B,,,,1,16,1.6,1,18.5,7,2.4,
fall2022,hjelle,4/8/2022,5,hjelle5,28,28,2C,,,,1,12,1.5,1,11.5,2,2.4,
fall2022,hjelle,4/8/2022,9,hjelle9,1,1,5A,,,,1,28,1.2,3,15,4,2.4,
fall2022,hjelle,4/8/2022,10,hjelle10,5,5,2C,,4.1,2.3,4,18,1.7,1,15,8,2.3,
fall2022,hjelle,4/8/2022,2,hjelle2,7,7,3D,,,,3,24,2.8,4,16,18,2.3,
fall2022,hjelle,4/8/2022,3,hjelle3,31,31,3C,,,,1,16,1.4,1,17,8,2.3,
fall2022,hjelle,4/8/2022,3,hjelle3,38,38,4D,,,,1,14,1.8,1,11.5,4,2.3,
fall2022,hjelle,4/8/2022,6,hjelle6,1,1,5B,,,,1,9,1.8,1,24,12,2.3,
fall2022,hjelle,4/8/2022,9,hjelle9,21,21,4C,,5.5,3,3,33,2.4,1,13,3,2.3,
fall2022,hjelle,4/8/2022,7,hjelle7,4,4,1C,,9,7,2,46,4.9,4,13,12,2.2,
fall2022,hjelle,4/8/2022,5,hjelle5,4,4,2B,,4,3.5,3,26,1.7,3,13,12,2,
fall2022,hjelle,4/8/2022,5,hjelle5,9,9,4B,,3,2,2,27,1.8,1,10.5,3,2,
fall2022,hjelle,4/8/2022,9,hjelle9,3,3,5B,,4.1,3.5,2,44,2.7,1,18,7,1.9,
fall2022,hjelle,4/8/2022,10,hjelle10,8,8,4D,,5.5,5,2,29,4,5,15,18,1.7,
fall2022,hjelle,4/8/2022,4,hjelle4,5,5,5B,,,,1,21,1.8,1,15.5,3,1.6,
fall2022,hjelle,4/8/2022,5,hjelle5,27,27,2C,,3.7,3,2,25,1.7,3,21.5,13,1.6,
fall2022,hjelle,4/8/2022,4,hjelle4,1,1,1A,,4,2,2,24,2.2,1,13,3,1.5,
fall2022,hjelle,4/8/2022,4,hjelle4,4,4,5B,,,,1,20,2.6,3,12,12,1.5,
fall2022,hjelle,4/8/2022,5,hjelle5,19,19,3C,,,,1,15,1.6,1,13.5,4,1.5,
fall2022,hjelle,4/8/2022,7,hjelle7,7,7,2C,,4.5,4,2,20,2.3,1,10,3,1.5,
fall2022,hjelle,4/8/2022,9,hjelle9,12,12,4C,,2,1.4,2,17,0.4,1,7.5,3,1.5,
fall2022,hjelle,4/8/2022,9,hjelle9,10,10,3C,,,,1,9,1.8,1,13,3,1.5,
fall2022,hjelle,4/8/2022,3,hjelle3,39,39,4D,,,,2,34,1.7,3,5,3,1.3,
fall2022,hjelle,4/8/2022,2,hjelle2,5,5,3D,,,,1,15,3.2,1,10.5,3,1,
fall2022,hjelle,4/8/2022,5,hjelle5,33,33,1E,,4.5,3.5,2,30,2,2,7.5,7,1,
fall2022,hjelle,4/8/2022,5,hjelle5,31,31,2D,,,,1,18,0.8,1,7,1,0.8,
fall2022,hjelle,4/8/2022,1,hjelle1,1,1,3C,,7,4.5,3,19,3.4,2,13,5,0.7,
fall2022,hjelle,4/8/2022,7,hjelle7,13,13,3E,,5.5,6.5,3,45,3.2,1,6.5,3,0.4,
fall2022,hjelle,4/8/2022,4,hjelle4,2,2,1A,,4,2.5,3,32,1.9,2,2,8.5,0,
fall2022,hjelle,4/8/2022,5,hjelle5,14,14,4C,,,,1,12,1.5,1,9,2,0,
fall2022,hjelle,4/8/2022,5,hjelle5,1,1,1B,,4,3.5,2,23,2.2,2,14.5,3,0,
fall2022,hjelle,4/8/2022,1,hjelle1,new,6,3C,,,,1,4,0.5,,,,,
fall2022,hjelle,4/8/2022,1,hjelle1,new,5,3C,,,,1,3,0.6,1,,,,
fall2022,hjelle,4/8/2022,1,hjelle1,1,1,G,241,3.1,1.6,2,26,1,3,22,,,
fall2022,hjelle,4/8/2022,1,hjelle1,new,7,2B,,,,1,9,1.5,1,13.5,0,,
fall2022,hjelle,4/8/2022,1,hjelle1,2,2,P,,2.5,1.8,2,14,2,1,20,,,
fall2022,hjelle,4/8/2022,1,hjelle1,4,4,P,242,,,1,17,2.5,1,16,,,
fall2022,hjelle,4/8/2022,1,hjelle1,3,3,3C,,,,1,6,2.6,0,,,,
fall2022,hjelle,4/8/2022,1,hjelle1,,5,P,,,,1,39,2.8,1,37,,,
fall2022,hjelle,4/8/2022,1,hjelle1,3,3,G,,,,1,0,,1,21,,,
fall2022,hjelle,4/8/2022,1,hjelle1,2,,,,,,,,,,,,,
fall2022,hjelle,4/8/2022,1,hjelle1,4,,,,,,,,,,,,,
fall2022,hjelle,4/8/2022,10,hjelle10,12,12,3E,,,,1,8,1.1,0,,,,
fall2022,hjelle,4/8/2022,10,hjelle10,new,14,2E,,,,1,2,1.4,0,,,,
fall2022,hjelle,4/8/2022,10,hjelle10,10,10,2E,,3.9,3.4,3,32,1.5,0,,,,
fall2022,hjelle,4/8/2022,10,hjelle10,6,6,1D,,,,1,9,1.6,0,,,,
fall2022,hjelle,4/8/2022,10,hjelle10,1,1,5B,,,,1,16,1.8,0,,,,
fall2022,hjelle,4/8/2022,10,hjelle10,2,2,4C,,,,1,24,2.1,1,5.3,0,,
fall2022,hjelle,4/8/2022,10,hjelle10,1,1,G,259,6,5,3,29,2.5,6,22,,,
fall2022,hjelle,4/8/2022,10,hjelle10,new,5,G,260,7.5,6.2,3,46,2.6,0,,,,
fall2022,hjelle,4/8/2022,10,hjelle10,7,7,2D,,5.7,4.4,3,28,2.7,0,,,,
fall2022,hjelle,4/8/2022,10,hjelle10,2,2,P,,,,1,17,3.2,0,,,,
fall2022,hjelle,4/8/2022,10,hjelle10,4,4,P,,9,8,2,55,4.1,6,21.5,,,
fall2022,hjelle,4/8/2022,10,hjelle10,3,,,,,,,,,,,,,
fall2022,hjelle,4/8/2022,10,hjelle10,4,,,,,,,,,,,,,
fall2022,hjelle,4/8/2022,10,hjelle10,13,,,,,,,,,,,,,
fall2022,hjelle,4/8/2022,2,hjelle2,1,1,2A,,,,1,11,2.3,0,,,,
fall2022,hjelle,4/8/2022,2,hjelle2,1,1,G,,,,1,22,2.4,2,11.5,,,
fall2022,hjelle,4/8/2022,2,hjelle2,3,3,G,,5.5,6.5,4,47,2.6,6,11.5,,,
fall2022,hjelle,4/8/2022,2,hjelle2,2,2,5A,,,,1,11,2.9,0,,,,
fall2022,hjelle,4/8/2022,2,hjelle2,2,2,P,243,5.5,5,2,36,3,3,13.5,,,
fall2022,hjelle,4/8/2022,2,hjelle2,8,8,5D,,,,2,21,3.3,0,,,,
fall2022,hjelle,4/8/2022,2,hjelle2,4,4,P,244,6.2,5.4,3,44,3.5,5,17,,,
fall2022,hjelle,4/8/2022,2,hjelle2,10,,,,,,,,,,,,,
fall2022,hjelle,4/8/2022,3,hjelle3,40,40,1D,,,,1,6,0.2,0,,,,
fall2022,hjelle,4/8/2022,3,hjelle3,37,37,5C,,,,1,5,0.3,0,,,,
fall2022,hjelle,4/8/2022,3,hjelle3,new,51,1D,,,,1,4,0.3,0,,,,
fall2022,hjelle,4/8/2022,3,hjelle3,22,22,1C,,,,1,5,0.4,0,,,,
fall2022,hjelle,4/8/2022,3,hjelle3,25,25,2C,,,,1,6,0.4,0,,,,
fall2022,hjelle,4/8/2022,3,hjelle3,new,52,1D,,,,1,5,0.4,0,,,,
fall2022,hjelle,4/8/2022,3,hjelle3,26,26,2C,,,,1,12,0.5,0,,,,
fall2022,hjelle,4/8/2022,3,hjelle3,17,17,2B,,,,1,9,0.6,0,,,,
fall2022,hjelle,4/8/2022,3,hjelle3,18,18,2B,,,,1,9,0.6,0,,,,
fall2022,hjelle,4/8/2022,3,hjelle3,23,23,1C,,,,1,6,0.6,0,,,,
fall2022,hjelle,4/8/2022,3,hjelle3,27,27,2C,,,,1,6,0.6,0,,,,
fall2022,hjelle,4/8/2022,3,hjelle3,new,47,1C,,,,1,3,0.6,0,,,,
fall2022,hjelle,4/8/2022,3,hjelle3,new,50,3C,,,,1,7,0.6,0,,,,
fall2022,hjelle,4/8/2022,3,hjelle3,21,21,1C,,,,1,7,0.7,0,,,,
fall2022,hjelle,4/8/2022,3,hjelle3,24,24,1C,,,,1,12,0.7,0,,,,
fall2022,hjelle,4/8/2022,3,hjelle3,30,30,3C,,,,1,12,0.7,0,,,,
fall2022,hjelle,4/8/2022,3,hjelle3,35,35,5C,,,,1,5,0.7,0,,,,
fall2022,hjelle,4/8/2022,3,hjelle3,new,48,2C,,,,1,6,0.7,0,,,,
fall2022,hjelle,4/8/2022,3,hjelle3,new,49,2C,,,,1,6,0.7,0,,,,
fall2022,hjelle,4/8/2022,3,hjelle3,4,4,4A,,,,1,9,0.9,0,,,,
fall2022,hjelle,4/8/2022,3,hjelle3,36,36,5C,,,,1,6,0.9,0,,,,
fall2022,hjelle,4/8/2022,3,hjelle3,14,14,4B,,,,1,8,1.2,1,3.5,0,,
fall2022,hjelle,4/8/2022,3,hjelle3,28,28,2C,,,,1,8,1.2,0,,,,
fall2022,hjelle,4/8/2022,3,hjelle3,34,34,4C,,,,1,17,1.2,0,,,,
fall2022,hjelle,4/8/2022,3,hjelle3,32,32,3C,,,,2,29,1.3,1,7.5,0,,
fall2022,hjelle,4/8/2022,3,hjelle3,33,33,3D,,,,2,28,1.3,1,5,0,,
fall2022,hjelle,4/8/2022,3,hjelle3,new,46,2B,,,,1,11,1.4,0,,,,
fall2022,hjelle,4/8/2022,3,hjelle3,9,9,5B,,,,1,16,1.6,1,3.1,0,,
fall2022,hjelle,4/8/2022,3,hjelle3,7,7,5B,,,,1,6,1.7,0,,,,
fall2022,hjelle,4/8/2022,3,hjelle3,19,19,1C,,,,1,18,1.9,0,,,,
fall2022,hjelle,4/8/2022,3,hjelle3,5,5,5A,,,,1,24,2.1,0,,,,
fall2022,hjelle,4/8/2022,3,hjelle3,8,8,5B,,,,1,4,2.3,0,,,,
fall2022,hjelle,4/8/2022,3,hjelle3,1,1,P,,6,7,4,75,2.6,8,20.5,,,
fall2022,hjelle,4/8/2022,3,hjelle3,42,42,5B,,,,1,20,2.7,1,12,0,,
fall2022,hjelle,4/8/2022,3,hjelle3,3,3,G,246,,,1,10,2.7,0,,,,
fall2022,hjelle,4/8/2022,3,hjelle3,2,2,G,245,8.5,6.5,4,70,3.4,7,34.5,,,
fall2022,hjelle,4/8/2022,3,hjelle3,41,41,1E,,,,2,36,3.4,0,,,,
fall2022,hjelle,4/8/2022,3,hjelle3,4,4,P,,,,1,27,3.6,2,6,,,
fall2022,hjelle,4/8/2022,3,hjelle3,2,2,4A,,,,1,8,3.6,0,,,,
fall2022,hjelle,4/8/2022,3,hjelle3,16,16,,,,,,,,,,,,
fall2022,hjelle,4/8/2022,3,hjelle3,20,20,,,,,,,,,,,,
fall2022,hjelle,4/8/2022,3,hjelle3,29,29,,,,,,,,,,,,
fall2022,hjelle,4/8/2022,3,hjelle3,43,43,,,,,,,,,,,,
fall2022,hjelle,4/8/2022,3,hjelle3,44,44,,,,,,,,,,,,
fall2022,hjelle,4/8/2022,3,hjelle3,45,45,,,,,,,,,,,,
fall2022,hjelle,4/8/2022,4,hjelle4,24,24,4E,,,,1,11,0.7,0,,,,
fall2022,hjelle,4/8/2022,4,hjelle4,15,15,1E,,,,1,3,0.8,0,,,,
fall2022,hjelle,4/8/2022,4,hjelle4,6,6,5C,,,,1,10,0.9,0,,,,
fall2022,hjelle,4/8/2022,4,hjelle4,14,14,1E,,,,1,5,1.2,0,,,,
fall2022,hjelle,4/8/2022,4,hjelle4,new,32,3D,,,,1,5,1.3,0,,,,
fall2022,hjelle,4/8/2022,4,hjelle4,27,27,4E,,,,1,7,1.4,0,,,,
fall2022,hjelle,4/8/2022,4,hjelle4,new,29,2A,,,,1,4,1.4,0,,,,
fall2022,hjelle,4/8/2022,4,hjelle4,new,31,1E,,,,1,3,1.4,0,,,,
fall2022,hjelle,4/8/2022,4,hjelle4,28,28,5D,,,,1,8,1.5,0,,,,
fall2022,hjelle,4/8/2022,4,hjelle4,3,3,2A,,,,1,7,1.8,0,,,,
fall2022,hjelle,4/8/2022,4,hjelle4,7,7,5C,,,,1,12,1.8,0,,,,
fall2022,hjelle,4/8/2022,4,hjelle4,18,18,1E,,5,4,2,20,1.8,0,,,,
fall2022,hjelle,4/8/2022,4,hjelle4,25,25,5E,,,,1,10,1.8,0,,,,
fall2022,hjelle,4/8/2022,4,hjelle4,13,13,1E,,,,1,16,1.9,0,,,,
fall2022,hjelle,4/8/2022,4,hjelle4,21,21,3D,,,,1,8,1.9,0,,,,
fall2022,hjelle,4/8/2022,4,hjelle4,3,3,G,248,4.8,3.5,3,28,2,6,21.5,,,
fall2022,hjelle,4/8/2022,4,hjelle4,11,11,2C,,,,1,22,2,1,9,0,,
fall2022,hjelle,4/8/2022,4,hjelle4,17,17,1E,,,,1,16,2.2,0,,,,
fall2022,hjelle,4/8/2022,4,hjelle4,23,23,5E,,,,1,12,2.3,0,,,,
fall2022,hjelle,4/8/2022,4,hjelle4,new,30,3C,,,,1,8,2.3,0,,,,
fall2022,hjelle,4/8/2022,4,hjelle4,10,10,3C,,,,1,10,2.4,1,12,2,,
fall2022,hjelle,4/8/2022,4,hjelle4,20,20,3D,,,,1,10,2.4,0,,,,
fall2022,hjelle,4/8/2022,4,hjelle4,26,26,5E,,,,1,21,2.5,0,,,,
fall2022,hjelle,4/8/2022,4,hjelle4,12,12,1E,,,,1,16,2.6,0,,,,
fall2022,hjelle,4/8/2022,4,hjelle4,9,9,3C,,5.5,6.5,2,18,3.2,0,,,,
fall2022,hjelle,4/8/2022,4,hjelle4,4,4,P,,6.5,6.4,3,42,3.4,8,16,,,
fall2022,hjelle,4/8/2022,4,hjelle4,2,2,P,247,10.5,9.5,8,90,3.4,3,15,,,
fall2022,hjelle,4/8/2022,4,hjelle4,1,1,G,,5,3.5,2,28,3.4,1,11.5,,,
fall2022,hjelle,4/8/2022,4,hjelle4,8,8,3C,,,,1,15,3.6,1,10,0,,
fall2022,hjelle,4/8/2022,4,hjelle4,16,,,,,,,,,,,,,
fall2022,hjelle,4/8/2022,4,hjelle4,19,,,,,,,,,,,,,
fall2022,hjelle,4/8/2022,5,hjelle5,16,16,3C,,,,1,11,0.4,0,,,,
fall2022,hjelle,4/8/2022,5,hjelle5,new,38,4B,,,,1,4,0.7,0,,,,
fall2022,hjelle,4/8/2022,5,hjelle5,11,11,4B,,,,1,8,1,0,,,,
fall2022,hjelle,4/8/2022,5,hjelle5,32,32,4D,,,,1,16,1,0,,,,
fall2022,hjelle,4/8/2022,5,hjelle5,15,15,4C,,,,1,14,1.1,1,5,0,,
fall2022,hjelle,4/8/2022,5,hjelle5,18,18,3C,,,,1,7,1.1,0,,,,
fall2022,hjelle,4/8/2022,5,hjelle5,21,21,2C,,,,1,5,1.2,0,,,,
fall2022,hjelle,4/8/2022,5,hjelle5,new,36,5A,,,,1,3,1.2,0,,,,
fall2022,hjelle,4/8/2022,5,hjelle5,34,34,4B,,,,1,14,1.2,0,,,,
fall2022,hjelle,4/8/2022,5,hjelle5,2,2,2B,,,,1,12,1.3,0,,,,
fall2022,hjelle,4/8/2022,5,hjelle5,8,8,3B,,,,1,10,1.3,0,,,,
fall2022,hjelle,4/8/2022,5,hjelle5,26,26,2C,,,,1,5,1.3,0,,,,
fall2022,hjelle,4/8/2022,5,hjelle5,new,40,5D,,,,1,3,1.3,0,,,,
fall2022,hjelle,4/8/2022,5,hjelle5,25,25,2C,,,,1,13,1.4,1,13.5,0,,
fall2022,hjelle,4/8/2022,5,hjelle5,3,3,Gr,,,,1,14,1.4,0,,,,
fall2022,hjelle,4/8/2022,5,hjelle5,7,7,3B,,,,1,22,1.5,1,1.8,0,,
fall2022,hjelle,4/8/2022,5,hjelle5,1,1,G,250,5,2.5,2,19,1.5,0,,,,
fall2022,hjelle,4/8/2022,5,hjelle5,3,3,2B,,,,1,18,1.5,0,,,,
fall2022,hjelle,4/8/2022,5,hjelle5,13,13,4C,,,,1,21,1.5,0,,,,
fall2022,hjelle,4/8/2022,5,hjelle5,new,39,4B,,,,1,9,1.5,0,,,,
fall2022,hjelle,4/8/2022,5,hjelle5,6,6,3B,,,,1,12,1.6,0,,,,
fall2022,hjelle,4/8/2022,5,hjelle5,new,35,4A,,,,1,7,1.6,0,,,,
fall2022,hjelle,4/8/2022,5,hjelle5,5,5,3B,,,,1,7,1.7,0,,,,
fall2022,hjelle,4/8/2022,5,hjelle5,20,20,3C,,,,1,11,1.8,0,,,,
fall2022,hjelle,4/8/2022,5,hjelle5,24,24,2C,,3.3,3,2,15,2,0,,,,
fall2022,hjelle,4/8/2022,5,hjelle5,22,22,2C,,,,1,12,2.3,1,5.5,0,,
fall2022,hjelle,4/8/2022,5,hjelle5,new,37,3B,,,,1,6,2.3,0,,,,
fall2022,hjelle,4/8/2022,5,hjelle5,2,2,P,249,11.5,9,12,70,3,9,30,,,
fall2022,hjelle,4/8/2022,5,hjelle5,4,4,P,,,,1,17,3.2,3,17,,,
fall2022,hjelle,4/8/2022,5,hjelle5,17,17,3C,,,,1,12,4.3,0,,,,
fall2022,hjelle,4/8/2022,6,hjelle6,new,23,5B,,,,1,4,0.7,0,,,,
fall2022,hjelle,4/8/2022,6,hjelle6,new,21,4A,,,,1,3,0.9,0,,,,
fall2022,hjelle,4/8/2022,6,hjelle6,10,10,2C,,,,1,7,1,0,,,,
fall2022,hjelle,4/8/2022,6,hjelle6,15,15,2D,,2.2,1.3,2,14,1.1,0,,,,
fall2022,hjelle,4/8/2022,6,hjelle6,new,22,5B,,,,1,8,1.1,0,,,,
fall2022,hjelle,4/8/2022,6,hjelle6,new,24,4B,,,,1,5,1.1,0,,,,
fall2022,hjelle,4/8/2022,6,hjelle6,14,14,2D,,,,1,6,1.2,2,6.5,0,,
fall2022,hjelle,4/8/2022,6,hjelle6,16,16,3D,,,,1,7,1.3,0,,,,
fall2022,hjelle,4/8/2022,6,hjelle6,19,19,3E,,,,1,20,1.3,0,,,,
fall2022,hjelle,4/8/2022,6,hjelle6,11,11,1C,,,,1,7,1.4,0,,,,
fall2022,hjelle,4/8/2022,6,hjelle6,12,12,2C,,,,1,5,1.6,0,,,,
fall2022,hjelle,4/8/2022,6,hjelle6,new,25,5C,,,,1,6,1.6,0,,,,
fall2022,hjelle,4/8/2022,6,hjelle6,8,8,5D,,,,1,11,1.7,0,,,,
fall2022,hjelle,4/8/2022,6,hjelle6,9,9,5D,,4.3,2.4,3,24,1.7,0,,,,
fall2022,hjelle,4/8/2022,6,hjelle6,3,3,P,,,,1,14,1.8,0,,,,
fall2022,hjelle,4/8/2022,6,hjelle6,20,20,4E,,,,1,13,1.8,0,,,,
fall2022,hjelle,4/8/2022,6,hjelle6,new,27,3C,,,,1,5,2,0,,,,
fall2022,hjelle,4/8/2022,6,hjelle6,18,18,1E,,6.3,5.1,6,44,2.1,3,9.2,0,,
fall2022,hjelle,4/8/2022,6,hjelle6,17,17,4D,,,,1,20,2.1,1,3.5,0,,
fall2022,hjelle,4/8/2022,6,hjelle6,5,5,4C,,4.2,4.5,3,32,2.1,0,,,,
fall2022,hjelle,4/8/2022,6,hjelle6,3,3,4C,,,,1,11,2.2,0,,,,
fall2022,hjelle,4/8/2022,6,hjelle6,2,2,3C,,,,1,13,2.3,0,,,,
fall2022,hjelle,4/8/2022,6,hjelle6,2,2,G,,4,3.5,2,31,2.5,0,,,,
fall2022,hjelle,4/8/2022,6,hjelle6,6,6,5C,,,,1,16,2.6,1,10,0,,
fall2022,hjelle,4/8/2022,6,hjelle6,1,1,P,251,12.5,9.5,11,73,2.8,1,5.5,,,
fall2022,hjelle,4/8/2022,6,hjelle6,13,13,3D,,,,1,10,3.4,1,2.3,0,,
fall2022,hjelle,4/8/2022,6,hjelle6,4,4,G,252,9,9.5,4,41,3.5,7,14.5,,,
fall2022,hjelle,4/8/2022,6,hjelle6,new,26,4C,,,,1,15,4.4,0,,,,
fall2022,hjelle,4/8/2022,6,hjelle6,7,,,,,,,,,,,,,
fall2022,hjelle,4/8/2022,7,hjelle7,18,18,5D,,,,1,5,0.7,0,,,,
fall2022,hjelle,4/8/2022,7,hjelle7,31,31,1E,,,,1,4,0.9,0,,,,
fall2022,hjelle,4/8/2022,7,hjelle7,8,8,2D,,,,1,22,1.1,0,,,,
fall2022,hjelle,4/8/2022,7,hjelle7,15,15,4E,,,,1,18,1.2,0,,,,
fall2022,hjelle,4/8/2022,7,hjelle7,new,47,1C,,,,1,4,1.3,0,,,,
fall2022,hjelle,4/8/2022,7,hjelle7,37,37,5E,,,,1,18,1.4,0,,,,
fall2022,hjelle,4/8/2022,7,hjelle7,new,49,5E,,,,1,5,1.4,0,,,,
fall2022,hjelle,4/8/2022,7,hjelle7,2,2,1D,,,,1,18,1.5,0,,,,
fall2022,hjelle,4/8/2022,7,hjelle7,29,29,4C,,,,1,13,1.5,0,,,,
fall2022,hjelle,4/8/2022,7,hjelle7,16,16,4E,,,,1,27,1.6,0,,,,
fall2022,hjelle,4/8/2022,7,hjelle7,new,48,5E,,,,1,5,1.6,0,,,,
fall2022,hjelle,4/8/2022,7,hjelle7,42,42,4A,,,,1,6,1.7,0,,,,
fall2022,hjelle,4/8/2022,7,hjelle7,new,46,1C,,,,1,8,1.7,0,,,,
fall2022,hjelle,4/8/2022,7,hjelle7,36,36,5E,,,,1,13,1.8,1,8.5,0,,
fall2022,hjelle,4/8/2022,7,hjelle7,41,41,4A,,,,1,4,1.8,0,,,,
fall2022,hjelle,4/8/2022,7,hjelle7,4,4,P,,,,1,10,2,0,,,,
fall2022,hjelle,4/8/2022,7,hjelle7,40,40,5D,,,,2,25,2.1,0,,,,
fall2022,hjelle,4/8/2022,7,hjelle7,43,43,4A,,,,1,4,2.1,0,,,,
fall2022,hjelle,4/8/2022,7,hjelle7,5,5,1C,,,,1,13,2.3,0,,,,
fall2022,hjelle,4/8/2022,7,hjelle7,32,32,2D,,3.5,3,2,16,2.3,0,,,,
fall2022,hjelle,4/8/2022,7,hjelle7,39,39,5D,,,,2,26,2.3,0,,,,
fall2022,hjelle,4/8/2022,7,hjelle7,24,24,5C,,4.7,5,4,48,2.4,3,5,0,,
fall2022,hjelle,4/8/2022,7,hjelle7,1,1,G,253,4.6,4.5,4,30,2.6,1,7.5,,,
fall2022,hjelle,4/8/2022,7,hjelle7,6,6,2C,,6,5,2,24,2.6,0,,,,
fall2022,hjelle,4/8/2022,7,hjelle7,19,19,5D,,4.2,4,2,40,2.8,2,6.5,1,,
fall2022,hjelle,4/8/2022,7,hjelle7,26,26,5C,,3.5,2.9,2,24,2.8,0,,,,
fall2022,hjelle,4/8/2022,7,hjelle7,30,30,2C,,,,1,19,3,1,8,0,,
fall2022,hjelle,4/8/2022,7,hjelle7,9,9,3D,,8.5,7,2,42,3.5,1,5.5,0,,
fall2022,hjelle,4/8/2022,7,hjelle7,27,27,4C,,7,5.5,2,38,3.5,1,6,0,,
fall2022,hjelle,4/8/2022,7,hjelle7,33,33,3D,,,,1,7,3.5,0,,,,
fall2022,hjelle,4/8/2022,7,hjelle7,11,11,4E,,,,1,14,3.7,0,,,,
fall2022,hjelle,4/8/2022,7,hjelle7,1,1,1D,,6.5,5,2,32,3.8,2,4,0,,
fall2022,hjelle,4/8/2022,7,hjelle7,3,3,Gr,254,1.8,3.3,3,33,3.8,0,,,,
fall2022,hjelle,4/8/2022,7,hjelle7,17,17,5D,,7.1,7.5,3,40,4,1,11,0,,
fall2022,hjelle,4/8/2022,7,hjelle7,28,28,4C,,,,1,29,4,1,11,0,,
fall2022,hjelle,4/8/2022,7,hjelle7,2,2,P,,2.5,2.4,2,13,4.8,1,0,,,
fall2022,hjelle,4/8/2022,7,hjelle7,10,10,3D,,9.5,7,2,32,5.2,3,13,0,,
fall2022,hjelle,4/8/2022,7,hjelle7,3,,,,,,,,,,,,,
fall2022,hjelle,4/8/2022,7,hjelle7,12,,,,,,,,,,,,,
fall2022,hjelle,4/8/2022,7,hjelle7,20,20,,,,,,,,,,,,
fall2022,hjelle,4/8/2022,7,hjelle7,21,21,,,,,,,,,,,,
fall2022,hjelle,4/8/2022,7,hjelle7,22,22,,,,,,,,,,,,
fall2022,hjelle,4/8/2022,7,hjelle7,23,23,,,,,,,,,,,,
fall2022,hjelle,4/8/2022,7,hjelle7,34,,,,,,,,,,,,,
fall2022,hjelle,4/8/2022,7,hjelle7,35,,,,,,,,,,,,,
fall2022,hjelle,4/8/2022,7,hjelle7,38,38,,,,,,,,,,,,
fall2022,hjelle,4/8/2022,7,hjelle7,44,44,,,,,,,,,,,,
fall2022,hjelle,4/8/2022,7,hjelle7,45,45,,,,,,,,,,,,
fall2022,hjelle,4/8/2022,8,hjelle8,2,2,P,255,3.8,2.6,3,30,1.2,0,,,,
fall2022,hjelle,4/8/2022,8,hjelle8,1,1,G,,4,3.6,2,28,1.6,2,17,,,
fall2022,hjelle,4/8/2022,8,hjelle8,1,1,5E,,4,4,2,21,1.8,0,,,,
fall2022,hjelle,4/8/2022,8,hjelle8,2,2,2E,,5.3,4.6,2,32,2,2,12.5,0,,
fall2022,hjelle,4/8/2022,8,hjelle8,3,3,1E,,5.5,4,5,43,2,2,7,0,,
fall2022,hjelle,4/8/2022,8,hjelle8,4,4,P,256,5.6,5,2,40,2.4,2,15,,,
fall2022,hjelle,4/8/2022,8,hjelle8,3,3,G,,,,1,8,2.7,1,10,,,
fall2022,hjelle,4/8/2022,9,hjelle9,new,46,3C,,,,1,4,0.2,0,,,,
fall2022,hjelle,4/8/2022,9,hjelle9,39,39,4C,,,,1,3,0.4,0,,,,
fall2022,hjelle,4/8/2022,9,hjelle9,new,42,5B,,,,1,5,0.4,0,,,,
fall2022,hjelle,4/8/2022,9,hjelle9,new,44,3C,,,,1,6,0.4,0,,,,
fall2022,hjelle,4/8/2022,9,hjelle9,new,45,3C,,,,1,5,0.4,0,,,,
fall2022,hjelle,4/8/2022,9,hjelle9,17,17,4C,,,,1,13,0.6,0,,,,
fall2022,hjelle,4/8/2022,9,hjelle9,new,40,3A,,,,1,6,0.6,0,,,,
fall2022,hjelle,4/8/2022,9,hjelle9,new,47,4C,,,,1,6,0.6,0,,,,
fall2022,hjelle,4/8/2022,9,hjelle9,6,6,1B,,,,1,5,0.7,0,,,,
fall2022,hjelle,4/8/2022,9,hjelle9,18,18,4C,,,,1,6,0.7,0,,,,
fall2022,hjelle,4/8/2022,9,hjelle9,9,9,3C,,,,1,10,0.9,0,,,,
fall2022,hjelle,4/8/2022,9,hjelle9,11,11,3C,,,,1,16,0.9,0,,,,
fall2022,hjelle,4/8/2022,9,hjelle9,19,19,4C,,,,1,16,0.9,0,,,,
fall2022,hjelle,4/8/2022,9,hjelle9,13,13,4C,,,,1,12,1,0,,,,
fall2022,hjelle,4/8/2022,9,hjelle9,27,27,4D,,,,1,6,1,0,,,,
fall2022,hjelle,4/8/2022,9,hjelle9,26,26,4D,,,,1,11,1.1,0,,,,
fall2022,hjelle,4/8/2022,9,hjelle9,37,37,4E,,,,1,20,1.1,0,,,,
fall2022,hjelle,4/8/2022,9,hjelle9,22,22,5C,,2,1.5,2,18,1.2,0,,,,
fall2022,hjelle,4/8/2022,9,hjelle9,new,43,3C,,,,1,5,1.2,0,,,,
fall2022,hjelle,4/8/2022,9,hjelle9,28,28,4D,,,,1,17,1.4,1,6,0,,
fall2022,hjelle,4/8/2022,9,hjelle9,4,4,5B,,,,1,13,1.4,0,,,,
fall2022,hjelle,4/8/2022,9,hjelle9,8,8,3C,,,,1,10,1.4,0,,,,
fall2022,hjelle,4/8/2022,9,hjelle9,38,38,3C,,,,1,7,1.4,0,,,,
fall2022,hjelle,4/8/2022,9,hjelle9,32,32,3D,,,,1,12,1.6,1,5.5,0,,
fall2022,hjelle,4/8/2022,9,hjelle9,36,36,3E,,4.3,3.2,2,38,1.6,0,,,,
fall2022,hjelle,4/8/2022,9,hjelle9,4,4,G,,,,1,32,1.7,1,5.5,,,
fall2022,hjelle,4/8/2022,9,hjelle9,15,15,4C,,,,1,15,1.7,0,,,,
fall2022,hjelle,4/8/2022,9,hjelle9,16,16,4C,,,,1,17,1.8,0,,,,
fall2022,hjelle,4/8/2022,9,hjelle9,33,33,3D,,,,1,23,1.9,0,,,,
fall2022,hjelle,4/8/2022,9,hjelle9,1,1,G,,,,1,43,2.1,2,17,,,
fall2022,hjelle,4/8/2022,9,hjelle9,29,29,3D,,,,1,15,2.2,0,,,,
fall2022,hjelle,4/8/2022,9,hjelle9,35,35,2D,,4,4.9,2,33,2.5,0,,,,
fall2022,hjelle,4/8/2022,9,hjelle9,3,3,P,258,6.4,6,3,47,3,4,14,,,
fall2022,hjelle,4/8/2022,9,hjelle9,2,2,P,257,6.5,7.5,3,48,3.7,8,19,,,
fall2022,hjelle,4/8/2022,9,hjelle9,5,5,,,,,,,,,,,,
fall2022,hjelle,4/8/2022,9,hjelle9,14,14,,,,,,,,,,,,
fall2022,hjelle,4/8/2022,9,hjelle9,20,20,,,,,,,,,,,,
fall2022,laerdal,5/8/2022,3,laerdal3,1,1,1A,,,,1,32,4.9,3,32,47,5.2,
fall2022,laerdal,5/8/2022,10,laerdal10,22,22,4C,,6,8,3,27,3.4,2,24,24,4.5,
fall2022,laerdal,5/8/2022,10,laerdal10,10,10,4A,,,,1,17,1.5,1,20,16,4.3,
fall2022,laerdal,5/8/2022,6,laerdal6,38,38,4E,,6,3.5,2,38,2.5,2,26,7,4,
fall2022,laerdal,5/8/2022,10,laerdal10,12,12,4A,,,,1,22,1.7,2,22,11,3.9,
fall2022,laerdal,5/8/2022,10,laerdal10,17,17,4B,,4,3.2,3,24,2.3,3,26,34,3.9,
fall2022,laerdal,5/8/2022,6,laerdal6,25,25,3E,,4.7,5,2,27,3.3,1,29.5,17,3.7,
fall2022,laerdal,5/8/2022,10,laerdal10,16,16,4B,,4.2,5.2,3,31,2.2,2,20.5,15,3.6,
fall2022,laerdal,5/8/2022,10,laerdal10,18,18,4B,,7,8,3,40,4.3,1,24,12,3.6,
fall2022,laerdal,5/8/2022,10,laerdal10,25,25,5E,,4.9,4.2,2,21,2.2,1,20,10,3.5,
fall2022,laerdal,5/8/2022,4,laerdal4,9,9,1E,,5,3,2,34,2,2,22,14,3.5,
fall2022,laerdal,5/8/2022,4,laerdal4,1,1,2A,,5.3,5.5,2,43,3.6,2,19,13,3.5,
fall2022,laerdal,5/8/2022,4,laerdal4,2,2,4C,,10,10,4,50,5.4,4,34.5,80,3.5,
fall2022,laerdal,5/8/2022,4,laerdal4,3,3,2A,,8.5,7.5,7,110,6.3,4,22.5,30,3.5,
fall2022,laerdal,5/8/2022,6,laerdal6,27,27,3E,,9,6,7,63,3.7,11,35,67,3.5,
fall2022,laerdal,5/8/2022,9,laerdal9,1,1,1D,,9.5,8,11,120,3.5,19,39,170,3.5,
fall2022,laerdal,5/8/2022,9,laerdal9,new,13,3C,,7.5,4.8,3,42,3.4,4,22.5,22,3.4,
fall2022,laerdal,5/8/2022,4,laerdal4,5,5,2B,,3.5,4.5,2,27,3.7,2,24.5,12,3.2,
fall2022,laerdal,5/8/2022,9,laerdal9,6,6,5C,,6.2,4.7,3,33,3.9,3,33.5,16,3.2,
fall2022,laerdal,5/8/2022,4,laerdal4,7,7,3B,,3.7,4.3,2,24,2.7,2,21,13,3.1,
fall2022,laerdal,5/8/2022,6,laerdal6,18,18,1E,,,,1,20,2.7,1,35,8,3.1,
fall2022,laerdal,5/8/2022,9,laerdal9,8,8,3B,,12.5,6,8,76,4,11,39,52,3.1,
fall2022,laerdal,5/8/2022,9,laerdal9,2,2,2D,,5.7,4.8,4,28,3.5,5,52,64,3,
fall2022,laerdal,5/8/2022,9,laerdal9,new,12,2B,,,,3,30,4.2,3,21,8,3,
fall2022,laerdal,5/8/2022,6,laerdal6,21,21,3E,,6.5,4.3,3,36,2.5,1,36,8,2.9,
fall2022,laerdal,5/8/2022,9,laerdal9,new,14,5D,,3.3,3.6,2,18,1.8,1,20,9,2.9,
fall2022,laerdal,5/8/2022,9,laerdal9,7,7,5B,,3.3,3.8,2,18,2.1,2,26.5,14,2.9,
fall2022,laerdal,5/8/2022,4,laerdal4,4,4,1C,,12.5,11.7,6,100,5.8,15,29.5,97,2.7,
fall2022,laerdal,5/8/2022,3,laerdal3,4,4,3C,,10.5,10.5,2,40,5.7,6,56,81,2.6,
fall2022,laerdal,5/8/2022,4,laerdal4,6,6,3B,,,,1,23,3.2,1,21.5,4,2.6,
fall2022,laerdal,5/8/2022,4,laerdal4,2,2,2A,,3,4,2,30,2.5,2,21,13,2.5,
fall2022,laerdal,5/8/2022,7,laerdal7,5,5,3A,,3.5,3,2,27,1.8,2,21.5,13,2.5,
fall2022,laerdal,5/8/2022,7,laerdal7,13,13,5C,,3.5,3.5,4,34,1.9,3,48,34,2.5,
fall2022,laerdal,5/8/2022,6,laerdal6,24,24,3E,,6,4.5,3,40,3.6,3,17,15,2.3,
fall2022,laerdal,5/8/2022,7,laerdal7,2,2,1A,,,,1,22,1.4,1,28.5,17,2.3,
fall2022,laerdal,5/8/2022,7,laerdal7,7,7,5A,,2.4,3.6,2,16,2,2,23,26,2.3,
fall2022,laerdal,5/8/2022,7,laerdal7,11,11,1C,,3.9,2.7,2,26,2,2,30,33,2.3,
fall2022,laerdal,5/8/2022,4,laerdal4,11,11,2E,,4.8,3.7,3,38,1,1,22,6,2.2,
fall2022,laerdal,5/8/2022,7,laerdal7,14,14,1D,,5.3,5.9,2,26,2.7,2,26,23,2.2,
fall2022,laerdal,5/8/2022,7,laerdal7,15,15,1E,,4.8,3.6,4,37,2.2,2,38,37,2.1,
fall2022,laerdal,5/8/2022,3,laerdal3,5,5,3C,,,,1,26,3.5,2,38,44,2,
fall2022,laerdal,5/8/2022,7,laerdal7,12,12,4C,,3.2,3,3,30,1.5,1,33,16,2,
fall2022,laerdal,5/8/2022,7,laerdal7,1,1,1A,,3.4,3.3,3,23,2,3,16.5,6,2,
fall2022,laerdal,5/8/2022,7,laerdal7,6,6,4A,,4.5,3.7,4,31,2.6,3,37.5,42,2,
fall2022,laerdal,5/8/2022,3,laerdal3,2,2,2A,,,,1,21,3,1,26,2,1.7,
fall2022,laerdal,5/8/2022,3,laerdal3,3,3,3C,,,,1,15,3.2,2,32,22,1.7,
fall2022,laerdal,5/8/2022,7,laerdal7,3,3,1B,,3.4,2.7,3,32,1.8,1,21,11,1.7,
fall2022,laerdal,5/8/2022,9,laerdal9,10,10,5A,,7.7,5,4,37,2.3,7,22,54,1.7,
fall2022,laerdal,5/8/2022,5,laerdal5,13,13,3D,,3,2.9,2,17,1.5,1,18,7,1.6,
fall2022,laerdal,5/8/2022,9,laerdal9,3,3,2D,,7.8,5.5,6,50,2.7,4,21.5,5,1.3,
fall2022,laerdal,5/8/2022,1,laerdal1,1,1,4B,,,,1,36,2.2,3,20,22,1.1,
fall2022,laerdal,5/8/2022,4,laerdal4,14,14,3C,,,,1,17,1.7,1,19.5,19,1.1,
fall2022,laerdal,5/8/2022,8,laerdal8,5,5,3D,,4.2,4.4,4,25,2.3,2,36,14,1.1,
fall2022,laerdal,5/8/2022,5,laerdal5,7,7,5A,,2.7,1.9,2,19,2,1,10,3,0.9,
fall2022,laerdal,5/8/2022,5,laerdal5,8,8,5A,,,,1,12,2.4,1,13.5,5,0.8,
fall2022,laerdal,5/8/2022,6,laerdal6,new,50,3C,,,,1,10,2.9,1,21,3,0.8,
fall2022,laerdal,5/8/2022,8,laerdal8,2,2,2C,,4.6,3.8,2,23,2.3,2,39,10,0.5,
fall2022,laerdal,5/8/2022,8,laerdal8,4,4,2D,,4,4,3,23,2.6,2,41,12,0.5,
fall2022,laerdal,5/8/2022,5,laerdal5,4,4,4A,,2.5,2.9,2,11,1.8,1,9.5,2,0.4,
fall2022,laerdal,5/8/2022,8,laerdal8,3,3,2D,,,,1,10,1.6,1,32,11,0.4,
fall2022,laerdal,5/8/2022,8,laerdal8,6,6,2D,,,,1,17,2.1,1,28,6,0.4,
fall2022,laerdal,5/8/2022,1,laerdal1,new,11,3B,,,,1,7,0.5,0,,,,
fall2022,laerdal,5/8/2022,1,laerdal1,new,12,3B,,,,1,6,0.5,0,,,,
fall2022,laerdal,5/8/2022,1,laerdal1,new,10,4A,,,,1,5,0.7,0,,,,
fall2022,laerdal,5/8/2022,1,laerdal1,new,7,4A,,,,1,13,1,0,,,,
fall2022,laerdal,5/8/2022,1,laerdal1,new,8,4A,,,,1,6,1,0,,,,
fall2022,laerdal,5/8/2022,1,laerdal1,new,16,3B,,,,1,5,1.1,0,,,,
fall2022,laerdal,5/8/2022,1,laerdal1,new,18,4C,,,,1,5,1.1,0,,,,
fall2022,laerdal,5/8/2022,1,laerdal1,new,17,3B,,,,1,7,1.2,0,,,,
fall2022,laerdal,5/8/2022,1,laerdal1,new,20,4D,,2.3,1.7,2,11,1.2,0,,,,
fall2022,laerdal,5/8/2022,1,laerdal1,new,9,4A,,,,1,7,1.7,0,,,,
fall2022,laerdal,5/8/2022,1,laerdal1,new,15,4B,,,,1,21,1.7,0,,,,
fall2022,laerdal,5/8/2022,1,laerdal1,5,5,4C,,,,1,17,1.8,0,,,,
fall2022,laerdal,5/8/2022,1,laerdal1,new,14,4B,,,,1,2,1.8,0,,,,
fall2022,laerdal,5/8/2022,1,laerdal1,4,4,4C,,2.5,3.5,2,8,1.9,4,18,0,,
fall2022,laerdal,5/8/2022,1,laerdal1,2,2,3B,,2.5,2.7,3,23,2,2,14,3,,
fall2022,laerdal,5/8/2022,1,laerdal1,6,6,4C,,5.8,5.1,3,40,2.4,0,,,,
fall2022,laerdal,5/8/2022,1,laerdal1,new,21,4D,,4.7,3.4,3,23,2.5,0,,,,
fall2022,laerdal,5/8/2022,1,laerdal1,new,19,4D,,,,1,12,2.8,0,,,,
fall2022,laerdal,5/8/2022,1,laerdal1,new,13,5B,,,,1,15,2.9,0,,,,
fall2022,laerdal,5/8/2022,10,laerdal10,new,26,2A,,,,1,21,1.8,0,,,,
fall2022,laerdal,5/8/2022,10,laerdal10,24,24,5E,,,,1,22,1.9,1,12,0,,
fall2022,laerdal,5/8/2022,10,laerdal10,11,11,4A,,,,1,21,2.2,0,,,,
fall2022,laerdal,5/8/2022,10,laerdal10,1,1,G,,4.6,4.7,2,24,2.3,0,,,,
fall2022,laerdal,5/8/2022,10,laerdal10,9,9,2B,,5,3.8,2,30,2.4,0,,,,
fall2022,laerdal,5/8/2022,10,laerdal10,13,13,4B,,,,1,17,2.5,0,,,,
fall2022,laerdal,5/8/2022,10,laerdal10,23,23,5E,,4.1,4.4,2,21,2.5,0,,,,
fall2022,laerdal,5/8/2022,10,laerdal10,7,7,1B,,,,1,23,2.6,1,7.5,0,,
fall2022,laerdal,5/8/2022,10,laerdal10,15,15,4B,,,,1,17,2.8,1,10,0,,
fall2022,laerdal,5/8/2022,10,laerdal10,21,21,4C,,,,1,21,2.9,0,,,,
fall2022,laerdal,5/8/2022,10,laerdal10,3,3,Gr,,9,6.7,5,42,3,12,12.5,,,
fall2022,laerdal,5/8/2022,10,laerdal10,8,8,2B,,5.5,6.5,2,41,3,0,,,,
fall2022,laerdal,5/8/2022,10,laerdal10,2,2,P,,6.2,4.6,2,21,3.1,2,17,,,
fall2022,laerdal,5/8/2022,10,laerdal10,20,20,1B,,8,6,3,54,3.2,1,18.5,0,,
fall2022,laerdal,5/8/2022,10,laerdal10,1,1,1A,,,,1,22,3.4,1,8,0,,
fall2022,laerdal,5/8/2022,10,laerdal10,14,14,4B,,,,1,17,3.5,0,,,,
fall2022,laerdal,5/8/2022,10,laerdal10,19,19,1B,,7,4.5,4,43,3.5,0,,,,
fall2022,laerdal,5/8/2022,10,laerdal10,4,4,P,,6.3,4.8,3,25,3.6,5,32,,,
fall2022,laerdal,5/8/2022,10,laerdal10,3,3,1A,,,,1,20,4.2,0,,,,
fall2022,laerdal,5/8/2022,10,laerdal10,new,27,5E,,,,1,6,4.4,0,,,,
fall2022,laerdal,5/8/2022,10,laerdal10,2,2,1A,,8.5,10,6,60,4.7,0,,,,
fall2022,laerdal,5/8/2022,10,laerdal10,4,4,1A,,5,7.5,2,31,4.9,0,,,,
fall2022,laerdal,5/8/2022,2,laerdal2,5,5,G,303,4.2,3.6,2,47,2,5,36,,,
fall2022,laerdal,5/8/2022,2,laerdal2,7,7,G,304,6,6,2,41,2.5,0,,,,
fall2022,laerdal,5/8/2022,2,laerdal2,6,6,P,,10,8.5,5,80,3.5,11,32,,,
fall2022,laerdal,5/8/2022,2,laerdal2,3,3,G,302,10,7,2,42,3.5,1,38,,,
fall2022,laerdal,5/8/2022,2,laerdal2,1,1,G,301,9.8,11.5,2,27,5.5,3,45,,,
fall2022,laerdal,5/8/2022,2,laerdal2,4,4,P,,10,9,2,42,5.5,1,39,,,
fall2022,laerdal,5/8/2022,2,laerdal2,2,2,P,,13,13.5,3,51,7,1,49,,,
fall2022,laerdal,5/8/2022,4,laerdal4,3,3,G,,,,1,8,1,1,6.5,,,
fall2022,laerdal,5/8/2022,4,laerdal4,15,15,3C,,,,1,15,1,0,,,,
fall2022,laerdal,5/8/2022,4,laerdal4,10,10,2E,,,,1,10,1.1,0,,,,
fall2022,laerdal,5/8/2022,4,laerdal4,new,18,2C,,,,1,9,1.2,0,,,,
fall2022,laerdal,5/8/2022,4,laerdal4,4,4,P,308,3.4,1.8,2,22,1.3,1,5.5,,,
fall2022,laerdal,5/8/2022,4,laerdal4,16,16,3C,,,,1,2,1.5,0,,,,
fall2022,laerdal,5/8/2022,4,laerdal4,new,21,2B,,,,1,8,1.5,0,,,,
fall2022,laerdal,5/8/2022,4,laerdal4,new,17,2C,,,,1,5,1.7,0,,,,
fall2022,laerdal,5/8/2022,4,laerdal4,new,19,2B,,,,1,12,1.7,0,,,,
fall2022,laerdal,5/8/2022,4,laerdal4,3,3,4D,,3.1,3.7,2,19,2,1,6,0,,
fall2022,laerdal,5/8/2022,4,laerdal4,new,20,2B,,,,1,15,2.1,0,,,,
fall2022,laerdal,5/8/2022,4,laerdal4,1,1,P,307,,,1,13,2.5,0,,,,
fall2022,laerdal,5/8/2022,4,laerdal4,2,2,P,,6.5,6,2,35,2.8,2,16,,,
fall2022,laerdal,5/8/2022,4,laerdal4,new,22,2E,,5.2,3.7,2,21,2.9,2,0,,,
fall2022,laerdal,5/8/2022,4,laerdal4,12,12,2E,,4.5,4.5,4,28,3.4,0,,,,
fall2022,laerdal,5/8/2022,4,laerdal4,3,3,G,306,9.5,9.7,4,70,3.5,7,29,,,
fall2022,laerdal,5/8/2022,4,laerdal4,1,1,G,305,7.5,7.5,4,63,3.5,0,,,,
fall2022,laerdal,5/8/2022,4,laerdal4,4,4,P,,8.5,8,3,90,3.7,5,27,,,
fall2022,laerdal,5/8/2022,4,laerdal4,4,4,2B,,,,1,31,3.8,2,20,0,,
fall2022,laerdal,5/8/2022,4,laerdal4,13,13,3E,,,,1,29,3.9,0,,,,
fall2022,laerdal,5/8/2022,4,laerdal4,8,8,2C,,5.5,5.5,2,45,4.9,0,,,,
fall2022,laerdal,5/8/2022,4,laerdal4,1,1,4B,,10,8,4,46,5.4,2,25.5,0,,
fall2022,laerdal,5/8/2022,4,laerdal4,2,2,G,,7,7.5,3,30,6.8,3,20.5,,,
fall2022,laerdal,5/8/2022,5,laerdal5,new,20,5A,,,,1,8,0.6,0,,,,
fall2022,laerdal,5/8/2022,5,laerdal5,new,19,5A,,,,1,12,0.8,0,,,,
fall2022,laerdal,5/8/2022,5,laerdal5,new,17,4A,,,,1,7,0.9,0,,,,
fall2022,laerdal,5/8/2022,5,laerdal5,10,10,5A,,,,1,8,1,0,,,,
fall2022,laerdal,5/8/2022,5,laerdal5,14,14,4B,,,,1,12,1.3,0,,,,
fall2022,laerdal,5/8/2022,5,laerdal5,5,5,4A,,,,1,7,1.4,0,,,,
fall2022,laerdal,5/8/2022,5,laerdal5,6,6,4A,,,,1,10,1.5,0,,,,
fall2022,laerdal,5/8/2022,5,laerdal5,1,1,P,310,3.8,1.9,2,16,1.6,0,,,,
fall2022,laerdal,5/8/2022,5,laerdal5,2,2,4A,,2.4,2.2,2,14,1.6,0,,,,
fall2022,laerdal,5/8/2022,5,laerdal5,11,11,5B,,,,1,9,1.6,0,,,,
fall2022,laerdal,5/8/2022,5,laerdal5,new,18,5A,,,,1,8,1.6,0,,,,
fall2022,laerdal,5/8/2022,5,laerdal5,2,2,P/G,,,,1,12,1.7,1,6.8,,,
fall2022,laerdal,5/8/2022,5,laerdal5,3,3,G,309,,,1,2,1.7,1,14.5,,,
fall2022,laerdal,5/8/2022,5,laerdal5,3,3,4A,,,,1,5,1.7,0,,,,
fall2022,laerdal,5/8/2022,5,laerdal5,1,1,4A,,,,1,17,1.9,0,,,,
fall2022,laerdal,5/8/2022,5,laerdal5,12,12,5B,,,,1,14,1.9,0,,,,
fall2022,laerdal,5/8/2022,5,laerdal5,9,9,5A,,,,1,11,2.1,0,,,,
fall2022,laerdal,5/8/2022,5,laerdal5,4,4,G,,4.7,3.5,2,29,2.2,2,18.5,,,
fall2022,laerdal,5/8/2022,5,laerdal5,15,15,3A,,,,1,12,2.5,0,,,,
fall2022,laerdal,5/8/2022,6,laerdal6,new,47,5B,,,,1,8,0.5,0,,,,
fall2022,laerdal,5/8/2022,6,laerdal6,new,48,5B,,,,1,12,0.7,0,,,,
fall2022,laerdal,5/8/2022,6,laerdal6,5,5,2A,,,,1,10,0.8,0,,,,
fall2022,laerdal,5/8/2022,6,laerdal6,new,54,4C,,,,1,5,1,0,,,,
fall2022,laerdal,5/8/2022,6,laerdal6,1,1,2A,,,,1,7,1.2,0,,,,
fall2022,laerdal,5/8/2022,6,laerdal6,13,13,4B,,,,1,17,1.2,0,,,,
fall2022,laerdal,5/8/2022,6,laerdal6,22,22,3D,,,,1,14,1.2,0,,,,
fall2022,laerdal,5/8/2022,6,laerdal6,14,14,4B,,,,1,15,1.3,0,,,,
fall2022,laerdal,5/8/2022,6,laerdal6,4,4,2A,,,,1,14,1.4,0,,,,
fall2022,laerdal,5/8/2022,6,laerdal6,6,6,1A,,3.5,2.4,2,26,1.4,0,,,,
fall2022,laerdal,5/8/2022,6,laerdal6,new,42,2A,,2.1,1.3,2,20,1.5,0,,,,
fall2022,laerdal,5/8/2022,6,laerdal6,new,46,3B,,2.2,1.4,3,22,1.5,0,,,,
fall2022,laerdal,5/8/2022,6,laerdal6,new,56,2D,,,,1,19,1.7,1,12,0,,
fall2022,laerdal,5/8/2022,6,laerdal6,3,3,2A,,,,1,10,1.7,0,,,,
fall2022,laerdal,5/8/2022,6,laerdal6,10,10,2C,,4,2.5,2,25,1.7,0,,,,
fall2022,laerdal,5/8/2022,6,laerdal6,41,41,4E,,,,1,19,1.7,0,,,,
fall2022,laerdal,5/8/2022,6,laerdal6,new,43,1C,,,,1,17,1.7,0,,,,
fall2022,laerdal,5/8/2022,6,laerdal6,40,40,4E,,5.5,4,4,55,1.8,0,,,,
fall2022,laerdal,5/8/2022,6,laerdal6,4,4,P,,4.4,3,2,24,1.9,3,16,,,
fall2022,laerdal,5/8/2022,6,laerdal6,32,32,4D,,4.8,3.5,2,31,1.9,0,,,,
fall2022,laerdal,5/8/2022,6,laerdal6,new,45,3B,,,,1,6,1.9,0,,,,
fall2022,laerdal,5/8/2022,6,laerdal6,new,62,4D,,,,1,11,1.9,0,,,,
fall2022,laerdal,5/8/2022,6,laerdal6,20,20,2E,,6.5,5.5,6,75,2,2,16,0,,
fall2022,laerdal,5/8/2022,6,laerdal6,28,28,3E,,4,2.39,3,27,2,1,25.5,0,,
fall2022,laerdal,5/8/2022,6,laerdal6,31,31,4D,,,,1,13,2,0,,,,
fall2022,laerdal,5/8/2022,6,laerdal6,new,52,3C,,,,1,4,2.1,1,13,0,,
fall2022,laerdal,5/8/2022,6,laerdal6,new,57,2D,,,,1,21,2.1,1,12.5,0,,
fall2022,laerdal,5/8/2022,6,laerdal6,2,2,2A,,,,1,18,2.1,0,,,,
fall2022,laerdal,5/8/2022,6,laerdal6,15,15,5B,,,,1,24,2.1,0,,,,
fall2022,laerdal,5/8/2022,6,laerdal6,16,16,3C,,,,1,11,2.1,0,,,,
fall2022,laerdal,5/8/2022,6,laerdal6,8,8,2B,,5.5,4.5,2,26,2.2,1,5.5,0,,
fall2022,laerdal,5/8/2022,6,laerdal6,37,37,4E,,4,3.5,3,34,2.2,1,17,0,,
fall2022,laerdal,5/8/2022,6,laerdal6,26,26,3E,,,,1,20,2.2,0,,,,
fall2022,laerdal,5/8/2022,6,laerdal6,7,7,1C,,4.5,4.8,2,38,2.3,1,10,0,,
fall2022,laerdal,5/8/2022,6,laerdal6,19,19,1E,,,,1,12,2.3,0,,,,
fall2022,laerdal,5/8/2022,6,laerdal6,new,53,4C,,,,1,21,2.4,1,8,0,,
fall2022,laerdal,5/8/2022,6,laerdal6,17,17,4C,,4.7,5,2,26,2.5,0,,,,
fall2022,laerdal,5/8/2022,6,laerdal6,23,23,3E,,4.4,3.5,2,32,2.5,0,,,,
fall2022,laerdal,5/8/2022,6,laerdal6,12,12,4B,,6.5,5.7,5,70,2.6,1,11,0,,
fall2022,laerdal,5/8/2022,6,laerdal6,39,39,4E,,5.5,3,2,31,2.6,1,18,0,,
fall2022,laerdal,5/8/2022,6,laerdal6,34,34,4D,,,,1,19,2.6,0,,,,
fall2022,laerdal,5/8/2022,6,laerdal6,new,59,4D,,,,1,20,2.6,0,,,,
fall2022,laerdal,5/8/2022,6,laerdal6,9,9,2B,,4.6,4.2,2,30,2.7,1,10,0,,
fall2022,laerdal,5/8/2022,6,laerdal6,new,44,1C,,,,1,16,2.7,1,11,0,,
fall2022,laerdal,5/8/2022,6,laerdal6,new,49,3C,,4.1,3.4,2,16,2.7,1,23.5,0,,
fall2022,laerdal,5/8/2022,6,laerdal6,11,11,3B,,6,5.5,5,40,2.8,0,,,,
fall2022,laerdal,5/8/2022,6,laerdal6,new,51,3C,,,,1,7,2.8,0,,,,
fall2022,laerdal,5/8/2022,6,laerdal6,new,63,5E,,,,1,10,2.8,0,,,,
fall2022,laerdal,5/8/2022,6,laerdal6,35,35,4D,,6,4.8,2,38,2.9,1,4.5,0,,
fall2022,laerdal,5/8/2022,6,laerdal6,new,55,2D,,,,1,50,2.9,0,,,,
fall2022,laerdal,5/8/2022,6,laerdal6,36,36,4E,,5.7,5,5,46,3,3,14,0,,
fall2022,laerdal,5/8/2022,6,laerdal6,2,2,G,,7.5,5.5,4,52,3.1,3,9.5,,,
fall2022,laerdal,5/8/2022,6,laerdal6,new,60,4D,,,,1,15,3.1,0,,,,
fall2022,laerdal,5/8/2022,6,laerdal6,29,29,3D,,5,4,2,24,3.2,0,,,,
fall2022,laerdal,5/8/2022,6,laerdal6,new,58,4D,,,,1,11,3.2,0,,,,
fall2022,laerdal,5/8/2022,6,laerdal6,1,1,P,311,6.5,6.5,2,33,3.5,2,19,,,
fall2022,laerdal,5/8/2022,6,laerdal6,30,30,4D,,,,1,25,3.7,0,,,,
fall2022,laerdal,5/8/2022,6,laerdal6,new,61,4D,,,,1,11,4.1,0,,,,
fall2022,laerdal,5/8/2022,6,laerdal6,3,3,G,312,5.7,6.5,3,42,4.3,5,20,,,
fall2022,laerdal,5/8/2022,7,laerdal7,new,18,1D,,,,1,5,0.8,0,,,,
fall2022,laerdal,5/8/2022,7,laerdal7,4,4,2A,,2.8,3.2,2,21,1.6,1,5.5,0,,
fall2022,laerdal,5/8/2022,7,laerdal7,1,1,P,313,,,1,7,1.7,1,6.3,,,
fall2022,laerdal,5/8/2022,7,laerdal7,9,9,4B,,3.1,2.5,2,12,1.8,2,6,0,,
fall2022,laerdal,5/8/2022,7,laerdal7,10,10,4B,,4,4.1,2,19,1.8,1,7,0,,
fall2022,laerdal,5/8/2022,7,laerdal7,8,8,5A,,2.5,3.2,2,18,1.9,18,7.5,0,,
fall2022,laerdal,5/8/2022,7,laerdal7,16,16,5D,,,,1,14,1.9,0,,,,
fall2022,laerdal,5/8/2022,7,laerdal7,2,2,G,,4.5,4.2,2,28,2.1,1,11.5,,,
fall2022,laerdal,5/8/2022,7,laerdal7,3,3,P,314,4.5,3.4,3,51,2.3,3,42.5,,,
fall2022,laerdal,5/8/2022,7,laerdal7,17,17,5D,,,,1,13,2.6,0,,,,
fall2022,laerdal,5/8/2022,7,laerdal7,4,4,G,,5.5,6,2,45,3.2,2,15.5,,,
fall2022,laerdal,5/8/2022,8,laerdal8,2,2,G,315,,,1,4,1.3,0,,,,
fall2022,laerdal,5/8/2022,8,laerdal8,4,4,P,,,,1,22,1.6,1,29,,,
fall2022,laerdal,5/8/2022,8,laerdal8,new,7,2C,,,,1,7,1.7,0,,,,
fall2022,laerdal,5/8/2022,8,laerdal8,3,3,G,316,,,1,7,1.8,1,6.5,,,
fall2022,laerdal,5/8/2022,8,laerdal8,1,1,2C,,3.3,1.8,2,15,2.1,2,23,5,,
fall2022,laerdal,5/8/2022,8,laerdal8,1,1,P,,,,1,12,2.4,0,,,,
fall2022,laerdal,5/8/2022,9,laerdal9,new,11,3C,,8.5,5.3,1,8,1.4,0,,,,
fall2022,laerdal,5/8/2022,9,laerdal9,5,5,4C,,3.2,3.5,2,21,2,0,,,,
fall2022,laerdal,5/8/2022,9,laerdal9,3,3,G,,,,1,31,2.2,2,30,,,
fall2022,laerdal,5/8/2022,9,laerdal9,2,2,G,317,6,5.5,2,20,3.1,1,23.5,,,
fall2022,laerdal,5/8/2022,9,laerdal9,4,4,3C,,,,1,12,3.2,0,,,,
fall2022,laerdal,5/8/2022,9,laerdal9,4,4,P,318,7.5,6,2,44,4.2,11,34,,,
fall2022,laerdal,5/8/2022,9,laerdal9,1,1,P,,10,7.5,3,58,4.7,6,32,,,
fall2022,saebo,6/8/2022,4,saebo4,2,2,2A,,2.5,1.8,4,23,0.6,7,26,19,3,
fall2022,saebo,6/8/2022,5,saebo5,1,1,5A,,4,2.7,4,38,1.2,5,33,38,2.7,
fall2022,saebo,6/8/2022,6,saebo6,15,15,3E,,3.3,1.7,3,30,1.3,3,16,13,2.7,
fall2022,saebo,6/8/2022,2,saebo2,8,8,1C,,5,3.1,11,110,1,8,37,75,2.5,
fall2022,saebo,6/8/2022,10,saebo10,3,3,2B,,,,1,16,0.6,1,21,10,2.4,
fall2022,saebo,6/8/2022,2,saebo2,7,7,1C,,0.8,0.7,2,15,0.4,1,13,8,2.3,
fall2022,saebo,6/8/2022,5,saebo5,10,10,3C,,4.3,3.2,9,62,1.1,15,34.5,70,2.3,
fall2022,saebo,6/8/2022,7,saebo7,2,2,2C,,1.4,1,2,14,0.6,2,19,12,2.3,
fall2022,saebo,6/8/2022,5,saebo5,6,6,1B,,4.7,3.3,8,68,1.4,13,43,140,2.2,
fall2022,saebo,6/8/2022,8,saebo8,new,5,1D,,,,1,10,0.9,4,26,19,2.2,
fall2022,saebo,6/8/2022,1,saebo1,3,3,5D,,,,1,17,0.8,1,17,8,2.1,
fall2022,saebo,6/8/2022,2,saebo2,9,9,1D,,2.4,1.7,3,11,0.7,1,18,11,2.1,
fall2022,saebo,6/8/2022,4,saebo4,1,1,3C,,2.6,1.5,3,31,1.3,3,23,18,2.1,
fall2022,saebo,6/8/2022,8,saebo8,1,1,5A,,4.5,3.2,5,48,1.7,2,13,8,2.1,
fall2022,saebo,6/8/2022,1,saebo1,1,1,1E,,2.5,1.9,2,11,1.3,2,12.5,5,1.9,
fall2022,saebo,6/8/2022,10,saebo10,4,4,1B,,3.9,2,6,58,0.9,4,18,27,1.9,
fall2022,saebo,6/8/2022,2,saebo2,2,2,4A,,,,1,8,0.3,1,21.5,20,1.9,
fall2022,saebo,6/8/2022,6,saebo6,16,16,3E,,1.8,2.2,2,19,1,1,12.5,4,1.7,
fall2022,saebo,6/8/2022,7,saebo7,1,1,2B,,2.3,1.5,2,21,0.9,2,29.5,21,1.7,
fall2022,saebo,6/8/2022,7,saebo7,3,3,2C,,3,2.3,3,28,1.2,4,22.5,33,1.7,
fall2022,saebo,6/8/2022,7,saebo7,new,4,5C,,3.6,2,3,26,1.2,1,18,12,1.7,
fall2022,saebo,6/8/2022,9,saebo9,5,5,1B,,2.9,1.9,2,31,1,2,13.5,10,1.7,
fall2022,saebo,6/8/2022,9,saebo9,3,3,5B,,2.8,2.2,2,40,1,3,24.5,13,1.6,
fall2022,saebo,6/8/2022,10,saebo10,9,9,3D,,,,1,18,1,1,15.5,7,1.5,
fall2022,saebo,6/8/2022,3,saebo3,3,3,3A,,,,1,4,0.9,1,22.5,7,1.5,
fall2022,saebo,6/8/2022,5,saebo5,11,11,3E,,2,1.6,2,26,1.1,1,10,3,1.5,
fall2022,saebo,6/8/2022,6,saebo6,3,3,4A,,2.7,1.3,2,21,0.6,1,11.5,1,1.5,
fall2022,saebo,6/8/2022,9,saebo9,6,6,1C,,2.5,1.3,3,33,0.7,2,15.5,7,1.5,
fall2022,saebo,6/8/2022,1,saebo1,2,2,4C,,,,1,13,1.6,1,19,9,1.4,
fall2022,saebo,6/8/2022,10,saebo10,10,10,4E,,,,1,27,1.3,1,15,5,1.4,
fall2022,saebo,6/8/2022,10,saebo10,5,5,2B,,2.7,2.2,2,18,1.4,1,12,4,1.3,
fall2022,saebo,6/8/2022,3,saebo3,11,11,5D,,1.4,0.9,3,13,0.5,1,10,6,1.3,
fall2022,saebo,6/8/2022,2,saebo2,6,6,3C,,,,1,13,0.8,1,11.5,6,1.2,
fall2022,saebo,6/8/2022,5,saebo5,2,2,5B,,2.2,1.4,2,32,0.9,1,11,3,1.2,
fall2022,saebo,6/8/2022,6,saebo6,6,6,5B,,,,1,15,0.5,1,9.5,1,0.9,
fall2022,saebo,6/8/2022,6,saebo6,9,9,4B,,,,1,17,0.8,1,9,1,0.7,
fall2022,saebo,6/8/2022,6,saebo6,1,1,1A,,3.4,4.3,2,49,0.7,3,12,4,0.5,
fall2022,saebo,6/8/2022,6,saebo6,13,13,1C,,3,2.5,3,32,1.1,1,12.5,6,0,
fall2022,saebo,6/8/2022,6,saebo6,10,10,4C,,4.5,1.9,4,44,1.3,2,1.5,3,0,
fall2022,saebo,6/8/2022,1,saebo1,1,1,G,,1.4,1.1,2,15,0.6,2,21.5,,,
fall2022,saebo,6/8/2022,1,saebo1,3,3,G,221,1.4,0.8,2,8,0.7,1,15,,,
fall2022,saebo,6/8/2022,1,saebo1,4,4,P,222,2,1.6,3,32,0.7,1,15,,,
fall2022,saebo,6/8/2022,1,saebo1,4,4,1E,,,,1,9,1,0,,,,
fall2022,saebo,6/8/2022,1,saebo1,2,2,P,,,,1,0,,1,21,,,
fall2022,saebo,6/8/2022,10,saebo10,7,7,3B,,,,1,12,0.5,0,,,,
fall2022,saebo,6/8/2022,10,saebo10,new,11,3A,,,,1,7,0.6,0,,,,
fall2022,saebo,6/8/2022,10,saebo10,4,4,P,,1.6,1.4,2,17,0.8,0,,,,
fall2022,saebo,6/8/2022,10,saebo10,8,8,3D,,3.4,1.8,4,43,0.9,0,,,,
fall2022,saebo,6/8/2022,10,saebo10,2,2,3A,,,,1,15,1,0,,,,
fall2022,saebo,6/8/2022,10,saebo10,1,1,1A,,2.3,2.3,2,23,1.2,1,9.5,0,,
fall2022,saebo,6/8/2022,10,saebo10,3,3,G,240,3.5,4.2,6,64,1.4,9,20,,,
fall2022,saebo,6/8/2022,10,saebo10,1,1,G,,4.7,3.1,5,84,1.6,3,25,,,
fall2022,saebo,6/8/2022,10,saebo10,2,2,P,239,6,3.7,6,65,2.1,5,30.5,,,
fall2022,saebo,6/8/2022,10,saebo10,6,6,,,,,,,,,,,,
fall2022,saebo,6/8/2022,2,saebo2,1,1,5A,,,,1,6,0.4,0,,,,
fall2022,saebo,6/8/2022,2,saebo2,4,4,G,,4,3.5,9,71,0.7,14,18,,,
fall2022,saebo,6/8/2022,2,saebo2,3,3,4A,,,,1,10,0.7,0,,,,
fall2022,saebo,6/8/2022,2,saebo2,11,11,4E,,,,1,10,0.7,0,,,,
fall2022,saebo,6/8/2022,2,saebo2,1,1,P,223,2.8,1.9,5,39,0.8,3,25,,,
fall2022,saebo,6/8/2022,2,saebo2,5,5,5C,,,,1,7,0.8,0,,,,
fall2022,saebo,6/8/2022,2,saebo2,3,3,P,224,2.4,2,2,24,1,2,9.5,,,
fall2022,saebo,6/8/2022,2,saebo2,2,2,G,,,,1,12,1,1,9.5,,,
fall2022,saebo,6/8/2022,2,saebo2,4,4,4B,,3.4,2.7,3,29,1.3,0,,,,
fall2022,saebo,6/8/2022,2,saebo2,10,10,2E,,,,1,9,1.3,0,,,,
fall2022,saebo,6/8/2022,3,saebo3,6,6,5B,,,,1,7,0.3,0,,,,
fall2022,saebo,6/8/2022,3,saebo3,17,17,5B,,,,1,5,0.3,0,,,,
fall2022,saebo,6/8/2022,3,saebo3,new,26,5E,,,,1,5,0.4,0,,,,
fall2022,saebo,6/8/2022,3,saebo3,7,7,5C,,,,1,8,0.5,1,5,,,
fall2022,saebo,6/8/2022,3,saebo3,1,1,2A,,,,1,8,0.5,0,,,,
fall2022,saebo,6/8/2022,3,saebo3,10,10,5C,,1.3,4.7,2,14,0.5,0,,,,
fall2022,saebo,6/8/2022,3,saebo3,18,18,5A,,,,1,5,0.5,0,,,,
fall2022,saebo,6/8/2022,3,saebo3,19,19,4B,,,,1,8,0.5,0,,,,
fall2022,saebo,6/8/2022,3,saebo3,new,20,3A,,,,1,4,0.5,0,,,,
fall2022,saebo,6/8/2022,3,saebo3,2,2,P,,,,1,11,0.6,2,12,,,
fall2022,saebo,6/8/2022,3,saebo3,4,4,G,226,4.1,3.3,7,52,0.6,2,14,,,
fall2022,saebo,6/8/2022,3,saebo3,14,14,2D,,,,1,18,0.6,1,12,4,,
fall2022,saebo,6/8/2022,3,saebo3,4,4,5B,,,,1,10,0.6,0,,,,
fall2022,saebo,6/8/2022,3,saebo3,9,9,5C,,1.2,4.8,2,13,0.6,0,,,,
fall2022,saebo,6/8/2022,3,saebo3,12,12,4D,,3.1,1.7,6,47,0.6,0,,,,
fall2022,saebo,6/8/2022,3,saebo3,15,15,2C,,,,1,10,0.6,0,,,,
fall2022,saebo,6/8/2022,3,saebo3,new,21,4A,,,,1,5,0.6,0,,,,
fall2022,saebo,6/8/2022,3,saebo3,13,13,3D,,,,1,10,0.7,0,,,,
fall2022,saebo,6/8/2022,3,saebo3,16,16,5B,,,,1,5,0.7,0,,,,
fall2022,saebo,6/8/2022,3,saebo3,new,24,4D,,,,1,8,0.7,0,,,,
fall2022,saebo,6/8/2022,3,saebo3,new,22,5A,,,,1,5,0.8,0,,,,
fall2022,saebo,6/8/2022,3,saebo3,new,25,1D,,,,1,4,0.8,0,,,,
fall2022,saebo,6/8/2022,3,saebo3,2,2,3A,,2,1.3,2,16,0.9,0,,,,
fall2022,saebo,6/8/2022,3,saebo3,5,5,5B,,,,1,8,0.9,0,,,,
fall2022,saebo,6/8/2022,3,saebo3,8,8,5C,,,,1,8,0.9,0,,,,
fall2022,saebo,6/8/2022,3,saebo3,new,23,4B,,,,1,5,0.9,0,,,,
fall2022,saebo,6/8/2022,3,saebo3,3,3,P,,2,1.5,3,24,1,2,22,,,
fall2022,saebo,6/8/2022,3,saebo3,1,1,G,225,3.2,1.7,2,21,1.1,0,,,,
fall2022,saebo,6/8/2022,4,saebo4,3,3,P,,,,1,12,0.4,1,5.5,,,
fall2022,saebo,6/8/2022,4,saebo4,4,4,G,228,,,1,8,0.7,0,,,,
fall2022,saebo,6/8/2022,4,saebo4,1,1,P,,10,8,23,120,2,44,40,,,
fall2022,saebo,6/8/2022,4,saebo4,2,2,G,227,7,9,5,56,2.8,5,4.5,,,
fall2022,saebo,6/8/2022,5,saebo5,13,13,1B,,,,1,8,0.2,0,,,,
fall2022,saebo,6/8/2022,5,saebo5,7,7,2C,,,,1,9,0.3,0,,,,
fall2022,saebo,6/8/2022,5,saebo5,new,14,2B,,,,1,7,0.3,0,,,,
fall2022,saebo,6/8/2022,5,saebo5,8,8,2C,,,,1,12,0.5,0,,,,
fall2022,saebo,6/8/2022,5,saebo5,9,9,3C,,1.9,0.7,2,14,0.5,0,,,,
fall2022,saebo,6/8/2022,5,saebo5,12,12,2B,,1.3,1.2,3,21,0.5,0,,,,
fall2022,saebo,6/8/2022,5,saebo5,5,5,2B,,2.8,1.4,4,43,0.6,0,,,,
fall2022,saebo,6/8/2022,5,saebo5,3,3,4B,,,,1,16,0.8,0,,,,
fall2022,saebo,6/8/2022,5,saebo5,4,4,4B,,,,1,13,0.8,0,,,,
fall2022,saebo,6/8/2022,5,saebo5,1,1,P,,5.8,3.3,11,80,1,21,32,38,,
fall2022,saebo,6/8/2022,5,saebo5,2,2,G,229,2.5,1.9,3,23,1,2,17,3,,
fall2022,saebo,6/8/2022,5,saebo5,4,4,P,230,2.2,1.7,2,26,1,2,21,,,
fall2022,saebo,6/8/2022,5,saebo5,3,3,G,,2.5,1.4,2,20,1.2,2,17,,,
fall2022,saebo,6/8/2022,6,saebo6,new,21,5B,,,,1,5,0.4,0,,,,
fall2022,saebo,6/8/2022,6,saebo6,4,4,G,,2,1.4,2,30,0.7,1,8,,,
fall2022,saebo,6/8/2022,6,saebo6,7,7,5B,,1.5,2.2,3,32,0.7,0,,,,
fall2022,saebo,6/8/2022,6,saebo6,new,20,5A,,,,1,16,0.7,0,,,,
fall2022,saebo,6/8/2022,6,saebo6,new,22,1D,,,,1,7,0.7,0,,,,
fall2022,saebo,6/8/2022,6,saebo6,1,1,P,231,2.2,2.8,5,43,0.8,6,19.5,,,
fall2022,saebo,6/8/2022,6,saebo6,17,17,5D,,,,1,13,0.8,0,,,,
fall2022,saebo,6/8/2022,6,saebo6,2,2,3A,,,,1,37,1,1,4.5,0,,
fall2022,saebo,6/8/2022,6,saebo6,4,4,4A,,3.5,2.5,3,43,1,1,6,0,,
fall2022,saebo,6/8/2022,6,saebo6,8,8,4B,,3,2.1,2,30,1,1,9,0,,
fall2022,saebo,6/8/2022,6,saebo6,5,5,5B,,2.6,1.7,2,22,1.2,2,12.5,0,,
fall2022,saebo,6/8/2022,6,saebo6,18,18,5D,,3,1.9,2,24,1.3,1,9.5,0,,
fall2022,saebo,6/8/2022,6,saebo6,2,2,G,,,,1,33,1.3,0,,,,
fall2022,saebo,6/8/2022,6,saebo6,3,3,P,232,5.5,3.5,7,75,1.5,5,13,,,
fall2022,saebo,6/8/2022,6,saebo6,11,11,4C,,2.8,3,2,30,1.5,1,15,0,,
fall2022,saebo,6/8/2022,6,saebo6,19,19,5E,,,,1,10,1.5,0,,,,
fall2022,saebo,6/8/2022,6,saebo6,12,12,3C,,2.8,2,2,17,1.6,1,3.5,0,,
fall2022,saebo,6/8/2022,6,saebo6,14,14,1C,,4,4,3,40,1.9,2,17,0,,
fall2022,saebo,6/8/2022,7,saebo7,4,4,P,,,,1,17,0.9,1,13,,,
fall2022,saebo,6/8/2022,7,saebo7,,6,GR,,3.9,3.7,8,65,1.1,8,28,,,
fall2022,saebo,6/8/2022,7,saebo7,1,1,P,233,,,1,13,1.1,1,13,,,
fall2022,saebo,6/8/2022,7,saebo7,,5,GR,234,4,2.9,2,25,2,2,11.5,,,
fall2022,saebo,6/8/2022,8,saebo8,2,2,G,,,,1,4,0.3,0,,,,
fall2022,saebo,6/8/2022,8,saebo8,new,6,2D,,,,1,8,0.6,0,,,,
fall2022,saebo,6/8/2022,8,saebo8,2,2,1B,,2.8,2,3,34,1.2,1,4.6,2,,
fall2022,saebo,6/8/2022,8,saebo8,4,4,G,236,3.8,2.4,2,40,1.3,4,13.5,,,
fall2022,saebo,6/8/2022,8,saebo8,3,3,2C,,2.4,2.1,2,27,1.3,0,,,,
fall2022,saebo,6/8/2022,8,saebo8,3,3,P,235,2.6,2.5,3,16,1.4,1,16,,,
fall2022,saebo,6/8/2022,8,saebo8,1,1,P,,,,1,12,1.5,0,,,,
fall2022,saebo,6/8/2022,8,saebo8,4,4,3E,,2.7,2.3,2,22,1.5,0,,,,
fall2022,saebo,6/8/2022,9,saebo9,2,2,G,,2,1.5,2,26,0.7,1,11,,,
fall2022,saebo,6/8/2022,9,saebo9,2,2,5B,,,,1,17,0.9,0,,,,
fall2022,saebo,6/8/2022,9,saebo9,1,1,5B,,3.1,1.8,3,28,1,3,18,,,
fall2022,saebo,6/8/2022,9,saebo9,1,1,P,237,2.5,2,3,30,1.1,2,20,,,
fall2022,saebo,6/8/2022,9,saebo9,4,4,2B,,,,1,18,1.2,1,9,0,,
fall2022,saebo,6/8/2022,9,saebo9,3,3,G,,3,3.5,3,30,1.5,1,13,,,
fall2022,saebo,6/8/2022,9,saebo9,4,4,P,238,,,1,26,2.1,0,,,,
fall2022,smadalen,7/8/2022,1,smadalen1,3,3,5E,,3.2,3.1,3,31,1.1,5,5,9,1.7,
fall2022,smadalen,7/8/2022,1,smadalen1,2,2,4D,,4.3,3.9,5,71,1.4,4,4,7,2.1,
fall2022,smadalen,7/8/2022,9,smadalen9,2,2,G,218,15,14,18,330,6.5,32,16,64,4.58,
fall2022,smadalen,7/8/2022,10,smadalen10,2,2,4D,,9.3,8.3,6,120,3.9,12,17,76,4,
fall2022,smadalen,7/8/2022,9,smadalen9,1,1,G,217,7,6,14,95,2.2,15,11,18,4,
fall2022,smadalen,7/8/2022,3,smadalen3,2,2,4B,,4,2.8,5,37,1.5,8,8,51,3,
fall2022,smadalen,7/8/2022,10,smadalen10,1,1,1D,,6.5,7,5,90,3.2,4,9.7,25,2.8,
fall2022,smadalen,7/8/2022,8,smadalen8,10,10,2C,,4,2.2,3,33,1.8,2,5.5,9,2.7,
fall2022,smadalen,7/8/2022,2,smadalen2,4,4,3D,,,,12,140,3.3,19,12,120,2.5,
fall2022,smadalen,7/8/2022,8,smadalen8,3,3,1C,,,,1,14,1.1,1,9.5,8,2.3,
fall2022,smadalen,7/8/2022,3,smadalen3,1,1,2A,,3.5,5,9,50,1,8,7.5,47,2.2,
fall2022,smadalen,7/8/2022,8,smadalen8,1,1,1B,,4.7,5,5,65,1.9,9,12,70,2.2,
fall2022,smadalen,7/8/2022,5,smadalen5,9,9,5E,,,,1,12,0.6,1,0.8,2,2.1,
fall2022,smadalen,7/8/2022,1,smadalen1,1,1,5A,,3.5,3.5,2,46,1.5,2,2,1,2,2.5
fall2022,smadalen,7/8/2022,5,smadalen5,1,1,1A,,2.7,1.3,2,16,0.8,3,1.5,13,2,
fall2022,smadalen,7/8/2022,6,smadalen6,20,20,5D,,2.6,2.1,4,43,1.1,2,7,20,2,
fall2022,smadalen,7/8/2022,8,smadalen8,4,4,1C,,,,1,18,1.9,2,4.5,10,1.9,
fall2022,smadalen,7/8/2022,8,smadalen8,6,6,2C,,4.8,3.2,6,52,2,2,5,13,1.9,
fall2022,smadalen,7/8/2022,8,smadalen8,8,8,3D,,7,4,7,73,1.5,10,10,60,1.8,
fall2022,smadalen,7/8/2022,6,smadalen6,22,22,1E,,3.4,2.5,2,33,1.5,3,6,9,1.7,
fall2022,smadalen,7/8/2022,8,smadalen8,2,2,1C,,3.7,4.5,6,54,1.4,3,8.5,14,1.7,
fall2022,smadalen,7/8/2022,3,smadalen3,4,4,1E,,3.1,1.5,2,38,1.2,2,7.5,19,1.6,
fall2022,smadalen,7/8/2022,8,smadalen8,11,11,1D,,2.2,1.5,2,25,1.2,2,6.1,12,1.6,
fall2022,smadalen,7/8/2022,4,smadalen4,2,2,2C,,3.5,4.2,3,42,2.3,2,4,12,1.5,
fall2022,smadalen,7/8/2022,6,smadalen6,2,2,5A,,3,2.2,4,49,1.2,1,4.4,7,1.5,
fall2022,smadalen,7/8/2022,3,smadalen3,3,3,5D,,6,3.7,9,130,1.1,6,6.2,31,1.4,
fall2022,smadalen,7/8/2022,6,smadalen6,17,17,1C,,3.3,1.4,5,52,0.8,2,3,9,1.4,
fall2022,smadalen,7/8/2022,6,smadalen6,12,12,1B,,2.4,2,6,57,2,2,3.2,8,1.4,
fall2022,smadalen,7/8/2022,9,smadalen9,4,4,P,,,,1,35,3.1,1,13.5,9,1.4,missed?
fall2022,smadalen,7/8/2022,4,smadalen4,1,1,1A,,3.9,3.7,1,100,1.5,3,5.5,19,1.3,
fall2022,smadalen,7/8/2022,6,smadalen6,16,16,1C,,2.4,1.5,3,27,1,4,5.5,15,1.3,
fall2022,smadalen,7/8/2022,2,smadalen2,2,2,3A,,3.2,2.5,3,45,1.3,2,7.1,9,1.2,
fall2022,smadalen,7/8/2022,6,smadalen6,13,13,1C,,2.7,1.6,3,39,0.8,1,5.4,6,1.2,
fall2022,smadalen,7/8/2022,2,smadalen2,12,12,2D,,3,3.5,4,49,1.2,2,5.5,7,1.1,
fall2022,smadalen,7/8/2022,8,smadalen8,7,7,1D,,3,1.7,4,28,1,2,5.3,14,1.1,
fall2022,smadalen,7/8/2022,4,smadalen4,6,6,5E,,3,3,3,36,1.4,2,4.5,5,1,
fall2022,smadalen,7/8/2022,7,smadalen7,1,1,1,,5.5,4.1,5,39,2.2,1,1,2.8,1,
fall2022,smadalen,7/8/2022,6,smadalen6,1,1,5A,,2.5,2.3,3,57,1.1,2,4.3,16,0.9,
fall2022,smadalen,7/8/2022,5,smadalen5,7,7,3D,,2.8,2.2,3,36,1.1,2,3.7,6,0.7,
fall2022,smadalen,7/8/2022,5,smadalen5,10,10,5D,,4,3.7,6,54,1.4,12,5.2,14,0.7,
fall2022,smadalen,7/8/2022,6,smadalen6,3,3,5B,,4,3.2,5,55,1.3,3,4.5,14,0.6,
fall2022,smadalen,7/8/2022,1,smadalen1,new,6,2B,,,,1,6,0.4,0,,,,
fall2022,smadalen,7/8/2022,1,smadalen1,4,4,3D,,,,1,11,0.6,0,,,,
fall2022,smadalen,7/8/2022,1,smadalen1,new,5,2C,,,,1,4,0.7,0,,,,
fall2022,smadalen,7/8/2022,1,smadalen1,4,4,G,202,5.4,2.3,3,70,0.9,2,0.4,,,
fall2022,smadalen,7/8/2022,1,smadalen1,3,3,P,201,3.9,2.4,3,43,0.9,1,0.6,,,
fall2022,smadalen,7/8/2022,1,smadalen1,2,2,G,,,,1,4,1.1,1,0.5,,,
fall2022,smadalen,7/8/2022,1,smadalen1,1,1,P,,,,1,0,,1,1.6,,,
fall2022,smadalen,7/8/2022,10,smadalen10,3,3,4A,,,,1,5,1.2,0,,,,
fall2022,smadalen,7/8/2022,10,smadalen10,new,4,4A,,,,1,7,1.3,0,,,,
fall2022,smadalen,7/8/2022,10,smadalen10,4,4,P,,7.3,8,3,70,3.6,15,14,,,
fall2022,smadalen,7/8/2022,10,smadalen10,1,1,P,,,,1,36,3.9,2,6.2,,,
fall2022,smadalen,7/8/2022,10,smadalen10,3,3,G,220,13,10,6,130,5,15,17,,,
fall2022,smadalen,7/8/2022,10,smadalen10,2,2,G,219,10.5,12,3,110,5.8,1,8.5,,,
fall2022,smadalen,7/8/2022,2,smadalen2,6,6,1C,,,,1,4,0.5,0,,,,
fall2022,smadalen,7/8/2022,2,smadalen2,new,18,5B,,,,1,10,0.5,0,,,,
fall2022,smadalen,7/8/2022,2,smadalen2,1,1,P,,3.4,3,2,45,0.6,2,4.5,,,
fall2022,smadalen,7/8/2022,2,smadalen2,1,1,2A,,,,1,19,0.6,0,,,,
fall2022,smadalen,7/8/2022,2,smadalen2,5,5,1B,,,,1,7,0.6,0,,,,
fall2022,smadalen,7/8/2022,2,smadalen2,14,14,3D,,1.6,0.8,3,21,0.6,0,,,,
fall2022,smadalen,7/8/2022,2,smadalen2,15,15,3D,,,,1,7,0.6,0,,,,
fall2022,smadalen,7/8/2022,2,smadalen2,8,8,4C,,1.7,1.8,4,35,0.8,0,,,,
fall2022,smadalen,7/8/2022,2,smadalen2,new,17,3A,,1.3,1.5,2,15,0.8,0,,,,
fall2022,smadalen,7/8/2022,2,smadalen2,4,4,P,,,,1,14,1,0,,,,
fall2022,smadalen,7/8/2022,2,smadalen2,new,19,2B,,,,1,14,1.1,0,,,,
fall2022,smadalen,7/8/2022,2,smadalen2,13,13,2D,,2.4,1.2,2,15,1.2,0,,,,
fall2022,smadalen,7/8/2022,2,smadalen2,16,16,3D,,4,3,6,67,1.2,0,,,,
fall2022,smadalen,7/8/2022,2,smadalen2,new,20,3D,,,,1,12,1.2,0,,,,
fall2022,smadalen,7/8/2022,2,smadalen2,10,10,3C,,3.4,2.5,3,27,1.4,1,6.2,2,,
fall2022,smadalen,7/8/2022,2,smadalen2,3,3,1B,,10.5,10,4,56,1.6,0,,,,
fall2022,smadalen,7/8/2022,2,smadalen2,11,11,4C,,,,1,16,1.7,0,,,,
fall2022,smadalen,7/8/2022,2,smadalen2,7,7,4C,,3.3,2.4,4,42,1.8,2,7,4,,
fall2022,smadalen,7/8/2022,2,smadalen2,9,9,4C,,2,2.5,2,16,1.8,0,,,,
fall2022,smadalen,7/8/2022,2,smadalen2,2,2,G,203,7.8,5.2,6,110,2.4,14,8,,,
fall2022,smadalen,7/8/2022,2,smadalen2,3,3,G,204,,,1,20,2.5,1,11.5,,,
fall2022,smadalen,7/8/2022,3,smadalen3,1,1,G,205,6,4,8,120,1.2,11,8,,,
fall2022,smadalen,7/8/2022,3,smadalen3,2,2,P,,3.2,3.5,4,49,1.4,4,8,,,
fall2022,smadalen,7/8/2022,3,smadalen3,new,5,3A,,,,1,7,1.7,0,,,,
fall2022,smadalen,7/8/2022,3,smadalen3,4,4,P,,,,1,10,1.8,1,7.5,,,
fall2022,smadalen,7/8/2022,3,smadalen3,3,3,G,206,4.5,2.4,3,54,1.9,5,4.8,,,
fall2022,smadalen,7/8/2022,4,smadalen4,5,5,2E,,,,1,12,0.6,0,,,,
fall2022,smadalen,7/8/2022,4,smadalen4,new,7,4D,,,,1,3,1,0,,,,
fall2022,smadalen,7/8/2022,4,smadalen4,3,3,2C,,1.4,2,2,18,1.1,0,,,,
fall2022,smadalen,7/8/2022,4,smadalen4,4,4,1E,,,,1,11,1.4,0,,,,
fall2022,smadalen,7/8/2022,4,smadalen4,2,2,G,,3.2,2.7,3,55,1.5,3,8,,,
fall2022,smadalen,7/8/2022,4,smadalen4,1,1,P,207,3.5,3.5,3,55,1.9,4,6.5,,,
fall2022,smadalen,7/8/2022,4,smadalen4,3,3,P,,5,3.2,3,46,2.1,1,7.5,,,
fall2022,smadalen,7/8/2022,4,smadalen4,4,4,G,208,6,5,2,49,3,0,,,,
fall2022,smadalen,7/8/2022,5,smadalen5,12,12,1C,,,,1,7,0.4,0,,,,
fall2022,smadalen,7/8/2022,5,smadalen5,new,15,3E,,1.1,0.8,2,13,0.4,0,,,,
fall2022,smadalen,7/8/2022,5,smadalen5,new,14,3D,,,,1,16,0.5,0,,,,
fall2022,smadalen,7/8/2022,5,smadalen5,13,13,5D,,1.7,1.6,3,29,0.7,1,1,0,,
fall2022,smadalen,7/8/2022,5,smadalen5,new,16,4A,,1.9,1.7,2,18,0.7,0,,,,
fall2022,smadalen,7/8/2022,5,smadalen5,11,11,5A,,2,2,3,37,0.8,2,0.9,0,,
fall2022,smadalen,7/8/2022,5,smadalen5,4,4,4B,,1.6,1.5,3,22,0.8,1,3.5,1,,
fall2022,smadalen,7/8/2022,5,smadalen5,8,8,4E,,1.6,1.5,2,18,0.8,1,1,2.8,,
fall2022,smadalen,7/8/2022,5,smadalen5,1,1,G,,2.4,2.2,3,36,0.9,2,1.5,,,
fall2022,smadalen,7/8/2022,5,smadalen5,3,3,3B,,2.4,2.2,3,38,0.9,0,,,,
fall2022,smadalen,7/8/2022,5,smadalen5,2,2,P,209,3.5,2.9,4,110,1,4,3,,,
fall2022,smadalen,7/8/2022,5,smadalen5,6,6,3D,,2.4,2,3,30,1.1,2,2.7,4,,
fall2022,smadalen,7/8/2022,5,smadalen5,5,5,1C,,,,1,27,1.1,1,2.5,1,,
fall2022,smadalen,7/8/2022,5,smadalen5,new,5,G,,,,1,21,1.2,0,,,,
fall2022,smadalen,7/8/2022,5,smadalen5,2,2,5A,,3,1.4,2,25,1.3,0,,,,
fall2022,smadalen,7/8/2022,5,smadalen5,4,4,P,210,5.8,5.5,7,150,2,10,4,,,
fall2022,smadalen,7/8/2022,5,smadalen5,3,,,,,,,,,,,,,
fall2022,smadalen,7/8/2022,6,smadalen6,6,6,5C,,,,1,7,0.3,0,,,,
fall2022,smadalen,7/8/2022,6,smadalen6,7,7,5C,,,,1,7,0.3,0,,,,
fall2022,smadalen,7/8/2022,6,smadalen6,8,8,5C,,,,1,9,0.3,0,,,,
fall2022,smadalen,7/8/2022,6,smadalen6,5,5,5C,,,,1,12,0.4,0,,,,
fall2022,smadalen,7/8/2022,6,smadalen6,11,11,2B,,,,1,5,0.6,0,,,,
fall2022,smadalen,7/8/2022,6,smadalen6,new,25,2D,,,,1,3,0.6,0,,,,
fall2022,smadalen,7/8/2022,6,smadalen6,new,28,1B,,,,1,6,0.6,0,,,,
fall2022,smadalen,7/8/2022,6,smadalen6,4,4,5C,,2,1.3,4,29,0.7,0,,,,
fall2022,smadalen,7/8/2022,6,smadalen6,10,10,3B,,,,1,10,0.7,0,,,,
fall2022,smadalen,7/8/2022,6,smadalen6,19,19,5D,,2.5,1.6,4,26,0.9,1,0.5,3,,
fall2022,smadalen,7/8/2022,6,smadalen6,14,14,1C,,2.5,1.2,3,21,0.9,0,,,,
fall2022,smadalen,7/8/2022,6,smadalen6,18,18,5C,,2.2,1.6,3,24,0.9,0,,,,
fall2022,smadalen,7/8/2022,6,smadalen6,new,26,3C,,,,1,13,1,1,1,1.8,,
fall2022,smadalen,7/8/2022,6,smadalen6,15,15,1C,,1.5,2.5,4,35,1,0,,,,
fall2022,smadalen,7/8/2022,6,smadalen6,new,27,5A,,,,1,5,1,0,,,,
fall2022,smadalen,7/8/2022,6,smadalen6,23,23,1E,,,,1,15,1.1,0,,,,
fall2022,smadalen,7/8/2022,6,smadalen6,21,21,5D,,,,1,13,1.2,0,,,,
fall2022,smadalen,7/8/2022,6,smadalen6,2,2,G,,3.6,2.6,2,45,1.6,1,6,,,
fall2022,smadalen,7/8/2022,6,smadalen6,3,3,P,212,4,1.5,2,55,1.7,2,8,,,
fall2022,smadalen,7/8/2022,6,smadalen6,24,24,1E,,,,1,11,1.7,0,,,,
fall2022,smadalen,7/8/2022,6,smadalen6,4,4,G,,6,4,6,65,2.1,1,2,,,
fall2022,smadalen,7/8/2022,6,smadalen6,1,1,P,211,4.7,3,2,35,2.7,3,7,,,
fall2022,smadalen,7/8/2022,6,smadalen6,9,,,,,,,,,,,,,
fall2022,smadalen,7/8/2022,7,smadalen7,1,1,P,,,,1,10,1.1,0,,,,
fall2022,smadalen,7/8/2022,7,smadalen7,3,3,P,214,2.5,2,2,32,1.1,0,,,,
fall2022,smadalen,7/8/2022,7,smadalen7,2,2,G,213,3.5,1.7,2,24,1.2,3,1.6,,,
fall2022,smadalen,7/8/2022,7,smadalen7,2,2,2,,,,1,28,1.5,0,,,,
fall2022,smadalen,7/8/2022,7,smadalen7,4,4,P,,,,1,16,1.9,1,0.5,,,
fall2022,smadalen,7/8/2022,8,smadalen8,5,5,1C,,3.5,2.6,2,19,1.6,0,,,,
fall2022,smadalen,7/8/2022,8,smadalen8,2,2,P,,3,2.8,5,60,1.7,2,8,,,
fall2022,smadalen,7/8/2022,8,smadalen8,9,9,1C,,,,1,10,1.7,0,,,,
fall2022,smadalen,7/8/2022,8,smadalen8,3,3,G,216,5.2,4.8,4,63,1.9,4,9,,,
fall2022,smadalen,7/8/2022,8,smadalen8,4,4,P,,7.5,5,5,73,2,3,8.5,,,
fall2022,smadalen,7/8/2022,8,smadalen8,1,1,G,215,10,6.5,14,140,2.5,26,11,,,
fall2022,smadalen,7/8/2022,9,smadalen9,new,5,2C,,,,1,10,0.6,0,,,,
fall2022,smadalen,7/8/2022,9,smadalen9,1,1,1A,,4.5,2.7,2,24,2.3,1,6.5,,,
fall2022,smadalen,7/8/2022,9,smadalen9,3,3,5A,,6,4.7,4,24,2.4,0,,,,
fall2022,smadalen,7/8/2022,9,smadalen9,new,4,1A,,5.8,5,2,16,2.7,2,7,,,
fall2022,smadalen,7/8/2022,9,smadalen9,3,3,P,,,,1,24,3.5,1,12.5,,,
fall2022,smadalen,7/8/2022,9,smadalen9,2,2,2B,,13,10,9,120,6,14,19.5,,,
fall2022,spiterstulen,8/8/2022,9,spiterstulen9,3,3,5E,,6,6.5,13,140,2.2,16,22.5,76,3.8,
fall2022,spiterstulen,8/8/2022,9,spiterstulen9,2,2,1A,,6.1,5.7,6,48,2.3,3,15,26,3.3,
fall2022,spiterstulen,8/8/2022,10,spiterstulen10,3,3,3B,,6.5,4.9,4,30,3.2,5,13.5,23,3,
fall2022,spiterstulen,8/8/2022,7,spiterstulen7,1,1,5A,,3.2,2.9,2,25,2,2,19,17,2.7,
fall2022,spiterstulen,8/8/2022,5,spiterstulen5,3,3,4D,,5.4,4.3,4,34,3.3,6,15,35,2.6,
fall2022,spiterstulen,8/8/2022,9,spiterstulen9,5,5,1A,,6.7,6.5,4,41,2.2,1,15,13,2.6,
fall2022,spiterstulen,8/8/2022,10,spiterstulen10,4,4,4B,,3.2,2.5,3,19,1.4,2,10.5,4,2.5,
fall2022,spiterstulen,8/8/2022,7,spiterstulen7,2,2,3A,,7.5,5,8,75,2.8,15,17,90,2.5,
fall2022,spiterstulen,8/8/2022,6,spiterstulen6,2,2,4C,,5,3.6,4,32,2,7,12,22,2.4,
fall2022,spiterstulen,8/8/2022,6,spiterstulen6,1,1,1C,,3.7,3,4,43,1.3,3,9,10,2.3,
fall2022,spiterstulen,8/8/2022,1,spiterstulen1,1,1,4B,,5.5,4.4,5,56,2.7,6,15,18,2.2,
fall2022,spiterstulen,8/8/2022,3,spiterstulen3,2,2,3A,,3.2,3.6,5,66,2.5,12,16.5,58,2.2,
fall2022,spiterstulen,8/8/2022,3,spiterstulen3,1,1,4A,,5.8,4.3,4,52,2.7,12,17.5,76,2.2,
fall2022,spiterstulen,8/8/2022,5,spiterstulen5,1,1,2B,,,,1,18,2.1,1,14,8,2,
fall2022,spiterstulen,8/8/2022,8,spiterstulen8,1,1,2D,,4.6,4.8,3,28,3.1,2,20,26,1.9,
fall2022,spiterstulen,8/8/2022,4,spiterstulen4,2,2,2B,,3.4,4,5,50,1.5,6,14,52,1.8,
fall2022,spiterstulen,8/8/2022,8,spiterstulen8,new,4,2D,,,,1,11,1.9,1,18,17,1.8,
fall2022,spiterstulen,8/8/2022,8,spiterstulen8,2,2,2D,,3.5,1.6,2,18,2.2,1,13,13,1.8,
fall2022,spiterstulen,8/8/2022,2,spiterstulen2,5,5,2A,,2.8,2.8,2,18,1.8,2,7,10,1.7,
fall2022,spiterstulen,8/8/2022,4,spiterstulen4,3,3,5C,,5,3.9,6,68,1.6,6,12,41,1.6,
fall2022,spiterstulen,8/8/2022,2,spiterstulen2,6,6,3A,,3.6,2.2,3,34,1.8,3,10.5,10,1.4,
fall2022,spiterstulen,8/8/2022,7,spiterstulen7,3,3,3E,,4.6,2.9,3,19,2.2,1,7.5,4,1.4,
fall2022,spiterstulen,8/8/2022,6,spiterstulen6,3,3,5C,,,,1,10,1.7,1,9.8,3,0.6,
fall2022,spiterstulen,8/8/2022,8,spiterstulen8,new,5,2D,,,,1,11,2.3,1,5.5,2,0.5,
fall2022,spiterstulen,8/8/2022,1,spiterstulen1,5,5,1E,,,,1,9,0.8,0,,,,
fall2022,spiterstulen,8/8/2022,1,spiterstulen1,2,2,2D,,1,2.4,2,12,1.2,0,,,,
fall2022,spiterstulen,8/8/2022,1,spiterstulen1,4,4,1E,,2,1.6,2,18,1.4,0,,,,
fall2022,spiterstulen,8/8/2022,1,spiterstulen1,2,2,P,342,8,5,5,52,1.6,5,10,,,
fall2022,spiterstulen,8/8/2022,1,spiterstulen1,3,3,G,341,,,1,30,2.2,0,,,,
fall2022,spiterstulen,8/8/2022,1,spiterstulen1,1,1,P,,4,3,2,24,2.4,0,,,,
fall2022,spiterstulen,8/8/2022,1,spiterstulen1,3,3,3E,,3.8,3.3,2,22,2.7,0,,,,
fall2022,spiterstulen,8/8/2022,1,spiterstulen1,4,4,G,361,10,9,12,90,5.3,4,12,,,
fall2022,spiterstulen,8/8/2022,10,spiterstulen10,11,11,4B,,,,1,4,0.6,0,,,,
fall2022,spiterstulen,8/8/2022,10,spiterstulen10,5,5,4B,,,,1,6,0.8,0,,,,
fall2022,spiterstulen,8/8/2022,10,spiterstulen10,new,12,4B,,,,1,4,0.8,0,,,,
fall2022,spiterstulen,8/8/2022,10,spiterstulen10,10,10,3B,,,,1,6,1.3,0,,,,
fall2022,spiterstulen,8/8/2022,10,spiterstulen10,7,7,1C,,,,1,10,1.5,0,,,,
fall2022,spiterstulen,8/8/2022,10,spiterstulen10,9,9,3D,,5.2,2.8,3,28,2.1,0,,,,
fall2022,spiterstulen,8/8/2022,10,spiterstulen10,3,3,P,360,4.7,5,6,58,2.4,7,18.5,,,
fall2022,spiterstulen,8/8/2022,10,spiterstulen10,2,2,3B,,5,3.7,3,23,2.4,0,,,,
fall2022,spiterstulen,8/8/2022,10,spiterstulen10,1,1,3A,,5.9,4.8,4,35,2.5,0,,,,
fall2022,spiterstulen,8/8/2022,10,spiterstulen10,8,8,2D,,5.1,3.6,3,34,2.5,0,,,,
fall2022,spiterstulen,8/8/2022,10,spiterstulen10,4,4,G,,4.5,3.5,3,27,2.9,2,17,,,
fall2022,spiterstulen,8/8/2022,10,spiterstulen10,6,6,5B,,5,4.5,2,22,3.4,0,,,,
fall2022,spiterstulen,8/8/2022,10,spiterstulen10,2,2,G,,,,1,26,3.7,0,,,,
fall2022,spiterstulen,8/8/2022,10,spiterstulen10,1,1,P,359,8,6.5,3,28,5,5,17.5,,,
fall2022,spiterstulen,8/8/2022,2,spiterstulen2,1,1,2A,,,,1,7,0.7,0,,,,
fall2022,spiterstulen,8/8/2022,2,spiterstulen2,new,9,4E,,,,1,7,0.7,0,,,,
fall2022,spiterstulen,8/8/2022,2,spiterstulen2,2,2,2A,,,,1,9,0.8,0,,,,
fall2022,spiterstulen,8/8/2022,2,spiterstulen2,3,3,2A,,,,1,16,1,1,4,2,,
fall2022,spiterstulen,8/8/2022,2,spiterstulen2,4,4,2A,,2,2.3,2,18,1.3,2,5.5,2,,
fall2022,spiterstulen,8/8/2022,2,spiterstulen2,2,2,P,,10,3,6,40,1.3,0,,,,
fall2022,spiterstulen,8/8/2022,2,spiterstulen2,1,1,G,343,7,5,11,120,1.4,15,13,,,
fall2022,spiterstulen,8/8/2022,2,spiterstulen2,4,4,P,,6,3.5,8,67,1.4,6,10,,,
fall2022,spiterstulen,8/8/2022,2,spiterstulen2,3,3,G,344,3.5,3,2,18,1.6,0,,,,
fall2022,spiterstulen,8/8/2022,2,spiterstulen2,7,7,1A,,3.2,2.8,2,25,1.7,1,3,0,,
fall2022,spiterstulen,8/8/2022,2,spiterstulen2,new,8,3E,,,,1,13,2.3,1,6.3,0,,
fall2022,spiterstulen,8/8/2022,3,spiterstulen3,4,4,3A,,3.2,2.6,4,33,0.9,1,11.8,7,,
fall2022,spiterstulen,8/8/2022,3,spiterstulen3,3,3,4A,,2.5,1.7,2,18,1.2,1,5,0,,
fall2022,spiterstulen,8/8/2022,3,spiterstulen3,5,5,3A,,,,1,13,1.4,0,,,,
fall2022,spiterstulen,8/8/2022,3,spiterstulen3,1,1,P,,3,2.5,2,21,1.8,1,10.5,,,
fall2022,spiterstulen,8/8/2022,3,spiterstulen3,2,2,G,,3.5,3,2,25,1.8,1,9.5,,,
fall2022,spiterstulen,8/8/2022,3,spiterstulen3,4,4,P,346,3.5,2.6,2,24,2,0,,,,
fall2022,spiterstulen,8/8/2022,3,spiterstulen3,3,3,G,345,7,3.2,5,43,3,8,20,,,
fall2022,spiterstulen,8/8/2022,4,spiterstulen4,1,1,2A,,,,1,32,1.5,0,,,,
fall2022,spiterstulen,8/8/2022,4,spiterstulen4,4,4,P,348,5.5,4.5,6,67,2,4,8.5,,,
fall2022,spiterstulen,8/8/2022,4,spiterstulen4,4,4,2C,,3.3,2.4,2,19,2,1,7,5,,
fall2022,spiterstulen,8/8/2022,4,spiterstulen4,3,3,G,,,,1,30,2.4,0,,,,
fall2022,spiterstulen,8/8/2022,4,spiterstulen4,1,1,P,347,7,5,8,64,2.5,12,15,,,
fall2022,spiterstulen,8/8/2022,4,spiterstulen4,2,2,G,,6,5,3,42,2.8,6,14.5,,,
fall2022,spiterstulen,8/8/2022,5,spiterstulen5,3,3,P,350,4.8,4.4,4,51,1.3,2,10.5,,,
fall2022,spiterstulen,8/8/2022,5,spiterstulen5,4,4,G,,,,1,10,1.4,1,6,,,
fall2022,spiterstulen,8/8/2022,5,spiterstulen5,2,2,P,,,,1,9,1.6,2,12,,,
fall2022,spiterstulen,8/8/2022,5,spiterstulen5,2,2,4D,,,,1,10,2.6,0,,,,
fall2022,spiterstulen,8/8/2022,5,spiterstulen5,1,1,G,349,,,1,20,2.8,1,8,,,
fall2022,spiterstulen,8/8/2022,6,spiterstulen6,new,8,5B,,,,1,2,0.6,0,,,,
fall2022,spiterstulen,8/8/2022,6,spiterstulen6,7,7,4C,,,,1,8,0.8,0,,,,
fall2022,spiterstulen,8/8/2022,6,spiterstulen6,5,5,4B,,,,1,10,1,0,,,,
fall2022,spiterstulen,8/8/2022,6,spiterstulen6,4,4,2A,,,,1,7,1.2,0,,,,
fall2022,spiterstulen,8/8/2022,6,spiterstulen6,6,6,3B,,,,1,7,1.7,0,,,,
fall2022,spiterstulen,8/8/2022,6,spiterstulen6,1,1,P,351,4,4.6,2,25,2.1,2,15,,,
fall2022,spiterstulen,8/8/2022,6,spiterstulen6,3,3,G,352,5,2.5,2,22,2.5,3,13.5,,,
fall2022,spiterstulen,8/8/2022,6,spiterstulen6,4,4,P,,8,7.5,8,52,2.6,7,12.5,,,
fall2022,spiterstulen,8/8/2022,6,spiterstulen6,2,2,P,,7.5,10.5,8,63,4.2,10,15,,,
fall2022,spiterstulen,8/8/2022,7,spiterstulen7,1,1,G,,,,1,13,1.2,0,,,,
fall2022,spiterstulen,8/8/2022,7,spiterstulen7,4,4,G,354,,,1,17,1.6,0,,,,
fall2022,spiterstulen,8/8/2022,7,spiterstulen7,3,3,P,,,,1,19,1.8,1,5.5,,,
fall2022,spiterstulen,8/8/2022,7,spiterstulen7,2,2,P,353,7,6,8,62,2.3,13,18,,,
fall2022,spiterstulen,8/8/2022,8,spiterstulen8,3,3,P,,3,2.8,2,18,1.6,1,3,,,
fall2022,spiterstulen,8/8/2022,8,spiterstulen8,3,3,4D,,,,1,16,1.8,0,,,,
fall2022,spiterstulen,8/8/2022,8,spiterstulen8,1,1,G,355,13,9,14,160,4,27,17,,,
fall2022,spiterstulen,8/8/2022,8,spiterstulen8,4,4,Gr,,8.5,10,12,44,4.7,15,13,,,
fall2022,spiterstulen,8/8/2022,8,spiterstulen8,2,2,P,356,9,7,16,75,11.9,15,13,,,
fall2022,spiterstulen,8/8/2022,9,spiterstulen9,4,4,1D,,,,1,14,1.4,1,4,0,,
fall2022,spiterstulen,8/8/2022,9,spiterstulen9,3,3,P,358,4,1.8,4,43,1.5,3,12,,,
fall2022,spiterstulen,8/8/2022,9,spiterstulen9,4,4,G,,4.7,2.6,3,31,2,5,11.5,,,
fall2022,spiterstulen,8/8/2022,9,spiterstulen9,2,2,P,,6.5,3.7,3,35,2.2,2,17,,,
fall2022,spiterstulen,8/8/2022,9,spiterstulen9,1,1,1A,,5.4,2.8,5,42,2.3,1,8.5,0,,
fall2022,spiterstulen,8/8/2022,9,spiterstulen9,1,1,G,357,8,5.5,3,30,3.4,1,11.5,,,
