season,pop,quadrat,fullName,prevNum,num,mark_cell,DNA sample,clusterLength,clusterWidth,nRosettes,nLeaves,lengthLongestLeaf,nInfl,lengthInfl,nSiliques,lengthLongestSilique,comments
spring2022,hjelle,7,hjelle7,,32,3D,,,,1,13,1.7,0,,,,
spring2022,bovra,9,bovra9,,4,P,138,15,9,7,100,6.6,2,10.5,,,
spring2022,smadalen,9,smadalen9,,2,G,118,16,16,20,300,6.5,13,17.5,,,
spring2022,bovra,6,bovra6,,1,2A,,11.5,12,2,85,6,4,14.5,,,
spring2022,laerdal,2,laerdal2,,2,P,,,,1,16,5.6,1,25,,,
spring2022,laerdal,3,laerdal3,,5,4B,,,,1,22,5.6,1,2,,,
spring2022,laerdal,4,laerdal4,,8,2C,,6,4,2,28,5.5,1,9,,,
spring2022,bovra,10,bovra10,,5,4C,,6.5,9.5,2,33,5.5,3,21,,,
spring2022,ardal,1,ardal1,,1,G,61,,,1,46,5.3,3,24,,,
spring2022,bovra,10,bovra10,,1,3A,,12,12.5,12,140,5.3,6,12.5,,,
spring2022,laerdal,9,laerdal9,,8,3B,,15,10.5,8,79,5.2,9,8,,,
spring2022,bovra,8,bovra8,,3,5C,,6.5,7.5,5,49,5.1,2,10,,,
spring2022,laerdal,2,laerdal2,,5,G,3,,,1,38,5,4,40,,,
spring2022,bovra,9,bovra9,,1,G,137,16,15,14,200,5,16,9.5,,,
spring2022,bovra,8,bovra8,,4,G,136,12.5,10,9,62,4.9,3,11,,,
spring2022,bovra,8,bovra8,,2,5B,,10,9.5,6,110,4.9,3,15.5,,,
spring2022,laerdal,2,laerdal2,,3,G,2,3,4.5,3,25,4.8,1,3.5,,,
spring2022,laerdal,2,laerdal2,,4,C3,,8.5,8,2,36,4.8,2,22.5,,,
spring2022,laerdal,2,laerdal2,,1,G,1,2.5,1,2,20,4.7,1,12,,,
spring2022,bovra,1,bovra1,,2,2A,,,,1,20,4.6,0,,,,
spring2022,bovra,1,bovra1,,27,2C,,9,11,6,120,4.6,11,16,,,
spring2022,bovra,7,bovra7,,1,G,,9.5,6,5,36,4.5,3,10,,,
spring2022,bovra,8,bovra8,,1,P,135,6.5,7.4,4,28,4.5,8,20,,,
spring2022,bovra,9,bovra9,,1,3A,,12.5,9.5,7,80,4.5,12,25,,,
spring2022,bovra,10,bovra10,,1,G,139,10.5,10,4,44,4.5,4,23.5,,,
spring2022,laerdal,2,laerdal2,,1,A2,,,,1,28,4.4,2,34,,,
spring2022,laerdal,3,laerdal3,,8,1C,,8,7,3,69,4.4,7,23,,,
spring2022,smadalen,10,smadalen10,,2,G,119,8,9.5,2,54,4.4,0,,,,
spring2022,laerdal,3,laerdal3,,3,G,6,9,4.2,2,43,4.3,5,29,,,
spring2022,bovra,9,bovra9,,2,1B,,9,7,4,27,4.3,8,32,,,
spring2022,laerdal,4,laerdal4,,2,G,,,,1,16,4.2,,,,,
spring2022,spiterstulen,8,spiterstulen8,,1,G,155,13,8,8,150,4.2,28,16,,,
spring2022,laerdal,3,laerdal3,,4,P,,8.2,6.3,3,48,4.1,4,23,,,
spring2022,smadalen,9,smadalen9,,1,1A,,11,9,8,120,4.1,15,11.5,,,
spring2022,spiterstulen,1,spiterstulen1,,4,G,142,15,15.5,8,110,4.1,2,,,,
spring2022,laerdal,2,laerdal2,,4,P,,,,1,22,4,1,9.5,,,
spring2022,laerdal,9,laerdal9,,2,2D,,10,5.5,4,58,4,8,8,,,
spring2022,bovra,7,bovra7,,4,1E,,10.5,7.5,6,69,4,5,18.5,,,
spring2022,bovra,9,bovra9,,3,5E,,,,1,15,4,0,,,,
spring2022,spiterstulen,3,spiterstulen3,,3,P,145,8,1.5,3,54,4,8,21,,,
spring2022,smadalen,10,smadalen10,,3,G,120,12,7.5,4,77,3.9,15,13.5,,,
spring2022,bovra,7,bovra7,,4,G,134,7.5,6,4,60,3.9,9,18.5,,,
spring2022,spiterstulen,6,spiterstulen6,,2,P,,10.5,7.5,6,90,3.9,7,13.5,,,
spring2022,laerdal,10,laerdal10,,4,1A,,,,1,14,3.8,0,,,,
spring2022,saebo,1,saebo1,,3,G,21,,,1,5,3.8,1,14,,,
spring2022,ardal,4,ardal4,,4,3C,68,8,3,3,52,3.8,8,19,,,
spring2022,hjelle,2,hjelle2,,2,P,43,8,5,2,47,3.7,7,2.5,,,
spring2022,ardal,7,ardal7,,1,1A,,,,1,10,3.7,3,36,,,
spring2022,smadalen,10,smadalen10,,1,1D,,6,7.3,2,52,3.7,4,2.5,,,
spring2022,laerdal,4,laerdal4,,1,P,7,3,5,2,22,3.6,5,40,,,
spring2022,ardal,2,ardal2,,1,P,63,6,4,8,87,3.6,7,25,,,
spring2022,ardal,7,ardal7,,3,4B,74,,,3,42,3.6,10,39,,,
spring2022,smadalen,10,smadalen10,,2,4D,,7,9,5,100,3.6,8,16,,,
spring2022,bovra,3,bovra3,,6,5C,,,,1,5,3.6,0,,,,
spring2022,bovra,6,bovra6,,1,P,131,8.5,7,7,130,3.6,7,17,,,
spring2022,spiterstulen,6,spiterstulen6,,1,G,151,5.9,6,2,52,3.6,3,12.5,,,
spring2022,spiterstulen,7,spiterstulen7,,2,3A,,10.5,5.2,9,80,3.6,13,19,,,
spring2022,laerdal,2,laerdal2,,6,P,,6,3,3,43,3.5,7,32,,,
spring2022,laerdal,6,laerdal6,,27,3E,,,,1,17,3.5,1,23,,,
spring2022,laerdal,10,laerdal10,,20,1B,,4.5,3.5,2,20,3.5,3,13,,,
spring2022,hjelle,3,hjelle3,,2,G,45,5.5,4.5,2,26,3.5,8,38,,,
spring2022,ardal,4,ardal4,,1,3B,67,7,5,2,41,3.5,4,12,,,
spring2022,ardal,5,ardal5,,3,G,,7.6,6,2,19,3.5,2,18,,,
spring2022,ardal,6,ardal6,,32,3E,,,,1,15,3.5,0,,,,
spring2022,helin,7,helin7,,4,P,,,,1,16,3.5,3,9.5,,,
spring2022,helin,8,helin8,,4,P,98,6.5,7.5,2,38,3.5,11,15.5,,,
spring2022,bovra,7,bovra7,,2,2C,,8,7,2,48,3.5,3,10,,,
spring2022,bovra,10,bovra10,,2,P,,5,3,2,31,3.5,2,12.5,,,
spring2022,spiterstulen,10,spiterstulen10,,1,P,159,8,6.5,3,34,3.5,2,18.5,,,
spring2022,spiterstulen,10,spiterstulen10,,2,G,,,,1,38,3.5,0,,,,
spring2022,laerdal,3,laerdal3,,7,4D,,7.5,5.5,3,66,3.4,5,6.5,,,
spring2022,laerdal,4,laerdal4,,5,2B,,,,1,29,3.4,1,8,,,
spring2022,laerdal,8,laerdal8,,3,P,,,,1,18,3.4,1,8.2,,,
spring2022,laerdal,9,laerdal9,,1,P,,8,6,3,47,3.4,6,,,,
spring2022,hjelle,4,hjelle4,,2,P,47,7,8,8,102,3.4,12,28,,,
spring2022,ardal,8,ardal8,,3,G,76,4.7,4.4,4,49,3.4,2,19.5,,,
spring2022,bovra,7,bovra7,,1,2A,,8,6,3,50,3.4,6,20,,,
spring2022,bovra,7,bovra7,,3,1D,,5.7,5,3,27,3.4,1,7.3,,,
spring2022,bovra,8,bovra8,,1,1A,,5,3.2,2,24,3.4,2,11.5,,,
spring2022,spiterstulen,6,spiterstulen6,,6,3B,,,,1,4,3.4,0,,,,
spring2022,spiterstulen,8,spiterstulen8,,2,P,156,9,6,12,100,3.4,14,15,,,
spring2022,laerdal,9,laerdal9,,4,P,18,5.5,4,2,44,3.3,3,15,,,
spring2022,laerdal,10,laerdal10,,8,2A,,4,2.5,3,32,3.3,0,,,,
spring2022,laerdal,10,laerdal10,,15,4B,,4.5,3,2,28,3.3,0,,,,
spring2022,hjelle,4,hjelle4,,9,3C,,,,2,20,3.3,3,24.5,,,
spring2022,ardal,5,ardal5,,2,G,,,,1,22,3.3,2,,,,
spring2022,ardal,5,ardal5,,4,P,70,4.5,4.8,2,32,3.3,2,12,,,
spring2022,helin,5,helin5,,8,2C,,,,1,8,3.3,1,11.5,,,
spring2022,bovra,1,bovra1,,5,1B,,5,3.5,2,33,3.3,1,13.5,,,
spring2022,bovra,10,bovra10,,3,2B,,3.5,5.5,2,14,3.3,1,7,,,
spring2022,spiterstulen,9,spiterstulen9,,1,G,157,8,4,2,29,3.3,1,11,,,
spring2022,laerdal,6,laerdal6,,2,G,,,,1,18,3.2,1,23.5,,,
spring2022,laerdal,10,laerdal10,,6,1A,,,,1,32,3.2,1,25,,,
spring2022,laerdal,10,laerdal10,,7,1A,,,,1,6,3.2,0,,,,
spring2022,laerdal,10,laerdal10,,19,1B,,5,4.5,3,28,3.2,2,10,,,
spring2022,saebo,4,saebo4,,2,G,27,3.5,7,6,53,3.2,1,27,,,
spring2022,hjelle,9,hjelle9,,3,P,58,7,5,2,44,3.2,3,18.5,,,
spring2022,ardal,7,ardal7,,1,P,73,,,1,13,3.2,0,,,,
spring2022,helin,9,helin9,,3,P,96,,,1,28,3.2,5,13.5,,,
spring2022,bovra,1,bovra1,,30,5D,,,,1,11,3.2,0,,,,
spring2022,bovra,6,bovra6,,3,G,132,6,8,6,74,3.2,5,7,,,
spring2022,spiterstulen,6,spiterstulen6,,4,P,152,8.5,7.5,5,79,3.2,7,16.5,,,
spring2022,spiterstulen,8,spiterstulen8,,1,2D,,5.8,4.5,3,29,3.2,3,16.5,,,
spring2022,laerdal,6,laerdal6,,25,3E,,,,2,24,3.1,0,,,,
spring2022,ardal,1,ardal1,,3,P,62,,,1,20,3.1,1,20,,,
spring2022,bovra,4,bovra4,,1,2A,,12,10.5,27,280,3.1,18,14.5,,,
spring2022,laerdal,4,laerdal4,,6,3A,,,,1,6,3,1,22,,,
spring2022,laerdal,4,laerdal4,,17,2C,,,,1,9,3,2,5,,,
spring2022,laerdal,5,laerdal5,,1,P,9,4.5,3,2,22,3,2,13.5,,,
spring2022,laerdal,6,laerdal6,,30,4D,,,,1,16,3,1,15,,,
spring2022,hjelle,7,hjelle7,,7,2C,,,,1,23,3,2,18.5,,,
spring2022,hjelle,7,hjelle7,,26,5C,,5.5,3,3,41,3,4,15,,,
spring2022,hjelle,9,hjelle9,,2,P,57,4,3,3,41,3,8,21,,,
spring2022,hjelle,10,hjelle10,,4,P,,,,2,42,3,3,24.5,,,
spring2022,ardal,5,ardal5,,2,2A,,,,1,19,3,1,3.5,,,
spring2022,ardal,5,ardal5,,3,2B,,,,1,13,3,0,,,,
spring2022,smadalen,2,smadalen2,,4,3D,,9,11.5,9,250,3,14,9.5,,,
spring2022,smadalen,10,smadalen10,,4,P,,7.4,5.5,3,76,3,11,12.5,,,
spring2022,bovra,1,bovra1,,6,1B,,,,1,6,3,1,18,,,
spring2022,bovra,1,bovra1,,9,1B,,4.5,3.5,3,26,3,0,,,,
spring2022,bovra,7,bovra7,,2,P,133,6.6,7,4,65,3,6,14,,,
spring2022,bovra,10,bovra10,,3,G,140,6,5.5,2,42,3,2,16.5,,,
spring2022,bovra,10,bovra10,,6,5D,,8.5,5,9,33,3,4,12.5,,,
spring2022,spiterstulen,9,spiterstulen9,,5,1A,,5,2,3,43,3,1,13,,,
spring2022,spiterstulen,10,spiterstulen10,,6,5A,,4.5,2.7,2,24,3,1,,,,
spring2022,spiterstulen,10,spiterstulen10,,9,2E,,3.1,3.5,2,25,3,0,,,,
spring2022,laerdal,2,laerdal2,,2,A3,,,,1,14,2.9,1,28.5,,,
spring2022,laerdal,4,laerdal4,,15,2C,,,,1,9,2.9,1,16,,,
spring2022,laerdal,7,laerdal7,,15,1E,,4.6,3.4,4,29,2.9,2,32,,,
spring2022,laerdal,9,laerdal9,,9,2B,,,,1,4,2.9,0,,,,
spring2022,bovra,1,bovra1,,31,5D,,4.8,3.6,3,24,2.9,1,13.5,,,
spring2022,bovra,4,bovra4,,4,G,128,7,7,4,85,2.9,1,2.5,,,
spring2022,spiterstulen,6,spiterstulen6,,3,G,,,,1,31,2.9,2,14.5,,,
spring2022,laerdal,2,laerdal2,,3,C3,,,,1,12,2.8,1,20,,,
spring2022,laerdal,6,laerdal6,,26,3E,,,,2,57,2.8,5,30,,,
spring2022,saebo,10,saebo10,,2,P,39,8,5,4,52,2.8,5,22,,,
spring2022,hjelle,2,hjelle2,,9,5E,,5.5,5,5,52,2.8,14,22,,,
spring2022,hjelle,5,hjelle5,,2,,50,10,7,12,150,2.8,22,31,,,
spring2022,hjelle,6,hjelle6,,1,P,51,6,7,11,96,2.8,31,24,,,
spring2022,hjelle,10,hjelle10,,11,2E,,4,4.6,2,13,2.8,21,36,,,
spring2022,ardal,2,ardal2,,1,3B,,5,3,5,56,2.8,11,24,,,
spring2022,ardal,4,ardal4,,6,4E,,,,1,12,2.8,0,,,,
spring2022,ardal,4,ardal4,,7,3D,,5,3,2,20,2.8,2,24,,,
spring2022,bovra,6,bovra6,,3,1C,,6.5,5,5,66,2.8,6,10.5,,,
spring2022,bovra,6,bovra6,,7,4D,,5.2,4.9,3,29,2.8,2,12.5,,,
spring2022,spiterstulen,1,spiterstulen1,,2,P,141,5,5,2,31,2.8,5,,,,
spring2022,spiterstulen,3,spiterstulen3,,1,4A,,5,5,5,58,2.8,7,19,,,
spring2022,laerdal,6,laerdal6,,1,P,11,5.5,3,2,32,2.7,3,15.5,,,
spring2022,laerdal,6,laerdal6,,24,3E,,,,1,24,2.7,2,4.5,,,
spring2022,laerdal,7,laerdal7,,14,1D,,4.8,4.4,2,12,2.7,2,18,,,
spring2022,laerdal,9,laerdal9,,3,2D,,,,1,9,2.7,0,,,,
spring2022,laerdal,9,laerdal9,,7,5B,,,,1,6,2.7,1,3.1,,,
spring2022,saebo,9,saebo9,,4,P,38,4.5,3,3,28,2.7,4,14,,,
spring2022,hjelle,3,hjelle3,,11,4B,,9,6,8,69,2.7,14,22,,,
spring2022,hjelle,4,hjelle4,,8,3C,,5,4,1,30,2.7,2,16,,,
spring2022,hjelle,4,hjelle4,,22,5D,,8,7,7,54,2.7,5,13,,,
spring2022,hjelle,10,hjelle10,,2,P,,,,1,12,2.7,0,,,,
spring2022,ardal,3,ardal3,,1,2A,,,,1,10,2.7,0,,,,
spring2022,ardal,3,ardal3,,2,2A,,,,1,16,2.7,2,30,,,
spring2022,helin,3,helin3,,19,5A,,5.5,4.3,2,44,2.7,6,9,,,
spring2022,helin,7,helin7,,12,1D,,10.5,2.5,8,80,2.7,7,12,,,
spring2022,helin,9,helin9,,1,P,95,4.5,5,2,53,2.7,4,10.5,,,
spring2022,helin,10,helin10,,6,1C,,7.3,1.9,3,62,2.7,1,9,,,
spring2022,bovra,3,bovra3,,5,3A,,,,2,24,2.7,1,8.5,,,
spring2022,bovra,4,bovra4,,2,G,127,8,4,6,61,2.7,7,17.5,,,
spring2022,bovra,5,bovra5,,4,P,,5.7,3.9,3,52,2.7,1,7.5,,,
spring2022,bovra,5,bovra5,,1,4A,,5.2,4.5,7,100,2.7,5,9,,,
spring2022,spiterstulen,1,spiterstulen1,,3,3E,,,,1,19,2.7,0,,,,
spring2022,spiterstulen,9,spiterstulen9,,1,1A,,5.3,4.7,5,50,2.7,0,,,,
spring2022,laerdal,6,laerdal6,,3,G,12,5,3.5,3,54,2.6,3,6.5,,,
spring2022,laerdal,6,laerdal6,,21,3E,,,,1,13,2.6,1,2,,,
spring2022,laerdal,7,laerdal7,,17,5D,,,,1,7,2.6,1,22.5,,,
spring2022,laerdal,8,laerdal8,,4,G,,,,1,17,2.6,2,25,,,
spring2022,laerdal,8,laerdal8,,1,2C,,3.5,2.5,2,26,2.6,2,19.5,,,
spring2022,laerdal,9,laerdal9,,4,4C,,,,1,4,2.6,0,,,,
spring2022,laerdal,10,laerdal10,,3,1A,,,,1,16,2.6,3,20,,,
spring2022,laerdal,10,laerdal10,,18,4B,,,,1,20,2.6,3,15.5,,,
spring2022,hjelle,8,hjelle8,,1,5E,,4.5,3,2,22,2.6,1,30,,,
spring2022,hjelle,9,hjelle9,,32,3D,,,,1,9,2.6,1,4,,,
spring2022,hjelle,9,hjelle9,,33,3D,,5,4.5,4,36,2.6,4,21,,,
spring2022,hjelle,10,hjelle10,,8,3D,,4.7,4.7,2,39,2.6,3,26,,,
spring2022,ardal,1,ardal1,,2,P,,,,1,12,2.6,3,25,,,
spring2022,ardal,2,ardal2,,3,4B,,3.5,2.5,4,38,2.6,6,25,,,
spring2022,helin,3,helin3,,1,G,85,4.5,2.5,2,33,2.6,3,7.5,,,
spring2022,helin,5,helin5,,1,2A,,5,2,2,20,2.6,0,,,,
spring2022,helin,5,helin5,,4,2B,,,,1,5,2.6,0,,,,
spring2022,helin,9,helin9,,1,2B,,5.3,2.5,2,23,2.6,2,14,,,
spring2022,helin,10,helin10,,2,P,,,,5,103,2.6,7,15,,,
spring2022,smadalen,8,smadalen8,,6,2C,,7,4.5,7,43,2.6,1,3.5,,,
spring2022,smadalen,9,smadalen9,,2,3A,,4.5,4,2,15,2.6,0,,,,
spring2022,bovra,6,bovra6,,4,G,,7.5,6.5,6,73,2.6,3,3.5,,,
spring2022,bovra,6,bovra6,,2,2B,,6,5.5,5,63,2.6,5,14,,,
spring2022,bovra,7,bovra7,,5,1E,,,,1,28,2.6,1,8,,,
spring2022,spiterstulen,9,spiterstulen9,,2,1A,,5,4.5,6,56,2.6,3,15,,,
spring2022,laerdal,1,laerdal1,,2,C3,,4.4,3.5,2,31,2.5,3,23.5,,,
spring2022,laerdal,4,laerdal4,,3,2A,,8,4.5,3,48,2.5,8,26,,,
spring2022,laerdal,6,laerdal6,,17,4C,,,,1,20,2.5,0,,,,
spring2022,laerdal,6,laerdal6,,18,1E,,,,1,22,2.5,1,5,,,
spring2022,laerdal,6,laerdal6,,20,2E,,,,5,54,2.5,2,6,,,
spring2022,laerdal,6,laerdal6,,31,4D,,,,1,17,2.5,0,,,,
spring2022,laerdal,7,laerdal7,,1,P,13,7,3,5,72,2.5,7,23,,,
spring2022,laerdal,7,laerdal7,,11,1C,,4.6,2.7,2,19,2.5,2,25,,,
spring2022,hjelle,5,hjelle5,,1,,49,5.5,4,3,56,2.5,7,9.5,,,
spring2022,hjelle,7,hjelle7,,14,4E,,6,6.3,4,77,2.5,8,21,,,
spring2022,hjelle,9,hjelle9,,36,3E,,5.5,3,3,24,2.5,3,14,,,
spring2022,ardal,2,ardal2,,3,G,64,,,1,25,2.5,1,10.5,,,
spring2022,ardal,2,ardal2,,4,4B,,3,3,3,38,2.5,7,17,,,
spring2022,ardal,5,ardal5,,1,P,69,5,6,4,44,2.5,4,15,,,
spring2022,ardal,6,ardal6,,15,4C,,3.8,2.5,7,63,2.5,11,17.5,,,
spring2022,ardal,8,ardal8,,2,2C,,,,1,9,2.5,1,9,,,
spring2022,helin,1,helin1,,1,G,82,3.3,4.1,2,29,2.5,3,12,,,
spring2022,helin,3,helin3,,3,G,,,,1,8,2.5,0,,,,
spring2022,helin,7,helin7,,7,4B,,,,1,17,2.5,0,,,,
spring2022,smadalen,2,smadalen2,,2,G,103,6.8,2.4,8,120,2.5,18,9.5,,,
spring2022,smadalen,6,smadalen6,,1,P,111,3.5,2,2,39,2.5,3,7.5,,,
spring2022,bovra,1,bovra1,,2,G,121,79.5,7.5,9,95,2.5,16,23,,,
spring2022,bovra,1,bovra1,,17,4B,,4.4,4.7,5,43,2.5,0,,,,
spring2022,bovra,6,bovra6,,5,1C,,,,1,26,2.5,1,5.5,,,
spring2022,bovra,8,bovra8,,2,P,,3.5,4.5,2,17,2.5,0,,,,
spring2022,spiterstulen,1,spiterstulen1,,3,G,,,,1,17,2.5,0,,,,
spring2022,spiterstulen,7,spiterstulen7,,2,P,153,8,8,8,63,2.5,18,18.5,,,
spring2022,spiterstulen,9,spiterstulen9,,2,P,,5.2,4.7,2,23,2.5,1,15,,,
spring2022,laerdal,1,laerdal1,,4,C4,,4,3.5,4,35,2.4,6,24,,,
spring2022,laerdal,4,laerdal4,,13,3E,,,,1,6,2.4,0,,,,
spring2022,laerdal,6,laerdal6,,28,3E,,,,1,20,2.4,1,8.5,,,
spring2022,laerdal,6,laerdal6,,34,4D,,,,1,6,2.4,0,,,,
spring2022,laerdal,7,laerdal7,,2,G,,3,2,2,22,2.4,1,16.5,,,
spring2022,laerdal,8,laerdal8,,3,2D,,,,1,9,2.4,1,20,,,
spring2022,laerdal,8,laerdal8,,5,3C,,2.5,3.6,2,20,2.4,2,29.5,,,
spring2022,laerdal,9,laerdal9,,1,1D,,9,8,7,81,2.4,7,12,,,
spring2022,laerdal,10,laerdal10,,1,1A,,,,1,12,2.4,0,,,,
spring2022,laerdal,10,laerdal10,,12,2A,,,,1,14,2.4,0,,,,
spring2022,laerdal,10,laerdal10,,16,5B,,,,1,10,2.4,0,,,,
spring2022,laerdal,10,laerdal10,,17,5B,,,,1,10,2.4,3,10,,,
spring2022,hjelle,3,hjelle3,,1,P,,3.5,5.5,4,51,2.4,12,16.5,,,
spring2022,hjelle,4,hjelle4,,25,5E,,,,1,10,2.4,1,3,,,
spring2022,hjelle,5,hjelle5,,10,,,,,1,43,2.4,7,22,,,
spring2022,hjelle,7,hjelle7,,1,G,53,7,7,7,130,2.4,2,20,,,
spring2022,hjelle,8,hjelle8,,1,G,,4,3,2,18,2.4,2,18.5,,,
spring2022,hjelle,8,hjelle8,,2,P,55,4,3,4,30,2.4,0,,,,
spring2022,hjelle,8,hjelle8,,3,G,,,,1,16,2.4,1,9,,,
spring2022,hjelle,8,hjelle8,,2,2E,,5.5,3.5,5,63,2.4,2,18,,,
spring2022,ardal,2,ardal2,,4,P,,7.5,6.5,3,34,2.4,4,18.5,,,
spring2022,ardal,5,ardal5,,1,1A,,4.5,4,2,23,2.4,2,16.5,,,
spring2022,ardal,6,ardal6,,1,1A,,3.3,2.5,3,44,2.4,4,21,,,
spring2022,ardal,6,ardal6,,19,1D,,,,1,11,2.4,0,,,,
spring2022,ardal,8,ardal8,,1,P,75,5.5,4.3,3,36,2.4,3,21,,,
spring2022,helin,2,helin2,,3,5A,,,,1,10,2.4,0,,,,
spring2022,helin,7,helin7,,1,G,93,5,3.3,2,36,2.4,2,7,,,
spring2022,helin,7,helin7,,17,4D,,,,1,9,2.4,0,,,,
spring2022,helin,8,helin8,,1,2C,,5,6,7,70,2.4,5,12,,,
spring2022,helin,9,helin9,,2,2B,,4,3.5,3,27,2.4,4,13.5,,,
spring2022,helin,10,helin10,,10,3D,,,,1,21,2.4,3,14,,,
spring2022,smadalen,2,smadalen2,,7,4C,,4,3.6,3,37,2.4,2,5.5,,,
spring2022,smadalen,4,smadalen4,,3,P,,4.4,2.8,2,48,2.4,1,8,,,
spring2022,smadalen,6,smadalen6,,3,P,112,3.6,2.5,3,42,2.4,1,5.5,,,
spring2022,smadalen,6,smadalen6,,4,G,,7.5,3.5,3,70,2.4,0,,,,
spring2022,bovra,1,bovra1,,26,1C,,2.7,2.5,2,13,2.4,0,,,,
spring2022,bovra,3,bovra3,,1,G,125,8.5,5.5,7,86,2.4,6,12.5,,,
spring2022,bovra,3,bovra3,,1,1A,,,,1,14,2.4,0,,,,
spring2022,bovra,5,bovra5,,6,2E,,5,4,7,90,2.4,4,5,,,
spring2022,bovra,7,bovra7,,3,P,,,,1,24,2.4,4,9.5,,,
spring2022,bovra,9,bovra9,,2,P,,,,1,9,2.4,0,,,,
spring2022,spiterstulen,4,spiterstulen4,,2,G,,4.9,4.4,3,46,2.4,6,19,,,
spring2022,laerdal,5,laerdal5,,3,G,10,1.5,1,1,12,2.3,1,28,,,
spring2022,laerdal,6,laerdal6,,9,2B,,5,4.5,2,17,2.3,2,26,,,
spring2022,laerdal,9,laerdal9,,3,G,,5,3.5,2,20,2.3,3,7,,,
spring2022,laerdal,10,laerdal10,,5,1A,,,,1,10,2.3,0,,,,
spring2022,laerdal,10,laerdal10,,10,2A,,,,1,15,2.3,1,,,,
spring2022,hjelle,2,hjelle2,,3,G,,3.5,3.5,3,24,2.3,9,15,,,
spring2022,hjelle,4,hjelle4,,1,1A,,,,1,12,2.3,1,12,,,
spring2022,hjelle,4,hjelle4,,2,1A,,,,1,14,2.3,1,6,,,
spring2022,hjelle,9,hjelle9,,21,5C,,3,1.8,2,11,2.3,6,19.5,,,
spring2022,hjelle,9,hjelle9,,31,3D,,,,1,9,2.3,1,9,,,
spring2022,ardal,1,ardal1,,3,2C,,,,1,12,2.3,1,25,,,
spring2022,ardal,2,ardal2,,2,3B,,4.5,3,5,36,2.3,8,23,,,
spring2022,ardal,8,ardal8,,2,G,,,,1,15,2.3,1,12,,,
spring2022,helin,3,helin3,,1,1B,,6,2.5,2,50,2.3,5,6,,,
spring2022,helin,3,helin3,,2,1B,,5.3,4,4,57,2.3,4,3.7,,,
spring2022,helin,5,helin5,,17,5C,,4.5,4.2,5,61,2.3,4,12.5,,,
spring2022,helin,6,helin6,,14,3E,,,,1,4,2.3,0,,,,
spring2022,helin,7,helin7,,3,G,94,4.4,4.2,2,44,2.3,0,,,,
spring2022,smadalen,7,smadalen7,,1,3D,,4,4,4,39,2.3,3,,,,
spring2022,smadalen,8,smadalen8,,1,G,115,9.5,5.5,8,110,2.3,18,11.5,,,
spring2022,bovra,2,bovra2,,1,2A,,7.5,10.5,8,100,2.3,18,13,,,
spring2022,bovra,3,bovra3,,3,P,,,,1,24,2.3,2,8.5,,,
spring2022,bovra,4,bovra4,,3,P,,4.5,5,4,57,2.3,4,10,,,
spring2022,bovra,5,bovra5,,3,G,130,7,6.5,5,110,2.3,0,,,,
spring2022,bovra,6,bovra6,,8,3E,,7,4,7,65,2.3,5,10.5,,,
spring2022,spiterstulen,3,spiterstulen3,,4,G,146,4,3.2,2,22,2.3,0,,,,
spring2022,spiterstulen,10,spiterstulen10,,3,P,160,5.5,3.5,5,51,2.3,8,20,,,
spring2022,laerdal,2,laerdal2,,7,G,4,3.4,3.2,3,38,2.2,1,12.3,,,
spring2022,laerdal,4,laerdal4,,11,2E,,5.5,3,2,43,2.2,1,20,,,
spring2022,laerdal,4,laerdal4,,18,1C,,,,1,7,2.2,0,,,,
spring2022,laerdal,6,laerdal6,,35,4D,,,,1,4,2.2,0,,,,
spring2022,laerdal,9,laerdal9,,5,4C,,,,1,11,2.2,0,,,,
spring2022,laerdal,10,laerdal10,,2,1A,,,,1,8,2.2,0,,,,
spring2022,laerdal,10,laerdal10,,21,4C,,,,1,8,2.2,0,,,,
spring2022,laerdal,10,laerdal10,,23,5E,,,,1,14,2.2,0,,,,
spring2022,hjelle,2,hjelle2,,5,3B,,,,1,18,2.2,1,11.5,,,
spring2022,hjelle,4,hjelle4,,23,5E,,,,1,13,2.2,1,3.5,,,
spring2022,hjelle,6,hjelle6,,6,5C,,2,3,2,22,2.2,1,13,,,
spring2022,ardal,5,ardal5,,9,4D,,,,1,19,2.2,0,,,,
spring2022,ardal,6,ardal6,,23,1D,,,,1,14,2.2,1,12,,,
spring2022,ardal,8,ardal8,,4,P,,,,1,16,2.2,1,20.5,,,
spring2022,ardal,8,ardal8,,3,1C,,4,4,3,38,2.2,3,22,,,
spring2022,helin,1,helin1,,3,P,,4.4,3.8,5,67,2.2,0,,,,
spring2022,helin,3,helin3,,12,4B,,3.5,2,2,26,2.2,1,3.5,,,
spring2022,helin,4,helin4,,20,1E,,3.5,2.7,3,26,2.2,0,,,,
spring2022,helin,6,helin6,,2,P,,,,1,19,2.2,3,11,,,
spring2022,helin,6,helin6,,7,3C,,,,1,23,2.2,,,,,
spring2022,smadalen,2,smadalen2,,3,1B,,3,3,3,44,2.2,0,,,,
spring2022,bovra,1,bovra1,,3,G,122,12,10.5,12,200,2.2,18,23,,,
spring2022,bovra,1,bovra1,,1,1A,,,,1,8,2.2,0,,,,
spring2022,bovra,4,bovra4,,10,1E,,6.5,6,12,120,2.2,4,7,,,
spring2022,bovra,4,bovra4,,11,5E,,5,3,7,56,2.2,4,6,,,
spring2022,bovra,6,bovra6,,2,P,,4.5,5.5,3,58,2.2,5,12,,,
spring2022,bovra,10,bovra10,,2,2B,,,,1,10,2.2,0,,,,
spring2022,spiterstulen,1,spiterstulen1,,1,1B,,4.5,5,6,53,2.2,7,,,,
spring2022,spiterstulen,7,spiterstulen7,,3,3E,,,,1,13,2.2,0,,,,
spring2022,spiterstulen,10,spiterstulen10,,4,G,,,,1,23,2.2,1,15,,,
spring2022,spiterstulen,10,spiterstulen10,,2,3A,,3.2,3.6,4,27,2.2,0,,,,
spring2022,laerdal,1,laerdal1,,1,B4,,,,1,16,2.1,1,0.5,,,
spring2022,laerdal,3,laerdal3,,1,G,5,4,3.6,2,25,2.1,0,,,,
spring2022,laerdal,5,laerdal5,,8,5A,,,,1,8,2.1,1,14,,,
spring2022,laerdal,8,laerdal8,,2,2C,,,,1,15,2.1,2,33,,,
spring2022,laerdal,9,laerdal9,,2,G,17,5,3.2,2,18,2.1,2,22,,,
spring2022,hjelle,2,hjelle2,,4,P,44,3.5,2.5,2,31,2.1,5,25.5,,,
spring2022,hjelle,2,hjelle2,,1,2A,,,,1,20,2.1,2,13.5,,,
spring2022,hjelle,2,hjelle2,,4,3B,,2.5,1.5,3,44,2.1,6,26,,,
spring2022,hjelle,2,hjelle2,,7,3C,,4,2.5,2,28,2.1,5,16,,,
spring2022,hjelle,4,hjelle4,,4,P,,3,2.5,3,26,2.1,8,23,,,
spring2022,hjelle,4,hjelle4,,10,3C,,3,3,1,14,2.1,3,21.5,,,
spring2022,hjelle,4,hjelle4,,19,2E,,3,3,2,20,2.1,0,,,,
spring2022,hjelle,6,hjelle6,,15,2D,,,,1,6,2.1,0,,,,
spring2022,ardal,2,ardal2,,5,2E,,,,1,14,2.1,0,,,,
spring2022,ardal,5,ardal5,,7,1B,,,,1,8,2.1,0,,,,
spring2022,helin,1,helin1,,5,2E,,3.2,2.3,2,43,2.1,0,,,,
spring2022,helin,10,helin10,,4,P,,,,1,34,2.1,0,,,,
spring2022,smadalen,2,smadalen2,,3,G,104,,,1,31,2.1,1,4,,,
spring2022,smadalen,8,smadalen8,,5,1C,,,,1,13,2.1,1,1.5,,,
spring2022,bovra,2,bovra2,,2,P,123,,,1,22,2.1,0,,,,
spring2022,spiterstulen,2,spiterstulen2,,4,P,144,6.2,4.5,6,27,2.1,6,12,,,
spring2022,spiterstulen,3,spiterstulen3,,2,G,,6.2,2.8,4,35,2.1,1,9.5,,,
spring2022,spiterstulen,3,spiterstulen3,,2,3A,,5.5,2.9,3,32,2.1,7,14,,,
spring2022,spiterstulen,4,spiterstulen4,,1,P,147,5.5,4.4,7,80,2.1,8,18,,,
spring2022,spiterstulen,6,spiterstulen6,,2,5C,,4.3,4.3,3,45,2.1,5,11.5,,,
spring2022,laerdal,1,laerdal1,,3,B4,,,,1,33,2,2,15,,,
spring2022,laerdal,3,laerdal3,,2,P,,3.8,2.6,2,28,2,3,27,,,
spring2022,laerdal,4,laerdal4,,7,3B,,,,1,18,2,1,2.4,,,
spring2022,laerdal,6,laerdal6,,12,4B,,,,2,95,2,1,12,,,
spring2022,laerdal,7,laerdal7,,13,5C,,3.1,2.6,3,24,2,2,31,,,
spring2022,laerdal,7,laerdal7,,16,5D,,,,1,7,2,0,,,,
spring2022,laerdal,10,laerdal10,,9,2A,,,,1,16,2,0,,,,
spring2022,laerdal,10,laerdal10,,11,2A,,,,1,8,2,1,,,,
spring2022,laerdal,10,laerdal10,,22,4C,,,,1,14,2,3,14,,,
spring2022,laerdal,10,laerdal10,,25,5E,,3.5,2.5,2,34,2,1,,,,
spring2022,saebo,2,saebo2,,8,1C,,4.7,3.3,7,72,2,8,16.5,,,
spring2022,hjelle,1,hjelle1,,3,G,42,,,1,6,2,1,27,,,
spring2022,hjelle,2,hjelle2,,1,G,,,,1,16,2,2,11.5,,,
spring2022,hjelle,3,hjelle3,,10,5B,,4,3.5,4,31,2,10,21,,,
spring2022,hjelle,4,hjelle4,,11,2C,,,,1,28,2,0,,,,
spring2022,hjelle,4,hjelle4,,12,1E,,,,1,18,2,1,20,,,
spring2022,hjelle,4,hjelle4,,17,2D,,,,1,8,2,0,,,,
spring2022,hjelle,4,hjelle4,,20,3D,,,,1,16,2,0,,,,
spring2022,hjelle,4,hjelle4,,27,4E,,,,1,10,2,0,,,,
spring2022,hjelle,9,hjelle9,,24,5C,,3.7,2.2,2,31,2,5,22,,,
spring2022,hjelle,9,hjelle9,,34,2D,,4.5,3,3,24,2,4,23,,,
spring2022,hjelle,10,hjelle10,,5,2C,,,,1,8,2,1,15,,,
spring2022,ardal,6,ardal6,,31,3E,,,,1,12,2,0,,,,
spring2022,helin,2,helin2,,1,G,83,4.2,3,4,46,2,2,7.5,,,
spring2022,helin,3,helin3,,18,4A,,3,3.3,3,28,2,1,8,,,
spring2022,helin,5,helin5,,4,G,90,5.5,3.4,2,48,2,3,5,,,
spring2022,helin,9,helin9,,3,2A,,,,1,4,2,3,11,,,
spring2022,helin,10,helin10,,1,G,99,5.5,5,3,84,2,10,12.5,,,
spring2022,smadalen,1,smadalen1,,2,4D,,4,4.4,5,65,2,5,1.4,,,
spring2022,smadalen,1,smadalen1,,3,2E,,3,3,4,49,2,5,1.1,,,
spring2022,smadalen,3,smadalen3,,3,G,106,4.2,3.6,6,56,2,4,6.5,,,
spring2022,smadalen,3,smadalen3,,4,4E,,2.8,2.3,2,24,2,2,6.5,,,
spring2022,smadalen,8,smadalen8,,3,G,116,4.5,3,4,45,2,4,5.5,,,
spring2022,bovra,3,bovra3,,2,P,,9,2.5,5,54,2,8,12,,,
spring2022,bovra,3,bovra3,,4,G,126,6.5,4.5,3,47,2,5,14.5,,,
spring2022,bovra,5,bovra5,,3,3C,,7,6,16,120,2,5,1.7,,,
spring2022,bovra,8,bovra8,,3,G,,,,1,4,2,4,16,,,
spring2022,spiterstulen,2,spiterstulen2,,1,G,143,6.5,5,9,120,2,13,14,,,
spring2022,spiterstulen,3,spiterstulen3,,1,P,,4.5,2,2,24,2,1,10.5,,,
spring2022,spiterstulen,10,spiterstulen10,,3,3B,,4.7,3.2,3,33,2,3,16,,,
spring2022,laerdal,2,laerdal2,,8,P,,,,1,13,1.9,0,,,,
spring2022,laerdal,4,laerdal4,,1,2A,,5,4,2,26,1.9,4,20.5,,,
spring2022,laerdal,4,laerdal4,,16,2C,,,,1,10,1.9,3,15,,,
spring2022,laerdal,6,laerdal6,,32,4D,,,,1,16,1.9,1,3,,,
spring2022,laerdal,7,laerdal7,,3,1B,,3.3,2.8,2,18,1.9,1,18.5,,,
spring2022,laerdal,7,laerdal7,,4,2A,,2.7,3.2,2,14,1.9,1,20,,,
spring2022,laerdal,7,laerdal7,,5,3A,,3.4,2,2,18,1.9,1,35,,,
spring2022,laerdal,8,laerdal8,,2,G,16,,,1,2,1.9,1,22,,,
spring2022,laerdal,8,laerdal8,,6,3C,,,,1,13,1.9,1,28.5,,,
spring2022,laerdal,10,laerdal10,,24,5E,,,,1,14,1.9,1,,,,
spring2022,saebo,10,saebo10,,3,2B,,,,1,5,1.9,1,22.5,,,
spring2022,hjelle,2,hjelle2,,6,3C,,2.5,2,2,28,1.9,5,14.5,,,
spring2022,hjelle,3,hjelle3,,5,5A,,,,1,13,1.9,0,,,,
spring2022,hjelle,6,hjelle6,,1,5A,,,,1,12,1.9,1,5.5,,,
spring2022,hjelle,6,hjelle6,,4,4C,,3.5,2,2,28,1.9,1,8,,,
spring2022,hjelle,6,hjelle6,,9,5D,,3,2.5,4,22,1.9,0,,,,
spring2022,hjelle,8,hjelle8,,3,3E,,5,3,5,46,1.9,1,5.5,,,
spring2022,hjelle,9,hjelle9,,35,2D,,3.5,3.3,2,22,1.9,1,21,,,
spring2022,ardal,6,ardal6,,21,1D,,,,1,20,1.9,1,1.5,,,
spring2022,ardal,6,ardal6,,33,4E,,,,1,16,1.9,1,13.5,,,
spring2022,helin,1,helin1,,2,P,,3.5,2,5,40,1.9,3,5,,,
spring2022,helin,1,helin1,,3,3C,,,,1,13,1.9,2,8.5,,,
spring2022,helin,2,helin2,,2,R,,,,1,11,1.9,1,6,,,
spring2022,helin,6,helin6,,1,G,91,4.5,4,2,33,1.9,2,9.5,,,
spring2022,helin,6,helin6,,3,3B,,5.5,2,2,35,1.9,4,11.5,,,
spring2022,helin,7,helin7,,4,4B,,5,4.5,6,65,1.9,1,4.5,,,
spring2022,helin,10,helin10,,3,G,100,6.5,6.5,1,33,1.9,1,18.5,,,
spring2022,helin,10,helin10,,3,4B,,2.5,2.5,3,22,1.9,1,9.5,,,
spring2022,helin,10,helin10,,5,5B,,,,1,16,1.9,0,,,,
spring2022,helin,10,helin10,,9,3D,,4.5,3,2,33,1.9,1,11,,,
spring2022,smadalen,9,smadalen9,,3,5A,,,,1,14,1.9,0,,,,
spring2022,bovra,1,bovra1,,1,P,,5.5,3,2,49,1.9,1,9,,,
spring2022,bovra,1,bovra1,,4,3A,,2.5,3.8,2,12,1.9,1,2.5,,,
spring2022,bovra,1,bovra1,,15,2B,,4.3,2.7,3,31,1.9,0,,,,
spring2022,bovra,2,bovra2,,1,G,,,,1,20,1.9,0,,,,
spring2022,bovra,4,bovra4,,6,4C,,,,1,9,1.9,1,10,,,
spring2022,bovra,5,bovra5,,1,G,129,5,3.4,5,50,1.9,2,11,,,
spring2022,bovra,5,bovra5,,2,P,,6,4.5,5,74,1.9,1,1.5,,,
spring2022,bovra,10,bovra10,,4,1C,,3.5,3.2,2,37,1.9,2,10,,,
spring2022,spiterstulen,5,spiterstulen5,,1,G,149,,,1,25,1.9,1,3.8,,,
spring2022,spiterstulen,6,spiterstulen6,,3,5C,,,,1,10,1.9,3,13.5,,,
spring2022,spiterstulen,8,spiterstulen8,,3,4D,,,,1,10,1.9,0,,,,
spring2022,spiterstulen,10,spiterstulen10,,8,2D,,4.4,2.8,6,68,1.9,0,,,,
spring2022,laerdal,2,laerdal2,,5,C3,,,,1,20,1.8,1,21.5,,,
spring2022,laerdal,5,laerdal5,,12,4B,,,,1,12,1.8,0,,,,
spring2022,laerdal,6,laerdal6,,8,2B,,,,1,22,1.8,0,,,,
spring2022,laerdal,6,laerdal6,,41,5E,,,,1,10,1.8,1,9,,,
spring2022,laerdal,7,laerdal7,,3,P,14,6,3,5,84,1.8,3,26,,,
spring2022,laerdal,7,laerdal7,,10,3B,,2.9,2,2,15,1.8,1,2.1,,,
spring2022,laerdal,8,laerdal8,,4,2C,,,,1,10,1.8,1,30.5,,,
spring2022,hjelle,1,hjelle1,,4,P,,,,1,3,1.8,1,16,,,
spring2022,hjelle,2,hjelle2,,2,5A,,,,1,8,1.8,0,,,,
spring2022,hjelle,3,hjelle3,,1,3A,,3,2.9,3,19,1.8,2,14,,,
spring2022,hjelle,4,hjelle4,,3,G,48,6,3,3,42,1.8,4,17,,,
spring2022,hjelle,4,hjelle4,,13,1D,,,,1,14,1.8,0,,,,
spring2022,hjelle,4,hjelle4,,28,5D,,,,1,10,1.8,0,,,,
spring2022,hjelle,6,hjelle6,,13,2C,,,,1,6,1.8,1,19.5,,,
spring2022,hjelle,6,hjelle6,,18,1E,,4.5,4.5,6,66,1.8,22,22,,,
spring2022,hjelle,9,hjelle9,,4,G,,,,1,18,1.8,0,,,,
spring2022,hjelle,10,hjelle10,,3,G,60,4.4,5,1,8,1.8,0,,,,
spring2022,ardal,6,ardal6,,4,P,71,3,2,2,28,1.8,4,17.5,,,
spring2022,ardal,6,ardal6,,30,1E,,,,1,17,1.8,1,11.5,,,
spring2022,ardal,8,ardal8,,5,3D,,5.7,3.6,6,64,1.8,17,22,,,
spring2022,helin,1,helin1,,4,4C,,,,1,12,1.8,2,11,,,
spring2022,helin,2,helin2,,8,5E,,6,3.5,9,65,1.8,12,10,,,
spring2022,helin,4,helin4,,3,G,,3.7,3.2,2,46,1.8,1,4,,,
spring2022,helin,4,helin4,,16,4E,,,,1,14,1.8,0,,,,
spring2022,helin,4,helin4,,21,2E,,,,1,10,1.8,0,,,,
spring2022,helin,5,helin5,,2,G,,,,1,22,1.8,2,5,,,
spring2022,helin,5,helin5,,9,5B,,,,1,8,1.8,0,,,,
spring2022,helin,7,helin7,,5,3B,,,,1,7,1.8,0,,,,
spring2022,helin,8,helin8,,1,G,97,5,4,3,48,1.8,7,11,,,
spring2022,smadalen,4,smadalen4,,4,G,108,3.7,3.4,2,43,1.8,0,,,,
spring2022,smadalen,5,smadalen5,,10,5E,,4.5,3.5,6,44,1.8,7,5,,,
spring2022,smadalen,6,smadalen6,,24,1E,,,,1,7,1.8,0,,,,
spring2022,smadalen,8,smadalen8,,10,2C,,4,2,3,30,1.8,3,5.5,,,
spring2022,smadalen,10,smadalen10,,3,4A,,,,1,12,1.8,0,,,,
spring2022,bovra,1,bovra1,,12,1B,,,,1,9,1.8,0,,,,
spring2022,bovra,1,bovra1,,18,4B,,,,1,9,1.8,0,,,,
spring2022,bovra,3,bovra3,,7,3E,,,,1,9,1.8,0,,,,
spring2022,bovra,4,bovra4,,1,P,,4.5,3,3,50,1.8,1,3,,,
spring2022,bovra,4,bovra4,,4,3A,,,,1,11,1.8,0,,,,
spring2022,bovra,4,bovra4,,7,4D,,4.5,2.8,4,28,1.8,1,6,,,
spring2022,bovra,4,bovra4,,8,2D,,3,2.5,3,28,1.8,3,10.5,,,
spring2022,bovra,5,bovra5,,4,4C,,6.5,7,14,140,1.8,2,13.2,,,
spring2022,spiterstulen,4,spiterstulen4,,4,2C,,2.4,2.7,2,19,1.8,0,,,,
spring2022,spiterstulen,5,spiterstulen5,,2,P,,,,1,4,1.8,2,13,,,
spring2022,spiterstulen,7,spiterstulen7,,3,P,,,,1,10,1.8,0,,,,
spring2022,spiterstulen,10,spiterstulen10,,4,4B,,2,1.8,2,12,1.8,0,,,,
spring2022,bovra,1,bovra1,,23,3B,,3.6,3.5,5,40,1.77,2,5,,,
spring2022,laerdal,4,laerdal4,,4,1A,,,,1,7,1.7,0,,,,
spring2022,laerdal,4,laerdal4,,9,2D,,,,1,17,1.7,3,21,,,
spring2022,laerdal,5,laerdal5,,3,4A,,2.5,3.5,2,14,1.7,1,9.5,,,
spring2022,laerdal,6,laerdal6,,7,1C,,4.5,4.5,2,30,1.7,1,11,,,
spring2022,laerdal,6,laerdal6,,11,3B,,,,3,40,1.7,1,4,,,
spring2022,laerdal,6,laerdal6,,19,1E,,,,1,8,1.7,0,,,,
spring2022,laerdal,7,laerdal7,,12,4C,,3,3.3,2,19,1.7,1,21.5,,,
spring2022,saebo,5,saebo5,,1,P,,4.5,2.5,5,20,1.7,17,32,,,
spring2022,saebo,6,saebo6,,15,3E,,3.3,2.9,2,6,1.7,1,10.5,,,
spring2022,saebo,6,saebo6,,16,3E,,,,1,10,1.7,1,12.5,,,
spring2022,hjelle,3,hjelle3,,6,5A,,4.5,2.5,3,32,1.7,2,18.5,,,
spring2022,hjelle,3,hjelle3,,12,4B,,,,1,17,1.7,1,19,,,
spring2022,hjelle,6,hjelle6,,2,3C,,,,1,10,1.7,0,,,,
spring2022,hjelle,6,hjelle6,,5,4C,,,,3,28,1.7,1,12,,,
spring2022,hjelle,7,hjelle7,,4,1C,,,,1,18,1.7,1,9,,,
spring2022,hjelle,9,hjelle9,,22,5C,,3,1.5,2,16,1.7,1,3.5,,,
spring2022,hjelle,10,hjelle10,,1,G,59,4,3,5,53,1.7,4,25,,,
spring2022,hjelle,10,hjelle10,,3,4C,,4.5,4.3,5,52,1.7,4,23,,,
spring2022,hjelle,10,hjelle10,,9,3D,,5,4.5,3,41,1.7,2,11.5,,,
spring2022,ardal,8,ardal8,,6,3D,,3.5,3.2,3,33,1.7,6,13,,,
spring2022,helin,1,helin1,,8,4E,,4.5,1,2,36,1.7,0,,,,
spring2022,helin,2,helin2,,4,R,,,,1,5,1.7,1,10,,,
spring2022,helin,3,helin3,,2,P,86,2.2,2.6,4,55,1.7,6,8,,,
spring2022,helin,3,helin3,,11,4B,,3,2.8,3,30,1.7,1,4,,,
spring2022,helin,5,helin5,,7,1D,,,,1,10,1.7,0,,,,
spring2022,helin,5,helin5,,16,4C,,,,1,17,1.7,0,,,,
spring2022,helin,6,helin6,,4,G,,2.5,2.5,3,42,1.7,4,9.5,,,
spring2022,helin,6,helin6,,12,1C,,2.5,1.5,2,26,1.7,5,6.5,,,
spring2022,helin,7,helin7,,2,P,,5,2.8,4,55,1.7,0,,,,
spring2022,helin,7,helin7,,1,3A,,,,1,9,1.7,0,,,,
spring2022,helin,7,helin7,,3,3B,,,,1,6,1.7,1,4.5,,,
spring2022,helin,7,helin7,,16,2D,,4.5,2.5,5,30,1.7,1,3.5,,,
spring2022,helin,9,helin9,,4,G,,,,1,20,1.7,1,10.5,,,
spring2022,helin,10,helin10,,8,2D,,,,1,14,1.7,2,12.5,,,
spring2022,helin,10,helin10,,13,2E,,4.5,2.5,2,40,1.7,1,6.5,,,
spring2022,smadalen,3,smadalen3,,4,P,,2,1,2,9,1.7,1,8,,,
spring2022,smadalen,4,smadalen4,,2,2C,,3.4,3.9,3,38,1.7,3,4,,,
spring2022,bovra,1,bovra1,,8,1B,,,,1,5,1.7,0,,,,
spring2022,bovra,1,bovra1,,19,4C,,5,2.8,4,35,1.7,0,,,,
spring2022,bovra,3,bovra3,,3,3A,,,,1,8,1.7,0,,,,
spring2022,bovra,4,bovra4,,9,1D,,3.4,2.3,4,38,1.7,2,8,,,
spring2022,bovra,6,bovra6,,6,4C,,5.5,4.5,3,53,1.7,3,4.5,,,
spring2022,spiterstulen,1,spiterstulen1,,1,P,,2.5,2,2,36,1.7,2,,,,
spring2022,spiterstulen,2,spiterstulen2,,3,G,,5,3,2,10,1.7,0,,,,
spring2022,spiterstulen,4,spiterstulen4,,2,2B,,2.7,4,4,43,1.7,5,12,,,
spring2022,spiterstulen,5,spiterstulen5,,2,4D,,,,1,10,1.7,0,,,,
spring2022,spiterstulen,7,spiterstulen7,,4,G,154,,,1,17,1.7,0,,,,
spring2022,spiterstulen,8,spiterstulen8,,2,2D,,2.5,2.1,2,12,1.7,2,15.5,,,
spring2022,spiterstulen,9,spiterstulen9,,3,5E,,8,6.2,13,60,1.7,19,15.5,,,
spring2022,spiterstulen,10,spiterstulen10,,5,4B,,,,1,8,1.7,1,10.5,,,
spring2022,spiterstulen,10,spiterstulen10,,10,5A,,3,1,2,8,1.7,0,,,,
spring2022,laerdal,1,laerdal1,,6,C4,,,,1,12,1.6,,,,,
spring2022,laerdal,4,laerdal4,,4,P,,,,1,14,1.6,,,,,
spring2022,laerdal,6,laerdal6,,4,P,,2.5,1.5,2,28,1.6,1,21.5,,,
spring2022,laerdal,6,laerdal6,,36,4E,,,,5,59,1.6,3,19,,,
spring2022,laerdal,7,laerdal7,,1,1A,,4,2.3,2,24,1.6,2,21,,,
spring2022,laerdal,7,laerdal7,,2,1A,,,,1,12,1.6,1,27,,,
spring2022,laerdal,7,laerdal7,,6,4A,,4.4,3.2,3,35,1.6,3,25,,,
spring2022,laerdal,7,laerdal7,,8,5A,,,,1,11,1.6,1,27,,,
spring2022,laerdal,10,laerdal10,,14,4A,,,,1,10,1.6,0,,,,
spring2022,saebo,6,saebo6,,2,G,,,,1,23,1.6,0,,,,
spring2022,saebo,6,saebo6,,14,1C,,3.1,2.7,2,24,1.6,3,17,,,
spring2022,saebo,8,saebo8,,3,P,,5,2,5,36,1.6,3,25,,,
spring2022,saebo,8,saebo8,,1,5A,,4,2.5,4,36,1.6,3,15.5,,,
spring2022,hjelle,1,hjelle1,,2,P,,,,1,9,1.6,3,31,,,
spring2022,hjelle,1,hjelle1,,1,3C,,3.8,3.5,3,22,1.6,6,14,,,
spring2022,hjelle,5,hjelle5,,1,,,,,3,35,1.6,4,26,,,
spring2022,hjelle,5,hjelle5,,5,,,,,2,38,1.6,3,13,,,
spring2022,hjelle,5,hjelle5,,6,,,,,4,35,1.6,2,12,,,
spring2022,hjelle,5,hjelle5,,30,,,,,3,39,1.6,10,4.5,,,
spring2022,hjelle,6,hjelle6,,4,G,52,5,2,4,54,1.6,12,17,,,
spring2022,hjelle,6,hjelle6,,3,4C,,,,1,12,1.6,0,,,,
spring2022,hjelle,6,hjelle6,,12,2C,,,,1,12,1.6,0,,,,
spring2022,hjelle,6,hjelle6,,17,4D,,,,1,10,1.6,1,24,,,
spring2022,hjelle,6,hjelle6,,20,3E,,,,1,12,1.6,3,9,,,
spring2022,hjelle,7,hjelle7,,18,5D,,,,1,8,1.6,0,,,,
spring2022,hjelle,7,hjelle7,,28,4C,,,,1,16,1.6,0,,,,
spring2022,hjelle,9,hjelle9,,4,5B,,,,1,6,1.6,0,,,,
spring2022,hjelle,9,hjelle9,,30,3D,,2,2,2,18,1.6,4,29,,,
spring2022,hjelle,10,hjelle10,,1,4B,,3.5,3.2,2,21,1.6,1,6.5,,,
spring2022,ardal,4,ardal4,,3,3B,,,,1,4,1.6,0,,,,
spring2022,ardal,6,ardal6,,9,2C,,3,2.5,4,35,1.6,3,18,,,
spring2022,ardal,6,ardal6,,13,3C,,0.3,1.8,2,29,1.6,5,8.5,,,
spring2022,helin,1,helin1,,4,G,81,3.5,3,3,85,1.6,2,6,,,
spring2022,helin,1,helin1,,1,1B,,,,1,26,1.6,4,7,,,
spring2022,helin,1,helin1,,10,5E,,,,1,22,1.6,4,7,,,
spring2022,helin,2,helin2,,6,4D,,,,1,6,1.6,0,,,,
spring2022,helin,2,helin2,,7,4D,,,,1,4,1.6,0,,,,
spring2022,helin,3,helin3,,5,2D,,4.6,3.4,3,59,1.6,0,,,,
spring2022,helin,3,helin3,,10,4C,,,,1,5,1.6,0,,,,
spring2022,helin,4,helin4,,4,R,,,,1,13,1.6,0,,,,
spring2022,helin,4,helin4,,10,1C,,3.7,2.6,2,32,1.6,3,7.5,,,
spring2022,helin,4,helin4,,12,2D,,3.2,2.5,3,46,1.6,1,4,,,
spring2022,helin,6,helin6,,6,3C,,4.2,3.3,3,42,1.6,2,10,,,
spring2022,helin,6,helin6,,13,2E,,,,1,30,1.6,2,9.5,,,
spring2022,helin,7,helin7,,22,5E,,,,1,17,1.6,0,,,,
spring2022,helin,10,helin10,,2,4B,,,,1,9,1.6,0,,,,
spring2022,helin,10,helin10,,7,3C,,,,1,19,1.6,6,14,,,
spring2022,smadalen,1,smadalen1,,1,P,101,,,1,26,1.6,0,,,,
spring2022,smadalen,1,smadalen1,,1,5A,,3.7,2.9,4,51,1.6,4,0.7,,,
spring2022,smadalen,6,smadalen6,,2,G,,3.4,1.3,2,42,1.6,1,5.5,,,
spring2022,smadalen,6,smadalen6,,10,3B,,,,1,7,1.6,0,,,,
spring2022,smadalen,6,smadalen6,,22,1B,,3,3.4,2,36,1.6,3,7.5,,,
spring2022,smadalen,8,smadalen8,,4,1C,,3,3,3,38,1.6,4,10,,,
spring2022,bovra,1,bovra1,,7,1B,,,,1,7,1.6,0,,,,
spring2022,bovra,1,bovra1,,21,3C,,3.3,2,3,28,1.6,0,,,,
spring2022,bovra,2,bovra2,,3,P,,,,1,10,1.6,0,,,,
spring2022,bovra,4,bovra4,,2,3A,,2.5,1.5,2,21,1.6,0,,,,
spring2022,bovra,5,bovra5,,5,5C,,3,2.7,4,35,1.6,1,6,,,
spring2022,spiterstulen,2,spiterstulen2,,2,P,,6,2,6,43,1.6,0,,,,
spring2022,spiterstulen,10,spiterstulen10,,1,3A,,5.5,3.3,6,50,1.6,4,16,,,
spring2022,laerdal,4,laerdal4,,12,3E,,,,1,9,1.5,0,,,,
spring2022,laerdal,5,laerdal5,,9,5A,,,,1,10,1.5,0,,,,
spring2022,laerdal,6,laerdal6,,2,2A,,,,1,6,1.5,1,17,,,
spring2022,laerdal,6,laerdal6,,10,2C,,,,1,12,1.5,1,15.5,,,
spring2022,laerdal,6,laerdal6,,15,5B,,,,1,14,1.5,1,10.7,,,
spring2022,laerdal,6,laerdal6,,29,3D,,,,1,9,1.5,0,,,,
spring2022,laerdal,6,laerdal6,,37,4E,,,,1,11,1.5,2,4.5,,,
spring2022,laerdal,6,laerdal6,,39,4E,,,,1,6,1.5,0,,,,
spring2022,laerdal,6,laerdal6,,40,4E,,,,3,40,1.5,0,,,,
spring2022,laerdal,7,laerdal7,,7,5A,,3.7,2.4,2,17,1.5,2,20,,,
spring2022,laerdal,7,laerdal7,,9,3B,,3.4,2.7,2,19,1.5,2,5.5,,,
spring2022,saebo,1,saebo1,,4,P,22,,,1,13,1.5,1,21,,,
spring2022,saebo,4,saebo4,,1,P,,9.5,6,16,47,1.5,1,36,,,
spring2022,saebo,6,saebo6,,11,4C,,2.9,2.5,2,17,1.5,1,15,,,
spring2022,saebo,8,saebo8,,1,P,,,,1,11,1.5,0,,,,
spring2022,saebo,8,saebo8,,4,3E,,,,1,18,1.5,1,18.5,,,
spring2022,saebo,10,saebo10,,3,G,40,3.5,3.5,6,56,1.5,12,18,,,
spring2022,hjelle,1,hjelle1,,1,G,41,2,2,2,20,1.5,2,16,,,
spring2022,hjelle,3,hjelle3,,3,G,46,,,1,9,1.5,1,18,,,
spring2022,hjelle,5,hjelle5,,27,,,,,2,22,1.5,4,23,,,
spring2022,hjelle,6,hjelle6,,2,G,,2,3,2,26,1.5,1,14,,,
spring2022,hjelle,7,hjelle7,,1,1D,,5,4.4,2,25,1.5,2,4.5,,,
spring2022,hjelle,7,hjelle7,,17,5D,,3.8,2,2,19,1.5,3,10.5,,,
spring2022,hjelle,9,hjelle9,,7,1C,,3.7,2.5,2,3.5,1.5,3,11.5,,,
spring2022,hjelle,9,hjelle9,,10,3C,,,,1,11,1.5,0,,,,
spring2022,hjelle,9,hjelle9,,23,5C,,,,1,14,1.5,2,19.5,,,
spring2022,hjelle,9,hjelle9,,29,3D,,3,2,2,18,1.5,0,,,,
spring2022,hjelle,10,hjelle10,,2,4C,,,,1,11,1.5,0,,,,
spring2022,ardal,5,ardal5,,4,2B,,,,1,13,1.5,0,,,,
spring2022,ardal,5,ardal5,,5,5A,,2.8,2.5,3,31,1.5,0,,,,
spring2022,ardal,6,ardal6,,2,P,72,3,3,3,36,1.5,3,17,,,
spring2022,ardal,6,ardal6,,27,2D,,4.5,2.5,4,42,1.5,5,16.5,,,
spring2022,ardal,7,ardal7,,2,2B,,,,1,6,1.5,0,,,,
spring2022,helin,2,helin2,,3,G,84,4,2.5,2,13,1.5,1,7.5,,,
spring2022,helin,4,helin4,,2,2A,,,,1,12,1.5,0,,,,
spring2022,helin,4,helin4,,5,3B,,3,2,2,19,1.5,0,,,,
spring2022,helin,4,helin4,,11,2D,,3.6,2.5,3,48,1.5,3,3.5,,,
spring2022,helin,5,helin5,,11,5C,,,,1,12,1.5,0,,,,
spring2022,helin,7,helin7,,8,3C,,,,1,17,1.5,0,,,,
spring2022,helin,7,helin7,,20,4E,,,,1,14,1.5,1,4,,,
spring2022,helin,10,helin10,,1,3B,,3.5,3.5,2,47,1.5,5,12.5,,,
spring2022,smadalen,2,smadalen2,,10,4C,,4.5,2.7,4,63,1.5,3,6,,,
spring2022,smadalen,7,smadalen7,,2,5A,,,,1,20,1.5,,,,,
spring2022,smadalen,8,smadalen8,,1,1D,,4.5,3.5,4,59,1.5,4,5,,,
spring2022,bovra,1,bovra1,,14,1C,,,,1,7,1.5,0,,,,
spring2022,bovra,1,bovra1,,33,3E,,,,1,5,1.5,0,,,,
spring2022,bovra,2,bovra2,,4,G,124,,,1,16,1.5,0,,,,
spring2022,bovra,9,bovra9,,3,G,,5,3.5,2,6,1.5,5,14.5,,,
spring2022,spiterstulen,5,spiterstulen5,,3,P,150,3.7,3.6,4,53,1.5,1,10.5,,,
spring2022,spiterstulen,5,spiterstulen5,,4,G,,,,1,7,1.5,1,6.5,,,
spring2022,spiterstulen,5,spiterstulen5,,1,2B,,,,1,15,1.5,1,10.5,,,
spring2022,spiterstulen,5,spiterstulen5,,3,4D,,4.7,2.5,4,43,1.5,4,17,,,
spring2022,laerdal,4,laerdal4,,2,2A,,,,1,18,1.4,3,17,,,
spring2022,laerdal,5,laerdal5,,13,3D,,,,1,19,1.4,1,15,,,
spring2022,laerdal,6,laerdal6,,16,3C,,,,1,16,1.4,1,25,,,
spring2022,laerdal,6,laerdal6,,23,3E,,,,2,16,1.4,0,,,,
spring2022,laerdal,6,laerdal6,,38,4E,,,,2,24,1.4,2,15,,,
spring2022,laerdal,8,laerdal8,,1,P,15,,,1,10,1.4,1,33,,,
spring2022,laerdal,9,laerdal9,,6,5C,,6,5,2,25,1.4,0,,,,
spring2022,laerdal,9,laerdal9,,10,5A,,,,1,15,1.4,1,,,,
spring2022,laerdal,10,laerdal10,,2,P,19,,,1,20,1.4,1,18,,,
spring2022,saebo,2,saebo2,,6,3C,,,,1,11,1.4,1,1.9,,,
spring2022,saebo,2,saebo2,,10,2E,,,,1,11,1.4,0,,,,
spring2022,saebo,5,saebo5,,6,1A,,3.2,3.4,6,42,1.4,12,35,,,
spring2022,saebo,5,saebo5,,10,3C,,4.4,2.3,3,10,1.4,13,30,,,
spring2022,saebo,6,saebo6,,9,4B,,4.5,3.3,3,32,1.4,2,10.8,,,
spring2022,saebo,6,saebo6,,10,4C,,3.2,2,3,28,1.4,4,13.5,,,
spring2022,saebo,6,saebo6,,12,3C,,2.6,2,3,18,1.4,1,3.5,,,
spring2022,saebo,6,saebo6,,19,5E,,,,1,12,1.4,0,,,,
spring2022,saebo,9,saebo9,,3,G,,,,1,22,1.4,2,16,,,
spring2022,saebo,9,saebo9,,4,3A,,,,1,15,1.4,0,,,,
spring2022,hjelle,1,hjelle1,,4,3C,,,,1,5,1.4,1,11.5,,,
spring2022,hjelle,3,hjelle3,,3,4A,,,,1,15,1.4,1,10.5,,,
spring2022,hjelle,3,hjelle3,,30,3C,,,,1,8,1.4,1,1.9,,,
spring2022,hjelle,3,hjelle3,,38,4D,,,,1,11,1.4,1,11.5,,,
spring2022,hjelle,3,hjelle3,,39,4D,,2.5,1.8,2,29,1.4,4,11.5,,,
spring2022,hjelle,4,hjelle4,,4,5B,,2.5,2,2,18,1.4,2,15.5,,,
spring2022,hjelle,4,hjelle4,,7,5C,,,,2,6,1.4,1,8,,,
spring2022,hjelle,4,hjelle4,,24,4E,,,,1,8,1.4,0,,,,
spring2022,hjelle,5,hjelle5,,7,,,,,3,9,1.4,1,17,,,
spring2022,hjelle,5,hjelle5,,20,,,,,1,10,1.4,0,,,,
spring2022,hjelle,5,hjelle5,,24,,,,,2,15,1.4,3,11.5,,,
spring2022,hjelle,6,hjelle6,,8,5D,,,,1,12,1.4,1,10,,,
spring2022,hjelle,6,hjelle6,,10,2C,,,,1,10,1.4,0,,,,
spring2022,hjelle,7,hjelle7,,3,2D,,7,3,2,24,1.4,1,12.5,,,
spring2022,hjelle,7,hjelle7,,12,3E,,,,1,7,1.4,0,,,,
spring2022,hjelle,7,hjelle7,,29,4C,,,,1,6,1.4,0,,,,
spring2022,hjelle,7,hjelle7,,31,1E,,,,1,2,1.4,0,,,,
spring2022,hjelle,9,hjelle9,,1,G,,4,3,2,23,1.4,3,15,,,
spring2022,hjelle,9,hjelle9,,1,5A,,,,1,18,1.4,3,15.5,,,
spring2022,hjelle,9,hjelle9,,3,5B,,3.2,2.2,2,22,1.4,2,19,,,
spring2022,hjelle,9,hjelle9,,25,5C,,3.3,2.3,2,21,1.4,3,19,,,
spring2022,hjelle,10,hjelle10,,4,2C,,,,1,7,1.4,0,,,,
spring2022,ardal,4,ardal4,,5,3D,,,,1,13,1.4,0,,,,
spring2022,ardal,6,ardal6,,3,G,,2.5,2,1,16,1.4,2,14,,,
spring2022,ardal,6,ardal6,,2,3A,,5.5,3.4,4,53,1.4,9,21.5,,,
spring2022,ardal,6,ardal6,,5,2B,,2.5,2,2,13,1.4,0,,,,
spring2022,ardal,6,ardal6,,16,4C,,,,1,15,1.4,1,13.5,,,
spring2022,ardal,6,ardal6,,20,1D,,,,1,11,1.4,0,,,,
spring2022,ardal,6,ardal6,,28,3D,,2,2.4,2,10,1.4,0,,,,
spring2022,helin,3,helin3,,8,4C,,2,1.8,2,19,1.4,1,7,,,
spring2022,helin,4,helin4,,9,1C,,2,2.2,2,18,1.4,2,4,,,
spring2022,helin,4,helin4,,18,2D,,4,1.3,3,17,1.4,0,,,,
spring2022,helin,4,helin4,,19,1E,,2.4,2.8,3,19,1.4,0,,,,
spring2022,helin,5,helin5,,13,5B,,3,1,2,9,1.4,0,,,,
spring2022,helin,5,helin5,,18,4C,,,,1,13,1.4,0,,,,
spring2022,helin,6,helin6,,3,P,92,,,1,29,1.4,0,,,,
spring2022,helin,6,helin6,,9,2C,,,,1,5,1.4,1,5.5,,,
spring2022,helin,8,helin8,,2,P,,,,1,10,1.4,1,8.5,,,
spring2022,helin,10,helin10,,4,4B,,,,1,15,1.4,0,,,,
spring2022,smadalen,2,smadalen2,,2,3A,,3.2,2.4,2,42,1.4,2,4.5,,,
spring2022,smadalen,2,smadalen2,,9,4C,,2.3,2.2,2,21,1.4,0,,,,
spring2022,smadalen,4,smadalen4,,1,1A,,3.4,3.5,7,63,1.4,3,5.7,,,
spring2022,smadalen,5,smadalen5,,4,P,110,4.7,3.2,4,100,1.4,10,4.5,,,
spring2022,smadalen,5,smadalen5,,2,5A,,3,0.7,2,27,1.4,1,1,,,
spring2022,smadalen,8,smadalen8,,4,P,,5,5.5,4,54,1.4,2,7.5,,,
spring2022,bovra,4,bovra4,,3,3A,,2.3,1.7,2,19,1.4,0,,,,
spring2022,bovra,5,bovra5,,2,2C,,7,6,15,150,1.4,2,4.7,,,
spring2022,bovra,10,bovra10,,4,P,,3.5,3.4,2,35,1.4,2,11.5,,,
spring2022,spiterstulen,2,spiterstulen2,,6,3A,,3.5,2.6,2,27,1.4,10,,,,
spring2022,spiterstulen,2,spiterstulen2,,7,1E,,,,1,24,1.4,,,,,
spring2022,spiterstulen,11,spiterstulen11,,7,1C,,,,1,6,1.4,0,,,,
spring2022,laerdal,3,laerdal3,,6,4C,,,,1,14,1.3,0,,,,
spring2022,laerdal,5,laerdal5,,7,5A,,2.7,1.7,2,18,1.3,1,11.5,,,
spring2022,laerdal,5,laerdal5,,16,4A,,,,1,10,1.3,0,,,,
spring2022,laerdal,10,laerdal10,,13,4A,,,,1,6,1.3,0,,,,
spring2022,saebo,2,saebo2,,9,1D,,3.2,2.4,3,33,1.3,1,16.6,,,
spring2022,saebo,4,saebo4,,2,1A,,3.5,2,4,28,1.3,5,29,,,
spring2022,saebo,6,saebo6,,1,1A,,3.2,2.2,2,28,1.3,3,13,,,
spring2022,saebo,6,saebo6,,13,1C,,2.5,2.5,2,21,1.3,2,15,,,
spring2022,saebo,6,saebo6,,18,5D,,,,1,17,1.3,1,10.5,,,
spring2022,saebo,7,saebo7,,2,G,,,,1,10,1.3,3,31,,,
spring2022,saebo,7,saebo7,,4,4D,,4.1,2.4,4,30,1.3,2,17.5,,,
spring2022,saebo,10,saebo10,,1,G,,3.5,2,3,46,1.3,3,20,,,
spring2022,saebo,10,saebo10,,1,1A,,2,1.8,2,16,1.3,0,,,,
spring2022,saebo,10,saebo10,,4,1C,,4.4,3,7,53,1.3,4,20.5,,,
spring2022,hjelle,2,hjelle2,,8,5D,,2.5,1.5,3,22,1.3,6,22,,,
spring2022,hjelle,3,hjelle3,,41,1E,,4.5,2.1,4,50,1.3,0,,,,
spring2022,hjelle,4,hjelle4,,6,5C,,,,1,14,1.3,0,,,,
spring2022,hjelle,5,hjelle5,,22,,,,,1,12,1.3,1,7,,,
spring2022,hjelle,5,hjelle5,,25,,,,,1,11,1.3,1,12,,,
spring2022,hjelle,6,hjelle6,,3,P,,,,1,6,1.3,1,16,,,
spring2022,hjelle,7,hjelle7,,8,2D,,,,1,16,1.3,1,7,,,
spring2022,hjelle,7,hjelle7,,25,5C,,2,2.5,2,21,1.3,4,11.5,,,
spring2022,hjelle,7,hjelle7,,34,,,3.5,1.5,3,22,1.3,2,9,,,
spring2022,hjelle,9,hjelle9,,8,3C,,2.5,1.5,2,12,1.3,0,,,,
spring2022,hjelle,9,hjelle9,,38,3C,,,,1,5,1.3,0,,,,
spring2022,hjelle,10,hjelle10,,7,1D,,,,1,20,1.3,3,19,,,
spring2022,hjelle,10,hjelle10,,10,1E,,3.4,2.5,2,7,1.3,9,12,,,
spring2022,ardal,1,ardal1,,1,4C,,,,1,11,1.3,0,,,,
spring2022,ardal,6,ardal6,,22,1D,,3,2,2,33,1.3,2,19,,,
spring2022,ardal,8,ardal8,,1,3B,,,,1,11,1.3,0,,,,
spring2022,helin,1,helin1,,7,2E,,4.1,1.4,5,52,1.3,1,4.5,,,
spring2022,helin,2,helin2,,4,4D,,,,1,4,1.3,0,,,,
spring2022,helin,4,helin4,,1,1A,,3.2,4.5,4,38,1.3,0,,,,
spring2022,helin,5,helin5,,5,1C,,,,1,8,1.3,0,,,,
spring2022,helin,5,helin5,,6,1C,,,,1,6,1.3,0,,,,
spring2022,helin,6,helin6,,2,2B,,2.5,1.8,2,23,1.3,5,11.5,,,
spring2022,helin,8,helin8,,2,2C,,3.1,2.4,2,28,1.3,0,,,,
spring2022,smadalen,2,smadalen2,,13,1D,,,,1,5,1.3,0,,,,
spring2022,smadalen,2,smadalen2,,16,3D,,3.5,2.3,7,53,1.3,0,,,,
spring2022,smadalen,3,smadalen3,,1,G,105,7,3,8,64,1.3,8,6.5,,,
spring2022,smadalen,4,smadalen4,,4,1E,,,,1,17,1.3,0,,,,
spring2022,smadalen,4,smadalen4,,6,5E,,2.8,2.6,4,33,1.3,2,5,,,
spring2022,smadalen,6,smadalen6,,2,5A,,2.5,2.2,5,45,1.3,1,5.5,,,
spring2022,smadalen,6,smadalen6,,3,5B,,3.2,2.4,6,50,1.3,3,4.5,,,
spring2022,smadalen,7,smadalen7,,4,P,,,,1,14,1.3,0,,,,
spring2022,smadalen,8,smadalen8,,11,1D,,2.5,2.5,2,16,1.3,2,7.5,,,
spring2022,bovra,1,bovra1,,29,5D,,,,1,6,1.3,0,,,,
spring2022,bovra,2,bovra2,,2,2D,,,,1,11,1.3,0,,,,
spring2022,bovra,3,bovra3,,2,3A,,,,1,7,1.3,0,,,,
spring2022,bovra,3,bovra3,,8,5E,,,,1,11,1.3,0,,,,
spring2022,bovra,4,bovra4,,5,5B,,4.4,2.5,6,54,1.3,1,7.5,,,
spring2022,spiterstulen,3,spiterstulen3,,5,3A,,,,1,10,1.3,1,7.2,,,
spring2022,spiterstulen,4,spiterstulen4,,4,P,148,5,4.5,4,70,1.3,3,11.5,,,
spring2022,spiterstulen,4,spiterstulen4,,3,4C,,5.8,3.5,5,60,1.3,5,12.5,,,
spring2022,spiterstulen,7,spiterstulen7,,1,5A,,,,1,12,1.3,2,22.5,,,
spring2022,laerdal,4,laerdal4,,3,G,8,,,1,12,1.2,3,21,,,
spring2022,laerdal,5,laerdal5,,4,4A,,,,1,11,1.2,0,,,,
spring2022,laerdal,5,laerdal5,,10,5A,,,,1,10,1.2,0,,,,
spring2022,laerdal,6,laerdal6,,13,4B,,,,2,15,1.2,0,,,,
spring2022,laerdal,6,laerdal6,,22,3D,,,,1,11,1.2,1,5.5,,,
spring2022,laerdal,10,laerdal10,,1,G,20,,,1,12,1.2,,,,,
spring2022,saebo,1,saebo1,,2,4C,,,,1,11,1.2,1,18.3,,,
spring2022,saebo,2,saebo2,,4,G,,4.5,3,8,72,1.2,16,22.5,,,
spring2022,saebo,2,saebo2,,2,4A,,1.9,1.5,3,23,1.2,1,22,,,
spring2022,saebo,3,saebo3,,3,3A,,,,1,5,1.2,1,16.5,,,
spring2022,saebo,4,saebo4,,1,3C,,3,2.6,4,29,1.2,4,22.5,,,
spring2022,saebo,5,saebo5,,2,G,29,,,1,28,1.2,2,18,,,
spring2022,saebo,6,saebo6,,2,3A,,,,1,13,1.2,1,5,,,
spring2022,saebo,7,saebo7,,1,P,33,,,1,8,1.2,1,16,,,
spring2022,saebo,8,saebo8,,2,G,,4,2,3,27,1.2,1,15.5,,,
spring2022,saebo,9,saebo9,,3,5B,,3.2,2.2,3,35,1.2,3,24,,,
spring2022,saebo,10,saebo10,,2,3A,,,,1,9,1.2,0,,,,
spring2022,saebo,10,saebo10,,8,3D,,3.5,1.5,4,33,1.2,0,,,,
spring2022,saebo,10,saebo10,,10,4E,,,,1,10,1.2,2,11.5,,,
spring2022,hjelle,1,hjelle1,,3,3C,,,,1,10,1.2,0,,,,
spring2022,hjelle,3,hjelle3,,4,P,,,,1,21,1.2,1,1.9,,,
spring2022,hjelle,3,hjelle3,,15,4B,,,,1,7,1.2,1,4.5,,,
spring2022,hjelle,3,hjelle3,,19,1C,,,,1,13,1.2,0,,,,
spring2022,hjelle,3,hjelle3,,33,3C,,3.2,3.2,2,35,1.2,2,12,,,
spring2022,hjelle,3,hjelle3,,34,4C,,,,1,9,1.2,0,,,,
spring2022,hjelle,4,hjelle4,,1,G,,2,2,2,26,1.2,3,16,,,
spring2022,hjelle,4,hjelle4,,5,5B,,2,1.5,1,16,1.2,2,14,,,
spring2022,hjelle,4,hjelle4,,18,2D,,,,1,12,1.2,1,4.5,,,
spring2022,hjelle,5,hjelle5,,8,,,,,1,14,1.2,3,15.5,,,
spring2022,hjelle,5,hjelle5,,13,,,,,2,14,1.2,1,15,,,
spring2022,hjelle,6,hjelle6,,7,5D,,,,1,8,1.2,2,19,,,
spring2022,hjelle,7,hjelle7,,6,2C,,5,3,6,69,1.2,8,12,,,
spring2022,hjelle,7,hjelle7,,10,3D,,,,1,45,1.2,7,11,,,
spring2022,hjelle,7,hjelle7,,24,5C,,5,2.2,4,27,1.2,2,5.5,,,
spring2022,hjelle,7,hjelle7,,30,3C,,,,1,13,1.2,0,,,,
spring2022,hjelle,7,hjelle7,,39,5D,,3.5,3.4,4,38,1.2,0,,,,
spring2022,hjelle,8,hjelle8,,4,P,56,3,2.5,3,32,1.2,3,14,,,
spring2022,hjelle,9,hjelle9,,2,5A,,2.2,2.1,2,21,1.2,2,14,,,
spring2022,ardal,5,ardal5,,6,1B,,3,2.5,2,16,1.2,3,1.5,,,
spring2022,ardal,6,ardal6,,1,G,,,,1,14,1.2,6,13.5,,,
spring2022,ardal,6,ardal6,,8,4B,,,,1,11,1.2,2,20.5,,,
spring2022,ardal,6,ardal6,,10,3C,,,,1,23,1.2,4,16.5,,,
spring2022,ardal,6,ardal6,,24,1D,,,,1,16,1.2,0,,,,
spring2022,ardal,6,ardal6,,26,1E,,,,1,16,1.2,0,,,,
spring2022,ardal,8,ardal8,,4,3C,,,,1,13,1.2,0,,,,
spring2022,helin,1,helin1,,2,1C,,3.5,2,3,26,1.2,3,9,,,
spring2022,helin,1,helin1,,6,2E,,,,1,33,1.2,0,,,,
spring2022,helin,2,helin2,,5,4D,,,,1,5,1.2,0,,,,
spring2022,helin,3,helin3,,4,P,,3.5,1.7,2,42,1.2,1,5.5,,,
spring2022,helin,3,helin3,,3,2C,,3,1.5,2,21,1.2,1,4.3,,,
spring2022,helin,3,helin3,,17,4B,,,,1,9,1.2,0,,,,
spring2022,helin,4,helin4,,2,G,88,3.2,4,2,65,1.2,3,4.5,,,
spring2022,helin,4,helin4,,4,3A,,,,1,10,1.2,0,,,,
spring2022,helin,4,helin4,,8,3B,,2.4,1.9,2,18,1.2,0,,,,
spring2022,helin,5,helin5,,1,P,,2.5,3,5,53,1.2,,,,,
spring2022,helin,5,helin5,,3,P,89,2.9,1.8,3,47,1.2,0,,,,
spring2022,helin,5,helin5,,10,5C,,3,1.5,2,21,1.2,0,,,,
spring2022,helin,7,helin7,,2,3B,,,,1,6,1.2,0,,,,
spring2022,helin,7,helin7,,18,3D,,,,1,10,1.2,2,4,,,
spring2022,helin,10,helin10,,11,2D,,,,1,8,1.2,3,13.5,,,
spring2022,smadalen,1,smadalen1,,4,P,102,5,2.3,3,65,1.2,3,0.5,,,
spring2022,smadalen,2,smadalen2,,12,2D,,3.4,3.5,7,69,1.2,3,5.5,,,
spring2022,smadalen,3,smadalen3,,2,P,,3.5,2.2,6,52,1.2,6,7.5,,,
spring2022,smadalen,6,smadalen6,,12,1B,,3.1,2,5,44,1.2,2,3.8,,,
spring2022,smadalen,6,smadalen6,,20,5D,,2.6,1.7,3,37,1.2,3,6.5,,,
spring2022,smadalen,8,smadalen8,,2,P,,3,1.5,2,32,1.2,2,8,,,
spring2022,smadalen,8,smadalen8,,9,1C,,,,1,8,1.2,1,8,,,
spring2022,bovra,1,bovra1,,4,P,,,,1,35,1.2,2,13,,,
spring2022,bovra,1,bovra1,,3,2A,,,,1,7,1.2,0,,,,
spring2022,bovra,1,bovra1,,10,1B,,,,1,6,1.2,0,,,,
spring2022,bovra,1,bovra1,,13,1B,,,,1,8,1.2,0,,,,
spring2022,bovra,1,bovra1,,28,4D,,,,1,7,1.2,0,,,,
spring2022,bovra,3,bovra3,,4,3A,,,,1,9,1.2,0,,,,
spring2022,bovra,8,bovra8,,4,5B,,,,1,21,1.2,1,0.8,,,
spring2022,bovra,8,bovra8,,8,3D,,,,1,4,1.2,0,,,,
spring2022,spiterstulen,1,spiterstulen1,,2,2D,,,,1,17,1.2,2,,,,
spring2022,spiterstulen,2,spiterstulen2,,5,2A,,2,2,3,28,1.2,9.5,,,,
spring2022,spiterstulen,4,spiterstulen4,,1,2A,,,,1,18,1.2,0,,,,
spring2022,spiterstulen,6,spiterstulen6,,4,2A,,,,1,9,1.2,0,,,,
spring2022,spiterstulen,6,spiterstulen6,,5,4B,,,,1,7,1.2,0,,,,
spring2022,spiterstulen,9,spiterstulen9,,3,P,158,4.5,3.2,6,48,1.2,3,11,,,
spring2022,spiterstulen,9,spiterstulen9,,4,1C,,,,1,17,1.2,0,,,,
spring2022,laerdal,6,laerdal6,,6,1A,,3.3,1.8,2,22,1.1,0,,,,
spring2022,laerdal,6,laerdal6,,14,4B,,,,1,11,1.1,0,,,,
spring2022,saebo,1,saebo1,,1,1E,,,,1,6,1.1,1,11.6,,,
spring2022,saebo,2,saebo2,,4,4B,,2.1,3,2,23,1.1,0,,,,
spring2022,saebo,3,saebo3,,16,5B,,,,1,3,1.1,0,,,,
spring2022,saebo,5,saebo5,,2,5B,,1.8,2,2,24,1.1,1,9.5,,,
spring2022,saebo,5,saebo5,,11,3E,,2.1,1.9,2,18,1.1,1,10.5,,,
spring2022,saebo,8,saebo8,,4,G,,7,5,6,68,1.1,8,23.5,,,
spring2022,saebo,10,saebo10,,9,3D,,1.3,2,2,18,1.1,1,14,,,
spring2022,hjelle,1,hjelle1,,2,3C,,2,1.6,2,14,1.1,0,,,,
spring2022,hjelle,2,hjelle2,,10,5E,,,,1,6,1.1,0,,,,
spring2022,hjelle,3,hjelle3,,14,4B,,,,1,12,1.1,0,,,,
spring2022,hjelle,3,hjelle3,,16,2B,,,,1,9,1.1,0,,,,
spring2022,hjelle,4,hjelle4,,21,3D,,,,1,5,1.1,0,,,,
spring2022,hjelle,5,hjelle5,,2,,,,,1,12,1.1,1,9.5,,,
spring2022,hjelle,6,hjelle6,,14,2D,,,,1,16,1.1,1,10,,,
spring2022,hjelle,6,hjelle6,,16,3D,,,,1,12,1.1,1,16,,,
spring2022,hjelle,7,hjelle7,,27,4C,,4.5,2,4,42,1.1,2,7,,,
spring2022,ardal,1,ardal1,,4,G,,4,1.5,3,24,1.1,4,19,,,
spring2022,ardal,6,ardal6,,18,5C,,,,1,11,1.1,0,,,,
spring2022,helin,4,helin4,,1,R,87,4.2,2.4,2,60,1.1,0,,,,
spring2022,helin,4,helin4,,13,3C,,,,1,12,1.1,0,,,,
spring2022,helin,5,helin5,,14,5B,,,,1,5,1.1,0,,,,
spring2022,helin,6,helin6,,1,5A,,4.5,2,4,85,1.1,3,4.5,,,
spring2022,helin,10,helin10,,12,1E,,,,1,14,1.1,1,8,,,
spring2022,smadalen,1,smadalen1,,2,G,,,,1,10,1.1,0,,,,
spring2022,smadalen,4,smadalen4,,3,2C,,1.6,1.3,2,17,1.1,0,,,,
spring2022,smadalen,5,smadalen5,,2,P,109,3.1,2.5,4,50,1.1,3,3.5,,,
spring2022,smadalen,6,smadalen6,,15,1C,,2.4,2.5,4,24,1.1,0,,,,
spring2022,smadalen,6,smadalen6,,16,1D,,2.2,1.5,3,40,1.1,3,5.2,,,
spring2022,smadalen,8,smadalen8,,7,1D,,2.5,2,2,17,1.1,2,5.5,,,
spring2022,smadalen,8,smadalen8,,8,3D,,7,4,5,35,1.1,7,12,,,
spring2022,bovra,1,bovra1,,11,1B,,,,1,8,1.1,0,,,,
spring2022,bovra,6,bovra6,,4,1C,,,,1,12,1.1,1,1.5,,,
spring2022,spiterstulen,1,spiterstulen1,,4,1E,,2,1.7,2,16,1.1,0,,,,
spring2022,spiterstulen,2,spiterstulen2,,3,2A,,,,1,12,1.1,3.1,,,,
spring2022,spiterstulen,3,spiterstulen3,,3,3A,,2.2,2.5,2,16,1.1,2,5.5,,,
spring2022,spiterstulen,4,spiterstulen4,,3,G,,5,1.2,2,40,1.1,1,7.5,,,
spring2022,spiterstulen,6,spiterstulen6,,1,1B,,3.2,3.4,4,49,1.1,2,9.5,,,
spring2022,laerdal,5,laerdal5,,2,P_G,,,,2,12,1,1,3.5,,,
spring2022,laerdal,6,laerdal6,,1,2A,,,,1,8,1,0,,,,
spring2022,laerdal,6,laerdal6,,3,2A,,2.2,3,2,13,1,0,,,,
spring2022,laerdal,6,laerdal6,,4,2A,,,,1,4,1,0,,,,
spring2022,laerdal,6,laerdal6,,33,4D,,,,1,9,1,0,,,,
spring2022,saebo,2,saebo2,,1,P,23,3,1.5,3,36,1,3,20,,,
spring2022,saebo,2,saebo2,,2,G,,3,1.5,4,36,1,2,17.5,,,
spring2022,saebo,3,saebo3,,3,P,,2.4,2.3,2,29,1,2,19,,,
spring2022,saebo,5,saebo5,,3,G,,,,1,12,1,2,15,,,
spring2022,saebo,5,saebo5,,3,4B,,,,1,14,1,0,,,,
spring2022,saebo,6,saebo6,,1,P,31,2.2,2.1,2,34,1,5,21,,,
spring2022,saebo,6,saebo6,,3,4A,,2.3,0.9,2,11,1,1,11,,,
spring2022,saebo,6,saebo6,,4,4A,,3,1.8,4,26,1,1,6.5,,,
spring2022,saebo,9,saebo9,,2,5B,,,,1,12,1,1,5,,,
spring2022,saebo,9,saebo9,,5,1B,,2.7,1.5,2,31,1,2,14,,,
spring2022,saebo,10,saebo10,,6,2C,,1.7,1.8,2,7,1,2,11,,,
spring2022,hjelle,3,hjelle3,,13,4B,,,,1,10,1,1,9,,,
spring2022,hjelle,3,hjelle3,,31,3C,,,,1,8,1,1,1.9,,,
spring2022,hjelle,5,hjelle5,,9,,,,,1,14,1,1,15,,,
spring2022,hjelle,5,hjelle5,,12,,,,,1,15,1,3,17,,,
spring2022,hjelle,5,hjelle5,,18,,,,,1,7,1,1,11,,,
spring2022,hjelle,5,hjelle5,,26,,,,,1,12,1,0,,,,
spring2022,hjelle,5,hjelle5,,28,,,,,1,8,1,1,13,,,
spring2022,hjelle,7,hjelle7,,40,5D,,1.8,2.7,4,40,1,1,2.5,,,
spring2022,hjelle,9,hjelle9,,16,4C,,,,1,8,1,0,,,,
spring2022,hjelle,9,hjelle9,,37,4E,,,,1,15,1,2,13,,,
spring2022,hjelle,10,hjelle10,,13,5E,,,,1,7,1,0,,,,
spring2022,ardal,5,ardal5,,8,1C,,3,2.4,2,15,1,0,,,,
spring2022,helin,2,helin2,,2,1A,,1.2,1.4,2,17,1,1,6.2,,,
spring2022,helin,4,helin4,,15,4E,,1.4,1.7,2,24,1,0,,,,
spring2022,helin,5,helin5,,3,2B,,,,1,10,1,0,,,,
spring2022,helin,5,helin5,,12,5B,,1.5,1.1,2,8,1,0,,,,
spring2022,helin,6,helin6,,4,3C,,3,2.5,3,32,1,1,4.5,,,
spring2022,helin,7,helin7,,10,3C,,,,1,18,1,0,,,,
spring2022,helin,7,helin7,,23,5E,,2.3,3,3,57,1,2,4,,,
spring2022,smadalen,3,smadalen3,,3,3D,,6.5,4.3,11,64,1,4,6.5,,,
spring2022,smadalen,4,smadalen4,,1,P,107,5.5,3,4,60,1,3,7.5,,,
spring2022,smadalen,6,smadalen6,,14,1C,,1.5,3.1,2,18,1,0,,,,
spring2022,smadalen,6,smadalen6,,18,5D,,2,1.6,2,20,1,0,,,,
spring2022,smadalen,6,smadalen6,,23,2E,,,,1,7,1,0,,,,
spring2022,smadalen,8,smadalen8,,3,1C,,,,1,8,1,2,9,,,
spring2022,bovra,1,bovra1,,16,3B,,,,1,12,1,0,,,,
spring2022,bovra,1,bovra1,,22,2B,,,,1,8,1,0,,,,
spring2022,spiterstulen,3,spiterstulen3,,4,3A,,3,2.7,4,29,1,0,,,,
spring2022,laerdal,5,laerdal5,,14,4B,,,,1,7,0.9,0,,,,
spring2022,saebo,2,saebo2,,3,4A,,,,1,10,0.9,0,,,,
spring2022,saebo,3,saebo3,,2,3A,,,,3,14,0.9,0,,,,
spring2022,saebo,3,saebo3,,14,2D,,,,1,9,0.9,1,10.2,,,
spring2022,saebo,5,saebo5,,1,5B,,2.5,1,2,9,0.9,5,35,,,
spring2022,saebo,6,saebo6,,5,5B,,2.6,1.9,2,17,0.9,2,14,,,
spring2022,saebo,6,saebo6,,6,5B,,1.8,1,2,11,0.9,1,11,,,
spring2022,saebo,7,saebo7,,3,G,34,4,2.5,6,47,0.9,3,23,,,
spring2022,saebo,7,saebo7,,1,2B,,2,1.2,2,3,0.9,2,25.5,,,
spring2022,hjelle,3,hjelle3,,4,4A,,,,1,7,0.9,0,,,,
spring2022,hjelle,3,hjelle3,,7,5B,,,,1,9,0.9,0,,,,
spring2022,hjelle,3,hjelle3,,27,2C,,,,1,9,0.9,0,,,,
spring2022,hjelle,3,hjelle3,,42,5B,,,,1,10,0.9,1,13.5,,,
spring2022,hjelle,5,hjelle5,,11,,,,,2,12,0.9,1,3,,,
spring2022,hjelle,5,hjelle5,,17,,,,,1,7,0.9,0,,,,
spring2022,hjelle,5,hjelle5,,23,,,,,3,21,0.9,2,25.5,,,
spring2022,hjelle,7,hjelle7,,9,3D,,3.5,4,3,53,0.9,2,3.5,,,
spring2022,ardal,6,ardal6,,12,3C,,,,1,8,0.9,0,,,,
spring2022,helin,4,helin4,,3,2A,,1.7,1.5,2,24,0.9,0,,,,
spring2022,helin,5,helin5,,2,2B,,,,1,11,0.9,1,8,,,
spring2022,helin,6,helin6,,5,3B,,,,1,8,0.9,,,,,
spring2022,helin,7,helin7,,15,3D,,,,1,14,0.9,0,,,,
spring2022,helin,9,helin9,,2,G,,,,1,20,0.9,1,14.5,,,
spring2022,smadalen,1,smadalen1,,3,G,,,,1,21,0.9,1,1.5,,,
spring2022,smadalen,2,smadalen2,,1,P,,3.6,2.1,2,50,0.9,2,4,,,
spring2022,smadalen,2,smadalen2,,4,P,,,,1,13,0.9,0,,,,
spring2022,smadalen,3,smadalen3,,2,4B,,3.7,2.9,4,47,0.9,8,8,,,
spring2022,smadalen,4,smadalen4,,2,G,,2.6,1.6,2,27,0.9,3,7.5,,,
spring2022,smadalen,5,smadalen5,,3,3B,,2.1,1.4,2,32,0.9,1,2,,,
spring2022,smadalen,5,smadalen5,,5,1C,,,,1,28,0.9,1,3.5,,,
spring2022,smadalen,5,smadalen5,,6,3D,,2.4,1.3,2,30,0.9,2,3,,,
spring2022,smadalen,6,smadalen6,,1,5A,,2,1.7,5,64,0.9,4,4.5,,,
spring2022,smadalen,6,smadalen6,,19,5D,,2.3,1.7,2,27,0.9,1,4,,,
spring2022,smadalen,6,smadalen6,,21,5D,,,,1,12,0.9,1,1.2,,,
spring2022,smadalen,7,smadalen7,,1,P,,,,1,8,0.9,0,,,,
spring2022,smadalen,7,smadalen7,,2,G,113,3,1.5,2,34,0.9,3,1,,,
spring2022,spiterstulen,6,spiterstulen6,,7,4C,,,,1,8,0.9,0,,,,
spring2022,laerdal,1,laerdal1,,5,C4,,,,1,8,0.8,,,,,
spring2022,laerdal,5,laerdal5,,15,3A,,,,1,9,0.8,0,,,,
spring2022,saebo,1,saebo1,,3,5D,,,,1,9,0.8,1,18,,,
spring2022,saebo,2,saebo2,,3,P,24,2.5,1,2,20,0.8,3,10.5,,,
spring2022,saebo,3,saebo3,,1,G,25,2.5,1.5,2,22,0.8,0,,,,
spring2022,saebo,3,saebo3,,18,5A,,,,1,4,0.8,0,,,,
spring2022,saebo,5,saebo5,,4,4B,,1.5,1.3,2,15,0.8,0,,,,
spring2022,saebo,6,saebo6,,7,5B,,2.8,2.7,4,25,0.8,0,,,,
spring2022,saebo,7,saebo7,,3,2C,,3.2,1.5,3,4,0.8,6,20,,,
spring2022,saebo,8,saebo8,,3,2C,,,,1,24,0.8,0,,,,
spring2022,saebo,9,saebo9,,1,P,37,2.3,2,3,26,0.8,2,20,,,
spring2022,saebo,9,saebo9,,2,G,,2.8,2.4,2,15,0.8,1,10,,,
spring2022,saebo,9,saebo9,,6,1C,,2.2,1.5,3,27,0.8,2,16,,,
spring2022,hjelle,3,hjelle3,,36,5C,,,,1,5,0.8,0,,,,
spring2022,hjelle,4,hjelle4,,3,2A,,,,1,4,0.8,0,,,,
spring2022,hjelle,4,hjelle4,,14,1D,,,,1,5,0.8,0,,,,
spring2022,hjelle,5,hjelle5,,3,,,,,1,15,0.8,0,,,,
spring2022,hjelle,5,hjelle5,,16,,,,,1,7,0.8,0,,,,
spring2022,hjelle,5,hjelle5,,19,,,,,1,5,0.8,0,,,,
spring2022,hjelle,5,hjelle5,,21,,,,,1,10,0.8,0,,,,
spring2022,hjelle,5,hjelle5,,29,,,,,1,8,0.8,1,17.5,,,
spring2022,hjelle,5,hjelle5,,33,,,,,1,8,0.8,0,,,,
spring2022,hjelle,6,hjelle6,,19,3E,,,,1,10,0.8,1,11,,,
spring2022,hjelle,7,hjelle7,,2,1D,,1.7,1,2,16,0.8,0,0,,,
spring2022,hjelle,9,hjelle9,,11,3C,,,,1,14,0.8,0,,,,
spring2022,ardal,2,ardal2,,2,G,,,,1,6,0.8,0,,,,
spring2022,ardal,2,ardal2,,6,2E,,,,1,10,0.8,0,,,,
spring2022,ardal,4,ardal4,,2,3B,,,,1,5,0.8,0,,,,
spring2022,ardal,6,ardal6,,3,3A,,,,1,20,0.8,4,21,,,
spring2022,ardal,6,ardal6,,29,1E,,,,1,20,0.8,0,,,,
spring2022,helin,3,helin3,,6,2E,,1.7,1.6,2,30,0.8,0,,,,
spring2022,helin,3,helin3,,14,5B,,,,1,8,0.8,0,,,,
spring2022,helin,5,helin5,,15,4C,,,,1,6,0.8,0,,,,
spring2022,helin,5,helin5,,19,5E,,1.3,1.7,2,18,0.8,0,,,,
spring2022,helin,7,helin7,,6,3B,,,,1,17,0.8,1,4,,,
spring2022,helin,7,helin7,,14,3D,,,,1,17,0.8,2,1.4,,,
spring2022,helin,7,helin7,,19,5D,,,,1,10,0.8,0,,,,
spring2022,helin,8,helin8,,3,3C,,,,1,8,0.8,0,,,,
spring2022,smadalen,1,smadalen1,,4,3D,,,,1,7,0.8,0,,,,
spring2022,smadalen,2,smadalen2,,8,4C,,2.2,1.8,5,36,0.8,0,,,,
spring2022,smadalen,2,smadalen2,,11,4C,,,,1,4,0.8,0,,,,
spring2022,smadalen,2,smadalen2,,14,3D,,1.8,1,3,21,0.8,0,,,,
spring2022,smadalen,5,smadalen5,,8,4E,,1.7,1.3,2,20,0.8,1,3.5,,,
spring2022,smadalen,5,smadalen5,,11,5A,,1.9,1.5,2,31,0.8,1,1.7,,,
spring2022,smadalen,6,smadalen6,,11,2B,,,,1,11,0.8,0,,,,
spring2022,smadalen,7,smadalen7,,3,P,114,2.5,1.5,2,28,0.8,0,,,,
spring2022,smadalen,9,smadalen9,,1,G,117,5,4.5,7,85,0.8,10,9.5,,,
spring2022,smadalen,10,smadalen10,,1,P,,,,1,14,0.8,1,6,,,
spring2022,spiterstulen,2,spiterstulen2,,1,2A,,,,1,10,0.8,,,,,
spring2022,spiterstulen,2,spiterstulen2,,4,2A,,1.6,1.4,2,19,0.8,6.5,,,,
spring2022,laerdal,5,laerdal5,,6,4A,,,,1,6,0.7,0,,,,
spring2022,saebo,2,saebo2,,5,5C,,,,1,6,0.7,0,,,,
spring2022,saebo,3,saebo3,,15,2C,,,,1,8,0.7,0,,,,
spring2022,saebo,6,saebo6,,8,4B,,2.1,1.3,2,15,0.7,0,,,,
spring2022,saebo,8,saebo8,,2,1B,,2.4,2,2,30,0.7,0,,,,
spring2022,saebo,9,saebo9,,1,5B,,3.3,1.6,3,18,0.7,2,14,,,
spring2022,hjelle,3,hjelle3,,8,5B,,,,1,3,0.7,0,,,,
spring2022,hjelle,3,hjelle3,,18,2B,,,,1,5,0.7,0,,,,
spring2022,hjelle,3,hjelle3,,20,1C,,,,1,3,0.7,0,,,,
spring2022,hjelle,3,hjelle3,,23,1C,,,,1,6,0.7,0,,,,
spring2022,hjelle,3,hjelle3,,28,2C,,,,1,8,0.7,0,,,,
spring2022,hjelle,3,hjelle3,,32,3C,,1.3,1.9,2,20,0.7,1,7,,,
spring2022,hjelle,3,hjelle3,,43,2B,,,,1,5,0.7,0,,,,
spring2022,hjelle,5,hjelle5,,15,,,,,1,15,0.7,1,17.5,,,
spring2022,hjelle,5,hjelle5,,32,,,,,1,14,0.7,1,4.5,,,
spring2022,hjelle,7,hjelle7,,2,P,54,2.6,2.6,3,43,0.7,4,8,,,
spring2022,hjelle,7,hjelle7,,11,4E,,,,1,17,0.7,0,,,,
spring2022,hjelle,7,hjelle7,,13,3E,,3,2.8,2,27,0.7,2,9,,,
spring2022,hjelle,7,hjelle7,,19,5D,,,,1,22,0.7,3,7,,,
spring2022,hjelle,9,hjelle9,,14,4C,,,,1,10,0.7,0,,,,
spring2022,hjelle,9,hjelle9,,15,4C,,,,1,16,0.7,0,,,,
spring2022,hjelle,9,hjelle9,,26,4D,,,,1,6,0.7,0,,,,
spring2022,hjelle,10,hjelle10,,6,1D,,,,1,10,0.7,0,,,,
spring2022,ardal,6,ardal6,,4,4A,,,,1,12,0.7,0,,,,
spring2022,ardal,6,ardal6,,6,2B,,2.8,2.5,2,19,0.7,0,,,,
spring2022,ardal,6,ardal6,,7,3B,,,,1,11,0.7,1,7.5,,,
spring2022,ardal,6,ardal6,,17,4C,,,,1,7,0.7,0,,,,
spring2022,helin,3,helin3,,7,5D,,,,1,5,0.7,0,,,,
spring2022,helin,3,helin3,,13,4B,,,,1,5,0.7,0,,,,
spring2022,helin,3,helin3,,16,5B,,,,1,6,0.7,0,,,,
spring2022,helin,4,helin4,,6,3B,,,,1,8,0.7,0,,,,
spring2022,helin,4,helin4,,7,3B,,1.2,1.2,2,16,0.7,0,,,,
spring2022,helin,7,helin7,,11,3C,,,,1,10,0.7,2,2.4,,,
spring2022,helin,7,helin7,,21,4E,,1.5,1.4,2,17,0.7,0,,,,
spring2022,helin,8,helin8,,3,G,,,,1,27,0.7,1,5.5,,,
spring2022,smadalen,2,smadalen2,,5,1B,,,,1,6,0.7,0,,,,
spring2022,smadalen,5,smadalen5,,1,G,,2,1.5,3,26,0.7,2,2.2,,,
spring2022,smadalen,5,smadalen5,,3,G,,2.3,1.7,2,26,0.7,3,3,,,
spring2022,smadalen,5,smadalen5,,4,4B,,,,1,24,0.7,1,3,,,
spring2022,smadalen,5,smadalen5,,7,3D,,3.1,1.9,2,28,0.7,3,4,,,
spring2022,smadalen,5,smadalen5,,13,4D,,,,1,26,0.7,3,2.5,,,
spring2022,smadalen,6,smadalen6,,4,5B,,1.1,1.6,3,25,0.7,0,,,,
spring2022,smadalen,6,smadalen6,,13,1C,,1.5,2.2,3,33,0.7,1,5,,,
spring2022,smadalen,6,smadalen6,,17,1D,,2.8,1.3,4,44,0.7,3,3.4,,,
spring2022,bovra,1,bovra1,,20,4C,,,,1,5,0.7,0,,,,
spring2022,bovra,5,bovra5,,7,3B,,,,1,11,0.7,1,4,,,
spring2022,bovra,8,bovra8,,7,5D,,2,1.5,2,26,0.7,0,,,,
spring2022,spiterstulen,1,spiterstulen1,,5,1E,,,,1,7,0.7,0,,,,
spring2022,laerdal,5,laerdal5,,2,4A,,,,1,9,0.6,0,,,,
spring2022,laerdal,5,laerdal5,,5,4A,,,,1,7,0.6,0,,,,
spring2022,laerdal,5,laerdal5,,11,5A,,,,1,6,0.6,0,,,,
spring2022,saebo,2,saebo2,,7,1C,,,,1,3,0.6,1,13.5,,,
spring2022,saebo,3,saebo3,,2,P,,,,1,10,0.6,2,8.5,,,
spring2022,saebo,3,saebo3,,4,G,26,5,1.5,7,36,0.6,2,14,,,
spring2022,saebo,3,saebo3,,1,2A,,,,1,7,0.6,0,,,,
spring2022,saebo,3,saebo3,,4,5B,,,,1,7,0.6,0,,,,
spring2022,saebo,3,saebo3,,9,5C,,,,2,9,0.6,0,,,,
spring2022,saebo,3,saebo3,,10,5C,,,,2,9,0.6,0,,,,
spring2022,saebo,3,saebo3,,11,5D,,,,3,17,0.6,1,9.5,,,
spring2022,saebo,3,saebo3,,13,3B,,,,1,6,0.6,0,,,,
spring2022,saebo,4,saebo4,,4,G,28,,,1,10,0.6,0,,,,
spring2022,saebo,5,saebo5,,5,2B,,3.5,3.5,4,38,0.6,0,,,,
spring2022,saebo,6,saebo6,,17,5D,,,,1,12,0.6,0,,,,
spring2022,saebo,7,saebo7,,4,P,,,,1,11,0.6,1,12.5,,,
spring2022,saebo,10,saebo10,,5,2B,,,,1,5,0.6,3,18,,,
spring2022,saebo,10,saebo10,,7,3C,,,,1,9,0.6,0,,,,
spring2022,hjelle,3,hjelle3,,2,4A,,,,1,6,0.6,0,,,,
spring2022,hjelle,3,hjelle3,,17,2B,,,,1,8,0.6,0,,,,
spring2022,hjelle,3,hjelle3,,35,5C,,,,1,3,0.6,0,,,,
spring2022,hjelle,3,hjelle3,,44,2B,,,,1,6,0.6,0,,,,
spring2022,hjelle,4,hjelle4,,15,1D,,,,1,4,0.6,0,,,,
spring2022,hjelle,4,hjelle4,,16,2D,,,,1,4,0.6,0,,,,
spring2022,hjelle,4,hjelle4,,26,5E,,,,1,4,0.6,0,,,,
spring2022,hjelle,6,hjelle6,,11,2C,,,,1,4,0.6,0,,,,
spring2022,hjelle,7,hjelle7,,5,2C,,3.5,1.5,2,27,0.6,1,10,,,
spring2022,hjelle,7,hjelle7,,16,4E,,,,1,22,0.6,1,16.5,,,
spring2022,hjelle,9,hjelle9,,6,1B,,,,1,5,0.6,0,,,,
spring2022,hjelle,9,hjelle9,,12,4C,,1.6,1.1,2,1,0.6,0,,,,
spring2022,hjelle,9,hjelle9,,13,4C,,,,1,8,0.6,1,7,,,
spring2022,hjelle,9,hjelle9,,20,5C,,1.5,0.7,2,9,0.6,0,,,,
spring2022,hjelle,9,hjelle9,,27,4D,,,,1,3,0.6,0,,,,
spring2022,hjelle,9,hjelle9,,28,4D,,,,1,5,0.6,1,11,,,
spring2022,hjelle,10,hjelle10,,12,3E,,,,1,6,0.6,0,,,,
spring2022,ardal,6,ardal6,,11,3C,,,,1,8,0.6,1,11,,,
spring2022,ardal,6,ardal6,,25,1E,,,,1,7,0.6,0,,,,
spring2022,helin,1,helin1,,9,5E,,,,1,4,0.6,0,,,,
spring2022,helin,2,helin2,,1,1A,,,,1,9,0.6,0,,,,
spring2022,helin,3,helin3,,4,2D,,2.4,1.5,3,40,0.6,0,,,,
spring2022,helin,4,helin4,,17,4E,,2,1,2,12,0.6,0,,,,
spring2022,helin,6,helin6,,8,2C,,,,1,15,0.6,,,,,
spring2022,helin,6,helin6,,10,2C,,,,1,15,0.6,1,3.5,,,
spring2022,helin,6,helin6,,11,2C,,,,1,10,0.6,1,5,,,
spring2022,helin,7,helin7,,9,3C,,,,1,6,0.6,1,1.4,,,
spring2022,helin,7,helin7,,13,2D,,2.5,4,2,70,0.6,3,4.5,,,
spring2022,smadalen,2,smadalen2,,1,2A,,,,1,14,0.6,0,,,,
spring2022,smadalen,3,smadalen3,,1,2A,,4.3,3.5,7,58,0.6,7,7.5,,,
spring2022,smadalen,4,smadalen4,,5,2E,,,,1,13,0.6,0,,,,
spring2022,smadalen,5,smadalen5,,1,1A,,2.6,1.8,3,25,0.6,4,0.8,,,
spring2022,smadalen,5,smadalen5,,12,1C,,,,1,12,0.6,0,,,,
spring2022,bovra,1,bovra1,,32,4E,,,,1,5,0.6,0,,,,
spring2022,bovra,8,bovra8,,5,1E,,,,1,12,0.6,1,9.5,,,
spring2022,bovra,8,bovra8,,6,5D,,,,1,12,0.6,0,,,,
spring2022,spiterstulen,2,spiterstulen2,,2,2A,,,,1,12,0.6,,,,,
spring2022,spiterstulen,7,spiterstulen7,,1,G,,,,1,8,0.6,0,,,,
spring2022,spiterstulen,9,spiterstulen9,,4,G,,3.5,1.5,3,19,0.6,4,12,,,
spring2022,laerdal,4,laerdal4,,10,2D,,,,1,2,0.5,0,,,,
spring2022,laerdal,5,laerdal5,,1,4A,,,,1,8,0.5,0,,,,
spring2022,saebo,2,saebo2,,1,5A,,,,1,7,0.5,0,,,,
spring2022,saebo,3,saebo3,,5,5B,,,,1,9,0.5,0,,,,
spring2022,saebo,3,saebo3,,7,5B,,,,1,8,0.5,1,4.2,,,
spring2022,saebo,3,saebo3,,8,5C,,,,1,6,0.5,0,,,,
spring2022,saebo,3,saebo3,,12,4C,,,,7,44,0.5,0,,,,
spring2022,saebo,5,saebo5,,4,P,30,2,1.2,2,20,0.5,2,22,,,
spring2022,saebo,5,saebo5,,8,2C,,,,1,6,0.5,0,,,,
spring2022,saebo,5,saebo5,,12,2B,,1.6,1,2,16,0.5,0,,,,
spring2022,saebo,5,saebo5,,13,1A,,,,1,7,0.5,0,,,,
spring2022,hjelle,3,hjelle3,,9,5B,,,,1,3,0.5,0,,,,
spring2022,hjelle,3,hjelle3,,24,1C,,,,1,10,0.5,0,,,,
spring2022,hjelle,5,hjelle5,,14,,,,,1,9,0.5,1,8,,,
spring2022,hjelle,7,hjelle7,,15,4E,,,,1,18,0.5,1,6,,,
spring2022,hjelle,7,hjelle7,,33,3D,,,,1,7,0.5,0,,,,
spring2022,hjelle,9,hjelle9,,5,5B,,,,1,6,0.5,0,,,,
spring2022,hjelle,9,hjelle9,,9,3C,,,,1,5,0.5,0,,,,
spring2022,hjelle,9,hjelle9,,19,5C,,,,1,5,0.5,0,,,,
spring2022,ardal,6,ardal6,,14,4C,,,,1,8,0.5,0,,,,
spring2022,helin,4,helin4,,14,4D,,,,1,7,0.5,0,,,,
spring2022,smadalen,2,smadalen2,,6,1C,,,,1,6,0.5,0,,,,
spring2022,smadalen,5,smadalen5,,9,4E,,1.7,0.9,2,23,0.5,1,1,,,
spring2022,smadalen,6,smadalen6,,5,5C,,,,1,13,0.5,0,,,,
spring2022,bovra,1,bovra1,,24,3B,,,,1,5,0.5,1,3.5,,,
spring2022,laerdal,6,laerdal6,,5,2A,,,,1,6,0.4,0,,,,
spring2022,saebo,2,saebo2,,11,4E,,,,1,8,0.4,0,,,,
spring2022,saebo,3,saebo3,,17,5B,,,,1,5,0.4,0,,,,
spring2022,saebo,3,saebo3,,19,4B,,,,1,8,0.4,0,,,,
spring2022,saebo,4,saebo4,,3,P,,1.8,0.5,2,14,0.4,1,8,,,
spring2022,saebo,5,saebo5,,7,1C,,,,1,6,0.4,0,,,,
spring2022,saebo,5,saebo5,,9,3C,,1,0.8,2,12,0.4,0,,,,
spring2022,saebo,6,saebo6,,3,P,32,4.8,1,4,58,0.4,6,14,,,
spring2022,saebo,6,saebo6,,4,G,,1.5,0.8,2,20,0.4,1,9,,,
spring2022,saebo,10,saebo10,,4,P,,,,1,20,0.4,2,13.5,,,
spring2022,hjelle,3,hjelle3,,25,2C,,,,1,5,0.4,0,,,,
spring2022,hjelle,5,hjelle5,,4,,,,,1,18,0.4,2,12,,,
spring2022,hjelle,5,hjelle5,,31,,,,,1,18,0.4,2,8.5,,,
spring2022,hjelle,9,hjelle9,,18,4C,,,,1,4,0.4,0,,,,
spring2022,helin,3,helin3,,9,5E,,,,1,10,0.4,0,,,,
spring2022,helin,3,helin3,,15,5B,,,,1,7,0.4,0,,,,
spring2022,smadalen,2,smadalen2,,15,3D,,,,1,4,0.4,0,,,,
spring2022,smadalen,6,smadalen6,,6,5C,,,,1,5,0.4,0,,,,
spring2022,smadalen,8,smadalen8,,2,1C,,,,1,8,0.4,0,,,,
spring2022,bovra,1,bovra1,,25,1C,,,,1,4,0.4,0,,,,
spring2022,spiterstulen,10,spiterstulen10,,11,4B,,,,1,3,0.4,0,,,,
spring2022,saebo,3,saebo3,,6,5B,,,,1,5,0.3,0,,,,
spring2022,hjelle,3,hjelle3,,21,1C,,,,1,5,0.3,0,,,,
spring2022,hjelle,3,hjelle3,,26,2C,,,,1,4,0.3,0,,,,
spring2022,hjelle,3,hjelle3,,37,5C,,,,1,4,0.3,0,,,,
spring2022,hjelle,5,hjelle5,,34,,,,,1,5,0.3,0,,,,
spring2022,hjelle,9,hjelle9,,17,4C,,,,1,10,0.3,0,,,,
spring2022,hjelle,9,hjelle9,,39,4C,,,,1,3,0.3,0,,,,
spring2022,smadalen,6,smadalen6,,7,5C,,,,1,8,0.3,0,,,,
spring2022,smadalen,6,smadalen6,,8,5C,,,,1,6,0.3,0,,,,
spring2022,smadalen,6,smadalen6,,9,3B,,0.7,0.5,2,9,0.3,0,,,,
spring2022,hjelle,3,hjelle3,,22,1C,,,,1,5,0.2,0,,,,
spring2022,hjelle,3,hjelle3,,40,1D,,,,1,6,0.2,0,,,,
spring2022,hjelle,3,hjelle3,,45,2C,,,,1,4,0.2,0,,,,
spring2022,hjelle,7,hjelle7,,36,5E,,,,1,2,0.2,0,,,,
spring2022,hjelle,7,hjelle7,,37,5E,,,,1,2,0.2,0,,,,
spring2022,hjelle,7,hjelle7,,38,5E,,,,1,2,0.2,0,,,,
spring2022,hjelle,7,hjelle7,,41,4A,,,,1,2,0.2,0,,,,
spring2022,hjelle,7,hjelle7,,42,4A,,,,1,2,0.2,0,,,,
spring2022,hjelle,7,hjelle7,,43,4A,,,,1,2,0.2,0,,,,
spring2022,hjelle,7,hjelle7,,44,4A,,,,1,2,0.2,0,,,,
spring2022,hjelle,7,hjelle7,,45,3A,,,,1,2,0.2,0,,,,
spring2022,laerdal,4,laerdal4,,14,3C,,,,0,0,0,1,21.5,,,
spring2022,saebo,1,saebo1,,4,1E,,,,0,0,0,1,23,,,
spring2022,saebo,1,saebo1,,1,G,,,,1,0,,2,24,,,
spring2022,saebo,1,saebo1,,2,P,,,,1,0,,1,18,,,
spring2022,saebo,7,saebo7,,2,2C,,,,0,0,,2,22.5,,,
spring2022,hjelle,7,hjelle7,,20,,,,,,,,,,,,
spring2022,hjelle,7,hjelle7,,21,,,,,,,,,,,,
spring2022,hjelle,7,hjelle7,,22,,,,,,,,,,,,
spring2022,hjelle,7,hjelle7,,23,,,,,,,,,,,,
spring2022,hjelle,7,hjelle7,,35,,,,,,,,,,,,
spring2022,ardal,1,ardal1,,2,2C,,,,0,0,,7,23,,,
